"TYPE","PRICE","BEDS","BATH","PROPERTYSQFT","STATE","MAIN_ADDRESS","LOCALITY","SUBLOCALITY","FORMATTED_ADDRESS","LATITUDE","LONGITUDE","PRICE_PER_SQFT"
"Condo for sale",315000,2,2,1400,"New York, NY 10022","2 E 55th St Unit 803New York, NY 10022","New York","Manhattan","Regis Residence, 2 E 55th St #803, New York, NY 10022, USA",40.761255,-73.9744834,225
"House for sale",260000,4,2,2015,"Staten Island, NY 10312","620 Sinclair AveStaten Island, NY 10312","New York","Richmond County","620 Sinclair Ave, Staten Island, NY 10312, USA",40.5418051,-74.1961086,129.032258064516
"House for sale",690000,5,2,4004,"Brooklyn, NY 11238","584 Park PlBrooklyn, NY 11238","New York","Kings County","584 Park Pl, Brooklyn, NY 11238, USA",40.6743632,-73.9587248,172.327672327672
"Condo for sale",899500,2,2,2184.207862,"New York, NY 10027","157 W 126th St Unit 1BNew York, NY 10027","New York County","New York","157 W 126th St #1b, New York, NY 10027, USA",40.809448,-73.946777,411.819779449178
"Co-op for sale",265000,1,1,750,"Bronx, NY 10473","875 Morrison Ave Apt 3MBronx, NY 10473","The Bronx","East Bronx","Parking lot, 875 Morrison Ave #3m, Bronx, NY 10473, USA",40.8215857,-73.8740892,353.333333333333
"Co-op for sale",440000,2,1,978,"Brooklyn, NY 11230","1350 Ocean Pkwy Apt 5GBrooklyn, NY 11230","Kings County","Brooklyn","1350 Ocean Pkwy #5g, Brooklyn, NY 11230, USA",40.6157378,-73.9696944,449.897750511247
"Co-op for sale",375000,2,1,850,"Bronx, NY 10451","800 Grand Concourse Apt 2JSBronx, NY 10451","Bronx County","The Bronx","800 Grand Concourse #2j, Bronx, NY 10451, USA",40.8248699,-73.9229829,441.176470588235
"Townhouse for sale",689000,3,2.37386085796844,1162,"Staten Island, NY 10303","456 Van Name AveStaten Island, NY 10303","New York","Richmond County","456 Van Name Ave, Staten Island, NY 10303, USA",40.6249962,-74.1553058,592.943201376936
"Co-op for sale",259000,3,1,2184.207862,"Jackson Heights, NY 11372","34-41 85th St Unit 1DJackson Heights, NY 11372","Queens County","Queens","34-41 85th St #1b, Flushing, NY 11372, USA",40.7531191,-73.8818757,118.578457895872
"Co-op for sale",430000,2,2,2184.207862,"Elmhurst, NY 11373","91-15 Lamont Ave Unit 6DElmhurst, NY 11373","Queens County","Queens","91-15 Lamont Ave #6d, Elmhurst, NY 11373, USA",40.7438639,-73.8745722,196.867710020174
"Co-op for sale",895000,3,1,2184.207862,"New York, NY 10014","61 Jane St Apt 6NNew York, NY 10014","New York County","New York","61 Jane St #6n, New York, NY 10014, USA",40.7382981,-74.0058899,409.759535972222
"Condo for sale",549000,2,2,1000,"Staten Island, NY 10312","4654 Amboy Rd Unit 2BStaten Island, NY 10312","Richmond County","Staten Island","4654 Amboy Rd #2b, Staten Island, NY 10312, USA",40.5406209,-74.1671632,549
"Townhouse for sale",975000,3,2,1734,"Woodside, NY 11377","28-31 Hobart StWoodside, NY 11377","New York","Queens County","28-31 Hobart St, Flushing, NY 11377, USA",40.7607676,-73.9056672,562.283737024221
"Co-op for sale",350000,1,1,700,"Bronx, NY 10471","5800 Arlington Ave Apt 21ABronx, NY 10471","Bronx County","The Bronx","5800 Arlington Ave Apt 21s, Bronx, NY 10471, USA",40.9073699,-73.9065578,500
"Condo for sale",599000,2,2,974,"Rego Park, NY 11374","92-29 Queens Blvd Unit 3HRego Park, NY 11374","Queens County","Queens","92-29 Queens Blvd #3h, Rego Park, NY 11374, USA",40.7324713,-73.8670804,614.989733059548
"House for sale",639999,3,2,1260,"Staten Island, NY 10301","27 Clove WayStaten Island, NY 10301","New York","Richmond County","27 Clove Way, Staten Island, NY 10301, USA",40.6207403,-74.1114362,507.935714285714
"Condo for sale",1300000,2,2,1244,"Forest Hills, NY 11375","10724 71st Rd Apt 9FForest Hills, NY 11375","Queens County","Queens","10724 71st Rd #9f, Forest Hills, NY 11375, USA",40.7202429,-73.8430513,1045.01607717042
"Multi-family home for sale",1100000,6,3,2837,"Bronx, NY 10465","1038 Throggs Neck Expy Unit SrBronx, NY 10465","New York","Bronx County","1038 Throgs Neck Expy, Bronx, NY 10465, USA",40.8343936,-73.8221101,387.733521325344
"Condo for sale",349900,1,1,651,"Staten Island, NY 10304","165 Cromwell Ave Apt 2BStaten Island, NY 10304","Richmond County","Staten Island","165 Cromwell Ave #2b, Staten Island, NY 10304, USA",40.5902064,-74.0958034,537.480798771121
"House for sale",750000,2,2,1330,"Staten Island, NY 10307","280 Loretto StStaten Island, NY 10307","New York","Richmond County","280 Loretto St, Staten Island, NY 10307, USA",40.5039785,-74.2396555,563.90977443609
"Multi-family home for sale",1690000,6,4,2200,"Briarwood, NY 11435","149-07 85 RdBriarwood, NY 11435","New York","Queens County","149-07 85th Rd, Jamaica, NY 11435, USA",40.710749,-73.809486,768.181818181818
"Co-op for sale",325000,1,1,2184.207862,"Queens, NY 11372","35-45 81st St Unit E1Queens, NY 11372","Queens County","Queens","35-45 81st St e1, Jackson Heights, NY 11372, USA",40.7505078,-73.8851355,148.79536222455
"Multi-family home for sale",2250000,12,2.37386085796844,5670,"Brooklyn, NY 11214","2361 81st StBrooklyn, NY 11214","United States","New York","2361 81st St, Brooklyn, NY 11214, USA",40.602654,-73.9869399,396.825396825397
"Co-op for sale",230000,1,1,2184.207862,"Jackson Heights, NY 11372","33-24 Junction Blvd Unit 6RJackson Heights, NY 11372","New York","Queens County","33-24 Junction Blvd, Jackson Heights, NY 11372, USA",40.7557689,-73.8734231,105.301333266605
"Multi-family home for sale",1299888,10,6,3156,"Staten Island, NY 10304","310-312 Hillside AveStaten Island, NY 10304","Richmond County","Staten Island","310 Hillside Ave #312, Staten Island, NY 10304, USA",40.6155667,-74.0869554,411.878326996198
"Multi-family home for sale",925000,5,2,2750,"Bronx, NY 10465","543 Hollywood AveBronx, NY 10465","New York","Bronx County","543 Hollywood Ave, Bronx, NY 10465, USA",40.8242389,-73.8173809,336.363636363636
"Condo for sale",329000,1,2,794,"Staten Island, NY 10314","47 Lynn CtStaten Island, NY 10314","New York","Richmond County","47 Lynn Ct, Staten Island, NY 10314, USA",40.6210398,-74.1504313,414.357682619647
"Multi-family home for sale",1300000,10,8,5040,"Staten Island, NY 10303","366 Union Ave Unit 4Staten Island, NY 10303","Richmond County","Staten Island","366 Union Ave #4, Staten Island, NY 10303, USA",40.6274381,-74.1581613,257.936507936508
"Multi-family home for sale",848000,5,4,2080,"Brooklyn, NY 11207","544 Hinsdale StBrooklyn, NY 11207","New York","Kings County","544 Hinsdale St, Brooklyn, NY 11207, USA",40.6615475,-73.898309,407.692307692308
"Co-op for sale",279000,1,1,750,"Brooklyn, NY 11230","1801 Ocean Ave Apt 4ABrooklyn, NY 11230","Kings County","Brooklyn","1801 Ocean Ave #4a, Brooklyn, NY 11230, USA",40.6179165,-73.9546305,372
"Condo for sale",528000,1,1,602,"Brooklyn, NY 11219","1238 63rd St Unit 432Brooklyn, NY 11219","Kings County","Brooklyn","1238 63rd St #432, Brooklyn, NY 11219, USA",40.6275896,-74.0016198,877.076411960133
"Multi-family home for sale",1299888,11,4,3156,"Staten Island, NY 10304","310-312 Hillside AveStaten Island, NY 10304","Richmond County","Staten Island","310 Hillside Ave #312, Staten Island, NY 10304, USA",40.6155667,-74.0869554,411.878326996198
"Co-op for sale",275000,1,1,2184.207862,"Flushing, NY 11355","44-55 Kissena Blvd Unit 5FFlushing, NY 11355","Queens County","Queens","44-55 Kissena Blvd #5f, Flushing, NY 11355, USA",40.7528774,-73.8211834,125.903768036158
"Condo for sale",1165000,1,1,815,"Brooklyn, NY 11249","338 Berry St Apt 4EBrooklyn, NY 11249","Kings County","Brooklyn","338 Berry St #4e, Brooklyn, NY 11249, USA",40.711969,-73.9649468,1429.44785276074
"Multi-family home for sale",1199000,6,5,3290,"Staten Island, NY 10307","10 Simon CtStaten Island, NY 10307","New York","Richmond County","10 Simon Ct, Staten Island, NY 10307, USA",40.5159256,-74.2361135,364.437689969605
"Multi-family home for sale",7e+05,6,2,3053,"Bronx, NY 10453","229 W Tremont Ave Unit ABronx, NY 10453","New York","Bronx County","229 W Tremont Ave, Bronx, NY 10453, USA",40.852813,-73.9176871,229.282672780871
"Multi-family home for sale",2150000,8,4,3200,"Brooklyn, NY 11204","2226 63rd StBrooklyn, NY 11204","New York","Kings County","2226 63rd St, Brooklyn, NY 11204, USA",40.614446,-73.9795824,671.875
"Multi-family home for sale",1280000,7,5,2460,"Woodhaven, NY 11421","86-05 91st AveWoodhaven, NY 11421","New York","Queens County","86-05 91st Ave, Jamaica, NY 11421, USA",40.688312,-73.856322,520.325203252033
"Co-op for sale",199900,1,1,2184.207862,"Bronx, NY 10451","828 Gerard Ave Apt 5FBronx, NY 10451","Bronx County","The Bronx","828 Gerard Ave #5f, Bronx, NY 10451, USA",40.8260352,-73.9256625,91.5205935651925
"Co-op for sale",369000,2,1,2184.207862,"Flushing, NY 11355","43-40 Union St Unit 3DFlushing, NY 11355","Queens County","Queens","43-40 Union St #3d, Flushing, NY 11355, USA",40.753455,-73.8209077,168.939965110335
"Multi-family home for sale",699000,4,3,1591,"Jamaica, NY 11435","111-31 141st StJamaica, NY 11435","New York","Queens County","111-31 141st St, Jamaica, NY 11435, USA",40.6847504,-73.8027331,439.346323067253
"Co-op for sale",4250000,3,2,2400,"Manhattan, NY 10012","123 Prince St Unit 1Manhattan, NY 10012","New York County","New York","123 Prince St Apt 1f, New York, NY 10012, USA",40.725464,-73.9999212,1770.83333333333
"Multi-family home for sale",825000,2,2,2184.207862,"Flushing, NY 11358","32-39 Jordan StFlushing, NY 11358","New York","Queens County","32-39 Jordan St, Flushing, NY 11358, USA",40.768457,-73.789417,377.711304108473
"Condo for sale",329000,2,1,837,"Staten Island, NY 10304","55 Austin Pl Apt 4LStaten Island, NY 10304","Richmond County","Staten Island","55 Austin Pl APT 4L, Staten Island, NY 10304, USA",40.6315346,-74.0856344,393.070489844683
"Multi-family home for sale",889000,2,2,1520,"Staten Island, NY 10314","17 S Greenleaf AveStaten Island, NY 10314","New York","Richmond County","17 S Greenleaf Ave, Staten Island, NY 10314, USA",40.6233188,-74.1259917,584.868421052632
"Multi-family home for sale",769000,2,2,2184.207862,"Richmond Hill South, NY 11419","101-55 112th StRichmond Hill South, NY 11419","New York","Queens County","101-55 112th St, South Richmond Hill, NY 11419, USA",40.6868333,-73.8309133,352.072718617474
"Multi-family home for sale",1200000,4,2,2536,"Brooklyn, NY 11214","66 Bay 22nd StBrooklyn, NY 11214","New York","Kings County","66 Bay 22nd St, Brooklyn, NY 11214, USA",40.6042861,-74.0012526,473.186119873817
"Co-op for sale",220500,2,1,900,"Staten Island, NY 10301","350 Richmond Ter Apt 3MStaten Island, NY 10301","Richmond County","Staten Island","350 Richmond Terrace Apt 3n, Staten Island, NY 10301, USA",40.6481488,-74.0847983,245
"Multi-family home for sale",1999000,3,3,2739,"Brooklyn, NY 11209","259 80th StBrooklyn, NY 11209","New York","Kings County","259 80th St, Brooklyn, NY 11209, USA",40.6281691,-74.0297598,729.8284045272
"Co-op for sale",3250000,2,2,1300,"New York, NY 10013","240 Centre St Unit 2MNew York, NY 10013","New York","Manhattan","The Police Building, 240 Centre St #2b, New York, NY 10013, USA",40.7199716,-73.9980266,2500
"Condo for sale",1650000,2,2,1267,"Brooklyn, NY 11231","473 Hicks St Apt 4Brooklyn, NY 11231","Kings County","Brooklyn","473 Hicks St APT 4, Brooklyn, NY 11231, USA",40.6866098,-73.9997131,1302.28887134964
"Multi-family home for sale",1049000,4,4,2554,"Staten Island, NY 10307","342 Manhattan StStaten Island, NY 10307","New York","Richmond County","342 Manhattan St, Staten Island, NY 10307, USA",40.5016233,-74.2417531,410.728269381363
"House for sale",998800,3,4,2400,"Staten Island, NY 10301","1191 Clove RdStaten Island, NY 10301","New York","Richmond County","1191 Clove Rd, Staten Island, NY 10301, USA",40.6175,-74.103996,416.166666666667
"House for sale",998800,3,4,2400,"Staten Island, NY 10301","Waldron AveStaten Island, NY 10301","United States","New York","Waldron Ave, Staten Island, NY 10301, USA",40.618648,-74.1019085,416.166666666667
"For sale",3150000,3,2,1952,"Brooklyn, NY 11217","184 Lincoln Pl Unit 2Brooklyn, NY 11217","Kings County","Brooklyn","184 Lincoln Pl #2, Brooklyn, NY 11217, USA",40.6754035,-73.9742051,1613.72950819672
"Co-op for sale",849000,1,1,2184.207862,"Manhattan, NY 10023","263 W End Ave Apt 14CManhattan, NY 10023","New York County","New York","263 West End Ave #14c, New York, NY 10023, USA",40.7802357,-73.9846328,388.699269318901
"Co-op for sale",559500,1,1,800,"Brooklyn, NY 11235","50 Brighton 1 Rd Unit 5HBrooklyn, NY 11235","Kings County","Brooklyn","50 Brighton 1st Rd #5h, Brooklyn, NY 11235, USA",40.5751942,-73.9669983,699.375
"Co-op for sale",750000,1,1,835,"New York, NY 10065","333 E 66th St Apt 8ENew York, NY 10065","New York County","New York","333 E 66th St #8e, New York, NY 10065, USA",40.7643711,-73.9593578,898.203592814371
"Condo for sale",1900000,2,2,1029,"New York, NY 10002","150 Rivington St Apt 3GNew York, NY 10002","New York County","New York","150 Rivington St #3g, New York, NY 10002, USA",40.7193408,-73.9856438,1846.45286686103
"Condo for sale",1250000,2,2,1201,"Brooklyn, NY 11218","1105 Cortelyou Rd # 301Brooklyn, NY 11218","Kings County","Brooklyn","1105 Cortelyou Rd #301, Brooklyn, NY 11218, USA",40.6400234,-73.9676099,1040.79933388843
"Condo for sale",1395000,2,2,1182,"Brooklyn, NY 11238","737 Bergen St Apt 1BBrooklyn, NY 11238","Kings County","Brooklyn","737 Bergen St #1b, Brooklyn, NY 11238, USA",40.6787789,-73.9643728,1180.20304568528
"Co-op for sale",198000,1,1,2184.207862,"Woodhaven, NY 11421","83-55 Woodhaven Blvd Unit 1AWoodhaven, NY 11421","Queens County","Queens","83-55 Woodhaven Blvd #1a, Woodhaven, NY 11421, USA",40.700309,-73.8535466,90.6507129860336
"Contingent",619888,3,2,1400,"Staten Island, NY 10306","35 Center PlStaten Island, NY 10306","New York","Richmond County","35 Center Pl, Staten Island, NY 10306, USA",40.5632116,-74.1002521,442.777142857143
"Multi-family home for sale",1489000,6,2.37386085796844,3780,"Staten Island, NY 10308","205 Wiman AveStaten Island, NY 10308","New York","Richmond County","205 Wiman Ave, Staten Island, NY 10308, USA",40.5395319,-74.1450877,393.915343915344
"Condo for sale",1595000,3,3,1413,"Brooklyn, NY 11221","924 Lafayette Ave Unit PhBrooklyn, NY 11221","New York","Kings County","924 Lafayette Ave, Brooklyn, NY 11221, USA",40.6915139,-73.935444,1128.80396319887
"Condo for sale",655000,3,2,803,"Brooklyn, NY 11237","1504 Jefferson Ave Unit GardenbBrooklyn, NY 11237","New York","Kings County","1504 Jefferson Ave, Brooklyn, NY 11237, USA",40.6967268,-73.9074036,815.691158156912
"Condo for sale",1175000,2,2,1115,"Brooklyn, NY 11221","924 Lafayette Ave Apt 2Brooklyn, NY 11221","Kings County","Brooklyn","924 Lafayette Ave #2, Brooklyn, NY 11221, USA",40.6915139,-73.935444,1053.81165919283
"Multi-family home for sale",2880000,9,2.37386085796844,2350,"Whitestone, NY 11357","16-33 166th StWhitestone, NY 11357","New York","Queens County","16-33 166th St, Flushing, NY 11357, USA",40.7832094,-73.7967588,1225.53191489362
"Multi-family home for sale",798000,3,4,2150,"Staten Island, NY 10305","425 Father Capodanno BlvdStaten Island, NY 10305","New York","Richmond County","425 Father Capodanno Blvd, Staten Island, NY 10305, USA",40.5874844,-74.0701056,371.162790697674
"Land for sale",1685000,3,2.37386085796844,2184.207862,"Ridgewood, NY 11385","519 Fairview AveRidgewood, NY 11385","New York","Queens County","519 Fairview Ave, Ridgewood, NY 11385, USA",40.7083434,-73.9081614,771.446724148821
"Land for sale",2550000,3,2.37386085796844,2184.207862,"Brooklyn, NY 11235","234 Ocean View AveBrooklyn, NY 11235","New York","Kings County","234 Ocean View Ave, Brooklyn, NY 11235, USA",40.5785288,-73.9655666,1167.47130360801
"Foreclosure",269000,5,2,2184.207862,"Rosedale, NY 11422","24149 148th DrRosedale, NY 11422","New York","Queens County","241-49 148th Dr, Jamaica, NY 11422, USA",40.6534433,-73.741373,123.156776733551
"Condo for sale",1650000,2,2,1065,"New York, NY 10128","200 E 94th St Apt 414New York, NY 10128","New York County","New York","200 E 94th St APT 414, New York, NY 10128, USA",40.7833546,-73.9499982,1549.29577464789
"Townhouse for sale",12950000,5,4,3344,"Manhattan, NY 10014","214 W 11th StManhattan, NY 10014","New York","New York County","214 W 11th St, New York, NY 10014, USA",40.7363219,-74.0018035,3872.60765550239
"Condo for sale",5750000,3,2,2223,"Manhattan, NY 10010","250 E 21st St Unit 12BManhattan, NY 10010","New York County","New York","250 E 21st St #12b, New York, NY 10010, USA",40.736608,-73.9822819,2586.59469185785
"Multi-family home for sale",250000,5,2,2184.207862,"Jamaica, NY 11436","130-24 150th StJamaica, NY 11436","New York","Queens County","130-24 150th St, Jamaica, NY 11436, USA",40.66911,-73.789339,114.457970941962
"Pending",950000,6,2.37386085796844,3384,"Jamaica, NY 11422","254-06 Craft Ave Unit 2Jamaica, NY 11422","Queens County","Queens","254-06 Craft Ave #2, Jamaica, NY 11422, USA",40.6499031,-73.7354706,280.732860520095
"House for sale",585000,3,2,1100,"Staten Island, NY 10306","192 Colfax AveStaten Island, NY 10306","New York","Richmond County","192 Colfax Ave, Staten Island, NY 10306, USA",40.5784263,-74.105437,531.818181818182
"House for sale",8750000,6,6,2184.207862,"Brooklyn, NY 11209","8200 Narrows AveBrooklyn, NY 11209","New York","Kings County","8200 Narrows Ave, Brooklyn, NY 11209, USA",40.6282935,-74.0379695,4006.02898296865
"House for sale",595000,3,1,1316,"Brooklyn, NY 11234","1509 E 48th StBrooklyn, NY 11234","New York","Kings County","1509 E 48th St, Brooklyn, NY 11234, USA",40.6239146,-73.9291226,452.127659574468
"Condo for sale",215000,1,1,625,"New York, NY 10012","195 Prince St Unit 1LLNew York, NY 10012","New York County","New York","195 Prince St #1r, New York, NY 10012, USA",40.7267732,-74.002538,344
"For sale",950000,1,1,621,"New York, NY 10025","The Rockwell # 3ANew York, NY 10025","New York","New York County","218 W 103rd St, New York, NY 10025, USA",40.7986579,-73.9679035,1529.79066022544
"House for sale",314000,3,1,1572,"Brooklyn, NY 11210","850 E 39th StBrooklyn, NY 11210","New York","Kings County","850 E 39th St, Brooklyn, NY 11210, USA",40.6362368,-73.939679,199.745547073791
"Condo for sale",395000,5,1,1000,"Manhattan, NY 10021","110 E 71st St Unit MedicalManhattan, NY 10021","New York","New York County","110 E 71st St, New York, NY 10021, USA",40.7700395,-73.9638872,395
"Multi-family home for sale",6e+05,2,2,2184.207862,"Bronx, NY 10465","1406 Mac Donough PlBronx, NY 10465","New York","Bronx County","1406 Mac Donough Pl, Bronx, NY 10465, USA",40.8429545,-73.8249591,274.699130260708
"Multi-family home for sale",790000,6,3,2520,"Staten Island, NY 10314","78 Mountainview AveStaten Island, NY 10314","New York","Richmond County","78 Mountainview Ave, Staten Island, NY 10314, USA",40.6105856,-74.1268175,313.492063492063
"Co-op for sale",539000,2,2,1100,"Brooklyn, NY 11209","9425 Shore Rd Apt 4FBrooklyn, NY 11209","Kings County","Brooklyn","9425 Shore Rd #4f, Brooklyn, NY 11209, USA",40.6170731,-74.0383836,490
"Co-op for sale",1295000,4,2,1995,"Bronx, NY 10463","2501 Palisade Ave Apt H2Bronx, NY 10463","Bronx County","The Bronx","2501 Palisade Ave #2, Bronx, NY 10463, USA",40.8809873,-73.9224337,649.122807017544
"House for sale",245000,3,1,2184.207862,"Bronx, NY 10469","2942 Lurting AveBronx, NY 10469","New York","Bronx County","2942 Lurting Ave, Bronx, NY 10469, USA",40.8690109,-73.8564445,112.168811523122
"House for sale",4e+05,7,3,2385,"Bronx, NY 10470","340 E 234th StBronx, NY 10470","New York","Bronx County","340 E 234th St, Bronx, NY 10470, USA",40.8969146,-73.8654984,167.714884696017
"Co-op for sale",280000,1,1,1000,"Brooklyn, NY 11209","8015 6th Ave Apt A1Brooklyn, NY 11209","Kings County","Brooklyn","8015 6th Ave Apt A1, Brooklyn, NY 11209, USA",40.6241766,-74.0216837,280
"House for sale",899000,3,2,1440,"Staten Island, NY 10309","40 Adelphi AveStaten Island, NY 10309","New York","Richmond County","40 Adelphi Ave, Staten Island, NY 10309, USA",40.5159004,-74.2314825,624.305555555556
"For sale",2280000,2,2,1400,"New York, NY 10025","The Rockwell # 6ENew York, NY 10025","New York","New York County","218 W 103rd St, New York, NY 10025, USA",40.7986579,-73.9679035,1628.57142857143
"Coming Soon",649000,4,3,2184.207862,"Brooklyn, NY 11231","194 Carroll StBrooklyn, NY 11231","New York","Kings County","194 Carroll St, Brooklyn, NY 11231, USA",40.6813429,-73.9981509,297.132892565332
"Pending",739000,6,4,2184.207862,"Brooklyn, NY 11229","38 Dare CtBrooklyn, NY 11229","New York","Kings County","38 Dare Ct, Brooklyn, NY 11229, USA",40.5877991,-73.9216187,338.337762104438
"House for sale",1495000,4,2.37386085796844,3000,"Staten Island, NY 10312","31 4th CtStaten Island, NY 10312","New York","Richmond County","31 4 Ct, Staten Island, NY 10312, USA",40.5247627,-74.1681035,498.333333333333
"House for sale",3950000,5,2,3528,"Brooklyn, NY 11215","591 4th StBrooklyn, NY 11215","New York","Kings County","591 4th St, Brooklyn, NY 11215, USA",40.6680619,-73.9748375,1119.61451247166
"Condo for sale",325000,2,1,979,"New York, NY 10029","122 E 102nd St Apt 5BNew York, NY 10029","New York County","New York","122 E 102nd St #5b, New York, NY 10029, USA",40.7897507,-73.9487257,331.97139938713
"Pending",299999,3,1,2184.207862,"New York, NY 10023","215 W 75th St Apt 4DNew York, NY 10023","New York County","New York","215 W 75th St #4d, New York, NY 10023, USA",40.7810583,-73.9808407,137.34910729847
"Townhouse for sale",2695000,6,5,4720,"New York, NY 10031","327 Convent AveNew York, NY 10031","New York","New York County","327 Convent Ave, New York, NY 10031, USA",40.8235127,-73.9467514,570.974576271186
"Pending",4800000,6,2.37386085796844,3958,"Brooklyn, NY 11228","1151 83rd StBrooklyn, NY 11228","New York","Kings County","1151 83rd St, Brooklyn, NY 11228, USA",40.6178184,-74.0151165,1212.73370389085
"House for sale",694000,3,3,1360,"Staten Island, NY 10308","364 Armstrong AveStaten Island, NY 10308","New York","Richmond County","364 Armstrong Ave, Staten Island, NY 10308, USA",40.5423126,-74.1555672,510.294117647059
"House for sale",688888,4,2,2846,"Bronx, NY 10467","761 S Oak DrBronx, NY 10467","New York","Bronx County","761 S Oak Dr, Bronx, NY 10467, USA",40.8726182,-73.8651768,242.054813773717
"House for sale",4e+05,4,2,1980,"Brooklyn, NY 11208","781 Sheperd AveBrooklyn, NY 11208","New York","Kings County","781 Shepherd Ave, Brooklyn, NY 11208, USA",40.665357,-73.8770867,202.020202020202
"Multi-family home for sale",346000,5,2,2184.207862,"Ozone Park, NY 11417","103-12 104th StOzone Park, NY 11417","New York","Queens County","103-12 104th St, Jamaica, NY 11417, USA",40.6837891,-73.8381042,158.409831783675
"House for sale",265000,3,1,2184.207862,"Springfield Gardens, NY 11413","135-38 224th StSpringfield Gardens, NY 11413","New York","Queens County","135-38 224th St, Jamaica, NY 11413, USA",40.67538,-73.7472571,121.325449198479
"House for sale",319000,3,2,1224,"Staten Island, NY 10306","57 Neutral AveStaten Island, NY 10306","New York","Richmond County","57 Neutral Ave, Staten Island, NY 10306, USA",40.5604695,-74.1018925,260.62091503268
"House for sale",1100000,9,4,3276,"New York, NY 10032","421 W 154th StNew York, NY 10032","New York","New York County","421 W 154th St, New York, NY 10032, USA",40.8307115,-73.9424229,335.775335775336
"Multi-family home for sale",309000,6,2,2184.207862,"Far Rockaway, NY 11691","2918 Brookhaven AveFar Rockaway, NY 11691","New York","Queens County","29-18 Brookhaven Ave, Far Rockaway, NY 11691, USA",40.5980695,-73.7632649,141.470052084264
"House for sale",650000,3,2,1522,"Bellerose, NY 11426","237-14 93rd RdBellerose, NY 11426","New York","Queens County","237-14 93rd Rd, Jamaica, NY 11426, USA",40.723245,-73.7293286,427.069645203679
"House for sale",799000,4,2,1975,"Staten Island, NY 10312","604 Lamont AveStaten Island, NY 10312","New York","Richmond County","604 Lamont Ave, Staten Island, NY 10312, USA",40.5387812,-74.193378,404.556962025316
"Co-op for sale",259000,3,2,1089,"Bronx, NY 10465","7E Edgewater Park Unit EBronx, NY 10465","New York","Bronx County","7C Edgewater Park, Bronx, NY 10465, USA",40.8246371,-73.8072061,237.832874196511
"House for sale",1195000,4,4,2704,"Staten Island, NY 10309","52 Indale AveStaten Island, NY 10309","New York","Richmond County","52 Indale Ave, Staten Island, NY 10309, USA",40.5143019,-74.2044734,441.937869822485
"Condo for sale",17500000,5,6,5499,"New York, NY 10007","37 Warren St Unit PhcdNew York, NY 10007","New York","New York County","37 Warren St, New York, NY 10007, USA",40.7143354,-74.0087443,3182.39679941808
"Condo for sale",189000,2,2,966,"Staten Island, NY 10305","20 Cliff St Apt 6DStaten Island, NY 10305","Richmond County","Staten Island","20 Cliff St #6b, Staten Island, NY 10305, USA",40.6109595,-74.060351,195.652173913043
"Condo for sale",759000,3,2,1200,"Bayside, NY 11360","206-04 Emily Rd Unit 37MBayside, NY 11360","Queens County","Queens","206-4 Emily Rd #37, Bayside, NY 11360, USA",40.7881763,-73.7877051,632.5
"House for sale",275000,4,1,2184.207862,"Brooklyn, NY 11210","579 E 29th StBrooklyn, NY 11210","New York","Kings County","579 E 29th St, Brooklyn, NY 11210, USA",40.6366859,-73.9488175,125.903768036158
"Condo for sale",499000,1,1,630,"Manhattan, NY 10021","157 E 72nd St Apt 8IManhattan, NY 10021","New York County","New York","157 E 72nd St #8i, New York, NY 10021, USA",40.7702318,-73.9610161,792.063492063492
"House for sale",1249000,3,2.37386085796844,2184.207862,"Bronx, NY 10463","3021 Arlington AveBronx, NY 10463","New York","Bronx County","3021 Arlington Ave, Bronx, NY 10463, USA",40.8822913,-73.9137305,571.83202282604
"Multi-family home for sale",1150000,12,6,5508,"Astoria, NY 11103","32-40 48 StAstoria, NY 11103","New York","Queens County","32-40 48th St, Long Island City, NY 11103, USA",40.755049,-73.9136386,208.78721859114
"Foreclosure",1749900,5,4,3740,"New York, NY 10031","517 W 142nd StNew York, NY 10031","New York","New York County","517 W 142nd St, New York, NY 10031, USA",40.824015,-73.9502067,467.887700534759
"Co-op for sale",1399000,3,4,1993,"Floral Park, NY 11005","269-10 Grand Central Pkwy Unit 21WFloral Park, NY 11005","Queens County","Queens","26910 Grand Central Pkwy Apt 21n, Queens, NY 11005, USA",40.7566899,-73.72075,701.9568489714
"Condo for sale",649000,3,2,1182,"Fresh Meadows, NY 11365","163-04 71st Ave Unit 122Fresh Meadows, NY 11365","Queens County","Queens","163-4 71st Ave #122, Fresh Meadows, NY 11365, USA",40.7302938,-73.8059248,549.06937394247
"House for sale",499000,5,2,1760,"Bronx, NY 10458","2774 Marion AveBronx, NY 10458","New York","Bronx County","2774 Marion Ave, Bronx, NY 10458, USA",40.8663864,-73.8878945,283.522727272727
"Multi-family home for sale",1050000,5,4,3132,"Bronx, NY 10465","2818 Miles AveBronx, NY 10465","New York","Bronx County","2818 Miles Ave, Bronx, NY 10465, USA",40.8176549,-73.8197053,335.249042145594
"Townhouse for sale",5e+06,10,9,6425,"Manhattan, NY 10024","137 W 80th StManhattan, NY 10024","New York","New York County","137 W 80th St, New York, NY 10024, USA",40.7832598,-73.976047,778.210116731517
"Townhouse for sale",650000,3,2.37386085796844,1638,"Bronx, NY 10465","1544 Ohm AveBronx, NY 10465","New York","Bronx County","1544 Ohm Ave, Bronx, NY 10465, USA",40.8454501,-73.8209766,396.825396825397
"Condo for sale",5e+05,4,3,1794,"New York, NY 10024","251 W 89th St Apt 6ENew York, NY 10024","New York County","New York","251 W 89th St #6e, New York, NY 10024, USA",40.7905714,-73.9753392,278.706800445931
"House for sale",350000,2,1,490,"Staten Island, NY 10306","750 Patterson AveStaten Island, NY 10306","New York","Richmond County","750 Patterson Ave, Staten Island, NY 10306, USA",40.5731273,-74.089182,714.285714285714
"House for sale",1099000,4,2,2184.207862,"Queens, NY 11697","204-34 9th AveQueens, NY 11697","New York","Queens County","204-34 9th Ave, Breezy Point, NY 11697, USA",40.5595612,-73.9147409,503.157240260863
"House for sale",839000,4,2,2184.207862,"Howard Beach, NY 11414","158-35 87th StHoward Beach, NY 11414","New York","Queens County","158-35 87th St, Jamaica, NY 11414, USA",40.6590909,-73.8451972,384.120950481223
"House for sale",659000,8,3,2184.207862,"Jamaica, NY 11435","148-05 111th AveJamaica, NY 11435","New York","Queens County","148-05 111th Ave, Jamaica, NY 11435, USA",40.688533,-73.796529,301.711211403011
"House for sale",399999,3,1,2184.207862,"Far Rockaway, NY 11691","178 Beach 24th StFar Rockaway, NY 11691","New York","Queens County","178 Beach 24th St, Far Rockaway, NY 11691, USA",40.5950021,-73.7577376,183.132295675255
"Condo for sale",250000,3,1,2184.207862,"Brooklyn, NY 11229","3105 Avenue V Apt 1FBrooklyn, NY 11229","Kings County","Brooklyn","3105 Ave V #1f, Brooklyn, NY 11229, USA",40.5997081,-73.9344974,114.457970941962
"For sale",1740000,2,2,1132,"New York, NY 10025","The Rockwell # 6HNew York, NY 10025","New York","New York County","218 W 103rd St, New York, NY 10025, USA",40.7986579,-73.9679035,1537.10247349823
"House for sale",650000,4,2,2244,"Cambria Heights, NY 11411","115115 220th StCambria Heights, NY 11411","New York","Queens County","115- 115 220th St, Cambria Heights, NY 11411, USA",40.6968706,-73.7390395,289.661319073084
"House for sale",1165000,3,4,3500,"Staten Island, NY 10309","67 Dexter AveStaten Island, NY 10309","New York","Richmond County","67 Dexter Ave, Staten Island, NY 10309, USA",40.5397292,-74.2155251,332.857142857143
"House for sale",729900,3,2,1150,"Staten Island, NY 10309","447 Vernon AveStaten Island, NY 10309","New York","Richmond County","447 Vernon Ave, Staten Island, NY 10309, USA",40.5302132,-74.1981906,634.695652173913
"House for sale",1880000,3,4,3150,"Brooklyn, NY 11224","3758 Bayview AveBrooklyn, NY 11224","New York","Kings County","3758 Bayview Ave, Brooklyn, NY 11224, USA",40.5805262,-74.0061062,596.825396825397
"Co-op for sale",449000,2,2,1549,"Floral Park, NY 11005","26910 Grand Central Pkwy Apt 22LFloral Park, NY 11005","Queens County","Queens","26910 Grand Central Pkwy #22l, Queens, NY 11005, USA",40.7577991,-73.7159564,289.864428663654
"House for sale",1175000,3,2,2250,"Rockaway Park, NY 11694","251 Beach 140th StRockaway Park, NY 11694","New York","Queens County","251 B 140 St, Rockaway Park, NY 11694, USA",40.57372,-73.8577786,522.222222222222
"Townhouse for sale",2750000,3,2,2184.207862,"New York, NY 10014","16 Gay StNew York, NY 10014","New York","New York County","16 Gay St, New York, NY 10014, USA",40.7336687,-74.000518,1259.03768036158
"House for sale",995000,3,2,2184.207862,"Howard Beach, NY 11414","159-03 83rd StHoward Beach, NY 11414","New York","Queens County","159-03 83rd St, Queens, NY 11414, USA",40.657686,-73.8489131,455.542724349007
"Condo for sale",2e+06,3,2,2000,"Manhattan, NY 10280","200 Rector Pl Unit 27EFManhattan, NY 10280","New York","Manhattan","Liberty Court, 200 Rector Pl #27e, New York, NY 10280, USA",40.7086444,-74.0161953,1000
"Townhouse for sale",1.5e+07,8,6,2184.207862,"Brooklyn, NY 11201","126 Pierrepont StBrooklyn, NY 11201","New York","Kings County","126 Pierrepont St, Brooklyn, NY 11201, USA",40.6948972,-73.9925741,6867.47825651769
"House for sale",2600000,5,4,3024,"Bayside, NY 11360","214-42 27th AveBayside, NY 11360","New York","Queens County","214-42 27th Ave, Flushing, NY 11360, USA",40.7780417,-73.7739629,859.78835978836
"Townhouse for sale",3500000,6,6,6000,"New York, NY 10031","51 Hamilton TerNew York, NY 10031","New York","New York County","51 Hamilton Terrace, New York, NY 10031, USA",40.8229141,-73.9460622,583.333333333333
"Co-op for sale",550000,1,1,2184.207862,"New York, NY 10024","609 Columbus Ave Apt 10INew York, NY 10024","New York County","New York","609 Columbus Ave #10j, New York, NY 10024, USA",40.7887084,-73.9700091,251.807536072315
"Pending",769000,3,4,2184.207862,"Staten Island, NY 10303","290 Lake AveStaten Island, NY 10303","New York","Richmond County","290 Lake Ave, Staten Island, NY 10303, USA",40.6291962,-74.1518654,352.072718617474
"House for sale",675000,3,2,2400,"Brooklyn, NY 11234","2519 Mill AveBrooklyn, NY 11234","New York","Kings County","2519 Mill Ave, Brooklyn, NY 11234, USA",40.610206,-73.91065,281.25
"House for sale",879000,4,2,1238,"Staten Island, NY 10309","48 Princewood AveStaten Island, NY 10309","New York","Richmond County","48 Princewood Ave, Staten Island, NY 10309, USA",40.5273247,-74.1983282,710.016155088853
"House for sale",918888,3,2,2184.207862,"East Elmhurst, NY 11369","30-36 88th StEast Elmhurst, NY 11369","New York","Queens County","30-36 88th St, Flushing, NY 11369, USA",40.760703,-73.880887,420.696224011669
"Townhouse for sale",2400000,4,2,1892,"Brooklyn, NY 11215","396 A 9th St Unit 2Brooklyn, NY 11215","New York","Kings County","396A 9th St, Brooklyn, NY 11215, USA",40.6674938,-73.9832146,1268.49894291755
"House for sale",1730000,6,2.37386085796844,3024,"Little Neck, NY 11362","45-12 244th StLittle Neck, NY 11362","New York","Queens County","45-12 244th St, Flushing, NY 11362, USA",40.765022,-73.7422005,572.089947089947
"Multi-family home for sale",425000,5,2,2184.207862,"Bronx, NY 10474","755 Coster StBronx, NY 10474","New York","Bronx County","755 Coster St, Bronx, NY 10474, USA",40.8159966,-73.8881001,194.578550601335
"House for sale",2500000,5,2.37386085796844,1450,"Flushing, NY 11354","33-02 Parsons BlvdFlushing, NY 11354","New York","Queens County","33-02 Parsons Blvd, Flushing, NY 11354, USA",40.7679673,-73.8246067,1724.13793103448
"House for sale",998000,4,4,2000,"Staten Island, NY 10307","336 Bethel AveStaten Island, NY 10307","New York","Richmond County","336 Bethel Ave, Staten Island, NY 10307, USA",40.515251,-74.235145,499
"House for sale",1195000,4,4,2688,"Staten Island, NY 10301","222 Hart BlvdStaten Island, NY 10301","New York","Richmond County","222 Hart Blvd, Staten Island, NY 10301, USA",40.6296431,-74.1005274,444.568452380952
"House for sale",1649000,3,2,2052,"Brooklyn, NY 11228","1217 84th StBrooklyn, NY 11228","New York","Kings County","1217 84th St, Brooklyn, NY 11228, USA",40.6164182,-74.0142443,803.606237816764
"House for sale",955000,4,4,2100,"Staten Island, NY 10312","82 Vineland AveStaten Island, NY 10312","New York","Richmond County","82 Vineland Ave, Staten Island, NY 10312, USA",40.551184,-74.1840649,454.761904761905
"Multi-family home for sale",949000,6,3,2184.207862,"Jamaica, NY 11436","117-37 141st StJamaica, NY 11436","New York","Queens County","11737 141st St, Jamaica, NY 11436, USA",40.677393,-73.800094,434.482457695686
"House for sale",880000,3,2,1743,"Flushing, NY 11358","190-16 33rd AveFlushing, NY 11358","New York","Queens County","190-16 33rd Ave, Flushing, NY 11358, USA",40.7668312,-73.7911175,504.876649454963
"Townhouse for sale",1250000,8,2.37386085796844,2184.207862,"New York, NY 10022","246 E 58th St # ThNew York, NY 10022","New York","New York County","246 E 58th St, New York, NY 10022, USA",40.7600248,-73.9653546,572.289854709808
"Contingent",899999,3,2,1784,"Staten Island, NY 10306","61 Prescott AveStaten Island, NY 10306","New York","Richmond County","61 Prescott Ave, Staten Island, NY 10306, USA",40.5788586,-74.11209,504.483744394619
"Condo for sale",198000,1,1,750,"Queens, NY 11415","118-18 Union Tpke Unit 7DQueens, NY 11415","Queens County","Queens","11818 Union Tpke Apt 7l, Kew Gardens, NY 11415, USA",40.7127599,-73.83433,264
"House for sale",549000,5,3,496,"Bronx, NY 10469","2808 Wickham AveBronx, NY 10469","New York","Bronx County","2808 Wickham Ave, Bronx, NY 10469, USA",40.8679701,-73.836565,1106.85483870968
"House for sale",1088888,3,4,1320,"Brooklyn, NY 11204","1568 W 2nd StBrooklyn, NY 11204","New York","Kings County","1568 W 2nd St, Brooklyn, NY 11204, USA",40.6090909,-73.9762651,824.915151515151
"House for sale",888000,4,2,2686,"Bronx, NY 10465","3079 Giegerich PlBronx, NY 10465","New York","Bronx County","3079 Giegerich Pl, Bronx, NY 10465, USA",40.8130775,-73.8063357,330.60312732688
"House for sale",1449999,3,2,2184.207862,"Long Island City, NY 11105","21-89 47th StLong Island City, NY 11105","New York","Queens County","21-89 47th St, Astoria, NY 11105, USA",40.7697773,-73.9014478,663.855773631493
"Townhouse for sale",14900000,5,5,2184.207862,"New York, NY 10023","45 W 70th StNew York, NY 10023","New York","New York County","45 W 70th St, New York, NY 10023, USA",40.7758194,-73.9785263,6821.69506814091
"Coming Soon",1695000,5,2,2250,"Ny, NY 11221","871 Putnam AveNy, NY 11221","New York","Kings County","871 Putnam Ave, Brooklyn, NY 11221, USA",40.686947,-73.9261885,753.333333333333
"House for sale",2499000,5,2.37386085796844,4100,"Forest Hills, NY 11375","152 Whitson StForest Hills, NY 11375","New York","Queens County","152 Whitson St, Forest Hills, NY 11375, USA",40.7107701,-73.8406935,609.512195121951
"Townhouse for sale",1970000,4,4,2508,"Brooklyn, NY 11201","59 Duffield StBrooklyn, NY 11201","New York","Kings County","59 Duffield St, Brooklyn, NY 11201, USA",40.6965326,-73.9839654,785.48644338118
"Co-op for sale",1895000,2,2,2184.207862,"Brooklyn, NY 11215","905 Union St Apt 1Brooklyn, NY 11215","Kings County","Brooklyn","905 Union St Apartment 1, Brooklyn, NY 11215, USA",40.673976,-73.973535,867.591419740069
"House for sale",689000,3,2.37386085796844,1248,"Staten Island, NY 10314","46 Kirshon AveStaten Island, NY 10314","New York","Richmond County","46 Kirshon Ave, Staten Island, NY 10314, USA",40.6137764,-74.1600305,552.083333333333
"House for sale",649999,3,2,1440,"Staten Island, NY 10305","219 Slater BlvdStaten Island, NY 10305","New York","Richmond County","219 Slater Blvd, Staten Island, NY 10305, USA",40.5803331,-74.0885167,451.388194444444
"House for sale",669000,3,2,864,"Staten Island, NY 10304","74 Holly StStaten Island, NY 10304","New York","Richmond County","74 Holly St, Staten Island, NY 10304, USA",40.5993523,-74.0953882,774.305555555556
"House for sale",8e+05,3,2,825,"Brooklyn, NY 11234","1485 E 53rd StBrooklyn, NY 11234","New York","Kings County","1485 E 53rd St, Brooklyn, NY 11234, USA",40.6222734,-73.924094,969.69696969697
"Co-op for sale",2375000,1,2,2184.207862,"Manhattan, NY 10012","10 Bleecker St Apt 5DManhattan, NY 10012","New York County","New York","10 Bleecker St #5b, New York, NY 10012, USA",40.7252187,-73.9929764,1087.35072394863
"For sale",2400000,6,6,6688,"Brooklyn, NY 11216","726 Nostrand AveBrooklyn, NY 11216","New York","Kings County","726 Nostrand Ave., Brooklyn, NY 11216, USA",40.6738566,-73.9506085,358.851674641148
"House for sale",390000,2,1,586,"Staten Island, NY 10306","231 Freeborn StStaten Island, NY 10306","New York","Richmond County","231 Freeborn St, Staten Island, NY 10306, USA",40.574103,-74.0931668,665.529010238908
"Condo for sale",2250000,1,1,2184.207862,"Manhattan, NY 10014","302 W 12th St Apt 7FManhattan, NY 10014","New York County","New York","302 W 12th St APT 7A, New York, NY 10014, USA",40.737308,-74.0046666,1030.12173847765
"House for sale",1450000,4,2.37386085796844,2700,"Staten Island, NY 10312","308 Poillon AveStaten Island, NY 10312","New York","Richmond County","308 Poillon Ave, Staten Island, NY 10312, USA",40.5273093,-74.1753435,537.037037037037
"Condo for sale",725000,2,2,792,"Brooklyn, NY 11207","627 Wilson Ave Apt 3Brooklyn, NY 11207","Kings County","Brooklyn","627 Wilson Ave #3, Brooklyn, NY 11207, USA",40.6898164,-73.9062474,915.40404040404
"Co-op for sale",269000,1,1,2184.207862,"Bronx, NY 10471","4901 Henry Hudson Pkwy W Apt 5FBronx, NY 10471","Bronx County","The Bronx","4901 Henry Hudson Pkwy W #5f, Bronx, NY 10471, USA",40.8968048,-73.9087471,123.156776733551
"Co-op for sale",695000,2,2,2184.207862,"Manhattan, NY 10065","575 Park Ave Unit 1101Manhattan, NY 10065","New York County","New York","575 Park Ave # 1101, New York, NY 10065, USA",40.7651716,-73.9678719,318.193159218653
"House for sale",1300000,3,2,2184.207862,"Bronx, NY 10473","246 Newman AveBronx, NY 10473","New York","Bronx County","246 Newman Ave, Bronx, NY 10473, USA",40.8109146,-73.853921,595.1814488982
"Co-op for sale",459000,3,2,1250,"Brooklyn, NY 11214","2475 W 16th St Apt 19HBrooklyn, NY 11214","New York","Kings County","2475 W 16th St #19h, Brooklyn, NY 11214, USA",40.5866482,-73.9845156,367.2
"House for sale",689999,3,2,1008,"Staten Island, NY 10302","596 College AveStaten Island, NY 10302","New York","Richmond County","596 College Ave, Staten Island, NY 10302, USA",40.621814,-74.1406264,684.522817460317
"Co-op for sale",425000,3,2,1405,"Corona, NY 11368","58-03 Calloway St Unit 2P2Corona, NY 11368","New York","Queens County","58-03 Calloway St, Corona, NY 11368, USA",40.7381853,-73.8581248,302.491103202847
"House for sale",1e+07,5,4,6800,"New York, NY 10065","166 E 64th StNew York, NY 10065","New York","New York County","166 E 64th St, New York, NY 10065, USA",40.764989,-73.9655331,1470.58823529412
"Co-op for sale",1525000,2,2,2184.207862,"New York, NY 10024","67 Riverside Dr Apt 1CNew York, NY 10024","New York County","New York","67 Riverside Dr #1c, New York, NY 10024, USA",40.784623,-73.9826586,698.193622745966
"Multi-family home for sale",1499000,9,6,3519,"Brooklyn, NY 11223","2619 Shore PkwyBrooklyn, NY 11223","New York","Kings County","2619 Shore Pkwy, Brooklyn, NY 11223, USA",40.583514,-73.9738903,425.973287865871
"House for sale",519000,3,2,1480,"Staten Island, NY 10314","62 Simmons LnStaten Island, NY 10314","New York","Richmond County","62 Simmons Ln, Staten Island, NY 10314, USA",40.5939378,-74.1843153,350.675675675676
"Co-op for sale",358000,2,1,2184.207862,"Bayside, NY 11360","212-79 16 Ave Unit 183Bayside, NY 11360","Queens County","Queens","212- 79 16th Ave #183, Bayside, NY 11360, USA",40.7855174,-73.7797613,163.903814388889
"Co-op for sale",975000,3,1,2184.207862,"Manhattan, NY 10011","360 W 22nd St Apt 9JManhattan, NY 10011","New York County","New York","360 W 22nd St #9j, New York, NY 10011, USA",40.7455051,-74.0016003,446.38608667365
"Co-op for sale",498000,2,1,975,"Brooklyn, NY 11209","138 71st St Apt E10Brooklyn, NY 11209","Kings County","Brooklyn","138 71st St Apt E10, Brooklyn, NY 11209, USA",40.6351164,-74.0311609,510.769230769231
"Co-op for sale",385000,1,2,900,"Bayside, NY 11360","1805 215th St Apt 4SBayside, NY 11360","Queens County","Queens","1805 215th St Apt 4n, Bayside, NY 11360, USA",40.7839299,-73.77643,427.777777777778
"Multi-family home for sale",999000,6,2,3144,"Bronx, NY 10462","851 Van Nest AveBronx, NY 10462","New York","Bronx County","851 Van Nest Ave, Bronx, NY 10462, USA",40.8451067,-73.8601577,317.748091603053
"Co-op for sale",399000,1,1,2184.207862,"Jackson Heights, NY 11372","34-41 85th St Unit 3UJackson Heights, NY 11372","Queens County","Queens","34-41 85th St #3a, Flushing, NY 11372, USA",40.7531191,-73.8818757,182.674921623371
"Contingent",599000,4,4,2800,"Staten Island, NY 10308","77 Harbour CtStaten Island, NY 10308","New York","Richmond County","77 Harbour Ct, Staten Island, NY 10308, USA",40.5387352,-74.1423893,213.928571428571
"House for sale",829888,4,2.37386085796844,1800,"Staten Island, NY 10309","70 Savo LoopStaten Island, NY 10309","United States","New York","70 Savo Loop, Staten Island, NY 10309, USA",40.521278,-74.2230351,461.048888888889
"Townhouse for sale",699998,3,2,1548,"Staten Island, NY 10314","159 Freedom AveStaten Island, NY 10314","New York","Richmond County","159 Freedom Ave, Staten Island, NY 10314, USA",40.5953144,-74.1628286,452.195090439276
"Co-op for sale",1088000,5,2,2184.207862,"Forest Hills, NY 11375","20 Continental Ave Unit 5EFForest Hills, NY 11375","Queens County","Queens","20 Continental Ave #5f, Flushing, NY 11375, USA",40.7186003,-73.8453488,498.121089539417
"House for sale",999000,6,2,1280,"Bronx, NY 10475","3426 Boller AveBronx, NY 10475","New York","Bronx County","3426 Boller Ave, Bronx, NY 10475, USA",40.8808173,-73.8350832,780.46875
"Multi-family home for sale",1188888,15,9,2184.207862,"Ridgewood, NY 11385","677 Grandview AveRidgewood, NY 11385","New York","Queens County","677 Grandview Ave, Queens, NY 11385, USA",40.7075546,-73.9036964,544.310832628987
"Co-op for sale",265000,1,1,700,"Bayside, NY 11360","23-45 Bell Blvd Unit 5KBayside, NY 11360","Queens County","Queens","2345 Bell Blvd Apt 5f, Bayside, NY 11360, USA",40.7824499,-73.7765099,378.571428571429
"Co-op for sale",288000,1,1,845,"Brooklyn, NY 11235","3901 Nostrand Ave Apt 4CBrooklyn, NY 11235","Kings County","Brooklyn","3901 Nostrand Ave. #4c, Brooklyn, NY 11235, USA",40.5894827,-73.9395372,340.828402366864
"Co-op for sale",999995,3,2,1750,"Manhattan, NY 10065","205 E 63rd St Unit 11EFManhattan, NY 10065","New York County","New York","205 E 63rd St #11e, New York, NY 10065, USA",40.7640501,-73.964336,571.425714285714
"Co-op for sale",1495000,2,2,1350,"New York, NY 10021","200 E 74th St Apt 6BNew York, NY 10021","New York County","New York","200 E 74th St #6b, New York, NY 10021, USA",40.7708195,-73.9595235,1107.40740740741
"Co-op for sale",925000,1,1,1000,"New York, NY 10021","235 E 73rd St # 4BNew York, NY 10021","New York County","New York","235 E 73rd St #4b, New York, NY 10021, USA",40.7699425,-73.9583558,925
"Co-op for sale",349000,2,1,2184.207862,"Kew Gardens, NY 11415","84-70 129 St N Unit 5UKew Gardens, NY 11415","Queens County","Queens","84-70 129th St #5u, Jamaica, NY 11415, USA",40.7050355,-73.8241699,159.783327434978
"Condo for sale",2e+06,4,4,3000,"New York, NY 10022","444 E 57th St Apt 2DNew York, NY 10022","New York County","New York","444 E 57th St #2d, New York, NY 10022, USA",40.7573479,-73.9614914,666.666666666667
"Condo for sale",839000,3,2,1376,"Brooklyn, NY 11214","8895 26th Ave Apt 5ABrooklyn, NY 11214","New York","Kings County","8895 26th Ave #5a, Brooklyn, NY 11214, USA",40.5905451,-73.9910402,609.738372093023
"Co-op for sale",329000,1,1,820,"Forest Hills, NY 11375","111-39 76th Rd Unit E6Forest Hills, NY 11375","Queens County","Queens","11139 76th Rd Apt E6, Forest Hills, NY 11375, USA",40.7157399,-73.83672,401.219512195122
"Multi-family home for sale",899000,6,3,3683,"Bronx, NY 10469","948 E 217th StBronx, NY 10469","New York","Bronx County","948 E 217th St, Bronx, NY 10469, USA",40.8796143,-73.856153,244.094488188976
"House for sale",615000,3,2,2184.207862,"Brownville, NY 11212","534 Powell StBrownville, NY 11212","New York","Kings County","534 Powell St, Brooklyn, NY 11212, USA",40.6610456,-73.9019953,281.566608517225
"Condo for sale",8e+05,2,2,1257,"New York, NY 10029","309 E 108th St Apt 5FNew York, NY 10029","New York County","New York","309 E 108th St #5f, New York, NY 10029, USA",40.7917785,-73.9406204,636.435958631663
"Condo for sale",430000,2,2,1248,"Staten Island, NY 10314","527 Willow Rd E Unit 2Staten Island, NY 10314","Richmond County","Staten Island","527 Willow Rd E #2, Staten Island, NY 10314, USA",40.6123868,-74.1511288,344.551282051282
"Contingent",499000,3,2,1288,"Staten Island, NY 10314","625 Goethals Rd NStaten Island, NY 10314","New York","Richmond County","625 Goethals Rd N, Staten Island, NY 10314, USA",40.6166867,-74.1576647,387.422360248447
"Co-op for sale",439500,3,2,1400,"Kew Gardens, NY 11415","83-80 118th St Unit 3OKew Gardens, NY 11415","Queens County","Queens","83-80 118th St #3a, Queens, NY 11415, USA",40.7047878,-73.8344551,313.928571428571
"Co-op for sale",299000,1,1,2184.207862,"Kew Gardens, NY 11415","118-18 Union Tpke Unit 17GKew Gardens, NY 11415","Queens County","Queens","118-18 Union Tpke #17g, Kew Gardens, NY 11415, USA",40.7123992,-73.8339305,136.891733246586
"House for sale",2580000,8,2.37386085796844,6493,"Staten Island, NY 10304","60 Lyman PlStaten Island, NY 10304","New York","Richmond County","60 Lyman Pl, Staten Island, NY 10304, USA",40.6050685,-74.0969483,397.350993377483
"Condo for sale",2e+05,1,1,613,"Bronx, NY 10462","1700 Metropolitan Ave Apt MhBronx, NY 10462","New York","Bronx County","1700 Metropolitan Ave, Bronx, NY 10462, USA",40.840459,-73.8542045,326.26427406199
"Co-op for sale",425000,3,1,2184.207862,"New York, NY 10031","504 W 135th St Apt 1BNew York, NY 10031","New York County","New York","504 W 135th St #1b, New York, NY 10031, USA",40.8189893,-73.953108,194.578550601335
"Condo for sale",1995000,3,2,1546,"New York, NY 10025","272 W 107th St Apt 8DNew York, NY 10025","New York County","New York","272 W 107th St #8d, New York, NY 10025, USA",40.8018548,-73.9672877,1290.42690815006
"Co-op for sale",230000,1,1,620,"Manhattan, NY 10025","255 W 108th St Apt 1FManhattan, NY 10025","New York County","New York","255 W 108th St #1b, New York, NY 10025, USA",40.8028416,-73.9670229,370.967741935484
"Co-op for sale",220000,1,1,590,"Briarwood, NY 11435","82-35 134th St Unit 2DBriarwood, NY 11435","Queens County","Queens","82-35 134th St #2d, Jamaica, NY 11435, USA",40.7130136,-73.8230375,372.881355932203
"Co-op for sale",198000,3,1,2184.207862,"Flushing, NY 11355","42-40 Bowne St Unit 6FFlushing, NY 11355","Queens County","Queens","42-40 Bowne St #6f, Flushing, NY 11355, USA",40.756144,-73.8213672,90.6507129860336
"Co-op for sale",1495000,1,2,2184.207862,"Manhattan, NY 10010","48 Gramercy Park N Apt 1BManhattan, NY 10010","New York County","New York","48 Gramercy Park N #1b, New York, NY 10010, USA",40.7382884,-73.9851838,684.45866623293
"Co-op for sale",475000,1,1,615,"New York, NY 10128","520 E 90th St Apt 1LNew York, NY 10128","New York County","New York","520 E 90th St #1b, New York, NY 10128, USA",40.7779975,-73.9445342,772.357723577236
"Co-op for sale",199900,2,1,2184.207862,"Rosedale, NY 11422","234-04 131 Ave Unit 2Rosedale, NY 11422","Queens County","Queens","234-4 131st Ave #2, Rosedale, NY 11422, USA",40.6779049,-73.733881,91.5205935651925
"House for sale",1150000,2,2,1444,"Staten Island, NY 10304","91 Flagg CtStaten Island, NY 10304","New York","Richmond County","91 Flagg Ct, Staten Island, NY 10304, USA",40.5882505,-74.1087291,796.398891966759
"House for sale",1575000,3,2,2184.207862,"Brooklyn, NY 11215","530 4th StBrooklyn, NY 11215","New York","Kings County","530 4th St, Brooklyn, NY 11215, USA",40.6683947,-73.9762195,721.085216934358
"Co-op for sale",229000,1,1,2184.207862,"Jackson Heights, NY 11372","33-05 92nd St Unit 1BJackson Heights, NY 11372","Queens County","Queens","33-05 92nd St #1b, Jackson Heights, NY 11372, USA",40.7562792,-73.8758052,104.843501382837
"For sale",2700000,8,4,2184.207862,"Brooklyn, NY 11205","122 Willoughby AveBrooklyn, NY 11205","New York","Kings County","122 Willoughby Ave, Brooklyn, NY 11205, USA",40.6914843,-73.9676428,1236.14608617318
"Condo for sale",320000,2,2,936,"Bronx, NY 10473","1860 Story Ave Unit 36CBronx, NY 10473","Bronx County","The Bronx","1860 Story Ave # 36-B, Bronx, NY 10473, USA",40.8236857,-73.8611313,341.880341880342
"Co-op for sale",295000,2,1,700,"Brooklyn, NY 11230","1275 E 5th St Apt 6ABrooklyn, NY 11230","Kings County","Brooklyn","1275 E 5th St #6a, Brooklyn, NY 11230, USA",40.6196386,-73.9707307,421.428571428571
"House for sale",550000,3,2,2184.207862,"Brooklyn, NY 11203","4211 Snyder AveBrooklyn, NY 11203","New York","Kings County","4211 Snyder Ave, Brooklyn, NY 11203, USA",40.6498755,-73.9375091,251.807536072315
"Condo for sale",285000,2,1,1000,"Bronx, NY 10462","1439 Metropolitan Ave Apt 6ABronx, NY 10462","Bronx County","The Bronx","1439 Metropolitan Ave #6a, Bronx, NY 10462, USA",40.8362269,-73.8612346,285
"Co-op for sale",328000,1,1,800,"Elmhurst, NY 11373","83-30 Vietor Ave Unit 414Elmhurst, NY 11373","Queens County","Queens","8330 Vietor Ave Apartment 414, Flushing, NY 11373, USA",40.743059,-73.880983,410
"Multi-family home for sale",1388000,4,3,2184.207862,"Flushing, NY 11358","25-02 169th StFlushing, NY 11358","New York","Queens County","25-02 169th St, Flushing, NY 11358, USA",40.774158,-73.7957477,635.470654669771
"Multi-family home for sale",3e+06,10,10,2184.207862,"Brooklyn Heights, NY 11201","120 Pierrepont StBrooklyn Heights, NY 11201","New York","Kings County","120 Pierrepont St, Brooklyn, NY 11201, USA",40.6949321,-73.9928542,1373.49565130354
"Multi-family home for sale",2198888,7,6,2184.207862,"Ridgewood, NY 11385","662 Seneca AveRidgewood, NY 11385","New York","Queens County","662 Seneca Ave, Ridgewood, NY 11385, USA",40.7032697,-73.9088462,1006.72103523451
"Multi-family home for sale",650000,6,2,2310,"Bronx, NY 10473","936 Taylor AveBronx, NY 10473","New York","Bronx County","936 Taylor Ave, Bronx, NY 10473, USA",40.8244358,-73.8633737,281.385281385281
"Condo for sale",1100000,1,2,890,"New York, NY 10036","247 W 46th St Apt 1506New York, NY 10036","New York County","New York","247 W 46th St APT 1506, New York, NY 10036, USA",40.7598542,-73.9874427,1235.95505617978
"Townhouse for sale",2649000,5,4,4050,"Brooklyn, NY 11216","282 Macon StBrooklyn, NY 11216","New York","Kings County","282 Macon St, Brooklyn, NY 11216, USA",40.6820924,-73.9393924,654.074074074074
"Co-op for sale",849000,2,1,800,"Brooklyn, NY 11215","299 13th St Apt 3DBrooklyn, NY 11215","Kings County","Brooklyn","299 13th St #3d, Brooklyn, NY 11215, USA",40.6662599,-73.9870141,1061.25
"For sale",6500000,2,2,2184.207862,"New York, NY 10028","995 Fifth Ave Apt 11NNew York, NY 10028","New York County","New York","995 5th Ave #11b, New York, NY 10028, USA",40.778004,-73.962547,2975.907244491
"Co-op for sale",560000,3,1,550,"New York, NY 10023","165 W End Ave Apt 16CNew York, NY 10023","New York County","New York","165 West End Ave #16c, New York, NY 10023, USA",40.777244,-73.9868738,1018.18181818182
"Co-op for sale",418888,2,1,900,"Brooklyn, NY 11219","946 59th St Apt 4BBrooklyn, NY 11219","Kings County","Brooklyn","946 59th St #4b, Brooklyn, NY 11219, USA",40.6339124,-74.0058434,465.431111111111
"Multi-family home for sale",2600000,3,3,3978,"Brooklyn, NY 11228","99 Bay 11th StBrooklyn, NY 11228","New York","Kings County","99 Bay 11th St, Brooklyn, NY 11228, USA",40.6083914,-74.0100209,653.59477124183
"Multi-family home for sale",899000,8,2,2160,"Bronx, NY 10469","3214 Seymour AveBronx, NY 10469","New York","Bronx County","3214 Seymour Ave, Bronx, NY 10469, USA",40.8728082,-73.8469489,416.203703703704
"Multi-family home for sale",979000,8,3,2860,"Brooklyn, NY 11212","309 E 96th StBrooklyn, NY 11212","New York","Kings County","309 E 96th St, Brooklyn, NY 11212, USA",40.6597134,-73.9195979,342.307692307692
"Co-op for sale",199000,1,1,2184.207862,"Forest Hills, NY 11375","67-38 108 St Unit D5Forest Hills, NY 11375","Queens County","Queens","6738 108th St Apt D5, Forest Hills, NY 11375, USA",40.7282899,-73.8472,91.1085448698014
"For sale",815000,3,1,2184.207862,"New York, NY 10017","310 E 46th St Apt 6SNew York, NY 10017","New York County","New York","310 E 46th St #6d, New York, NY 10017, USA",40.751918,-73.9698335,373.132985270795
"Condo for sale",1025000,1,1,800,"New York, NY 10075","460 E 79th St Apt 9FNew York, NY 10075","New York County","New York","460 E 79th St #9f, New York, NY 10075, USA",40.7712538,-73.950858,1281.25
"Condo for sale",1375000,1,2,920,"Manhattan, NY 10065","188 E 64th St Apt 802Manhattan, NY 10065","New York County","New York","188 E 64th St APT 802, New York, NY 10065, USA",40.7645034,-73.9648503,1494.5652173913
"Condo for sale",875000,3,2,1437,"New York, NY 10033","105 Bennett Ave Apt 21ANew York, NY 10033","New York County","New York","105 Bennett Ave #21a, New York, NY 10033, USA",40.8539526,-73.9345678,608.907446068198
"Multi-family home for sale",1350000,6,3,3000,"Brooklyn, NY 11235","2535 E 24th StBrooklyn, NY 11235","New York","Kings County","2535 E 24th St, Brooklyn, NY 11235, USA",40.5902653,-73.9455056,450
"For sale",989000,7,3,2184.207862,"Brooklyn, NY 11236","1408 Remsen AveBrooklyn, NY 11236","New York","Kings County","1408 Remsen Ave, Brooklyn, NY 11236, USA",40.6360957,-73.9018295,452.7957330464
"Multi-family home for sale",815156,4,4,2945,"Staten Island, NY 10310","156 Davis AveStaten Island, NY 10310","New York","Richmond County","156 Davis Ave, Staten Island, NY 10310, USA",40.6402659,-74.110402,276.793208828523
"Multi-family home for sale",1949000,3,5,2560,"Brooklyn, NY 11235","11 Brighton 10th PathBrooklyn, NY 11235","New York","Kings County","11 Brighton 10th Path, Brooklyn, NY 11235, USA",40.5813374,-73.9589282,761.328125
"Multi-family home for sale",669000,5,2,1893,"Far Rockaway, NY 11691","418 Beach 37th StFar Rockaway, NY 11691","New York","Queens County","418 Beach 37th St, Far Rockaway, NY 11691, USA",40.5967151,-73.7696424,353.407290015848
"Multi-family home for sale",900500,4,2,2184.207862,"Brooklyn, NY 11236","10716 Avenue JBrooklyn, NY 11236","New York","Kings County","10716 Avenue J, Brooklyn, NY 11236, USA",40.6468871,-73.8907758,412.277611332946
"Co-op for sale",1465000,3,3,2184.207862,"New York, NY 10021","215 E 73rd St Unit 4ANew York, NY 10021","New York County","New York","215 E 73rd St #4a, New York, NY 10021, USA",40.7701914,-73.9590118,670.723709719895
"For sale",899000,3,1,1100,"New York, NY 10036","529 W 42nd St Apt 2GNew York, NY 10036","New York County","New York","529 W 42nd St #2g, New York, NY 10036, USA",40.7604194,-73.9968086,817.272727272727
"Condo for sale",1100000,1,1,726,"Manhattan, NY 10006","88 Greenwich St Apt 2307Manhattan, NY 10006","New York County","New York","88 Greenwich St APT 2307, New York, NY 10006, USA",40.7078844,-74.0140879,1515.15151515152
"Multi-family home for sale",1199000,6,5,2184.207862,"Howard Beach, NY 11414","151-42 82nd StHoward Beach, NY 11414","New York","Queens County","151-42 82nd St, Jamaica, NY 11414, USA",40.6662035,-73.8525027,548.940428637648
"For sale",325000,2,1,2184.207862,"New York, NY 10025","12 W 107th St Apt 2BNew York, NY 10025","New York County","New York","12 W 107th St #2b, New York, NY 10025, USA",40.7989043,-73.9604812,148.79536222455
"Multi-family home for sale",599000,4,3,1176,"Staten Island, NY 10303","3100 Richmond TerStaten Island, NY 10303","United States","New York","3100 Richmond Terrace, Staten Island, NY 10303, USA",40.638069,-74.1627747,509.353741496599
"Multi-family home for sale",1230000,4,3,2184.207862,"Ridgewood, NY 11385","74-06 64th LnRidgewood, NY 11385","New York","Queens County","74-06 64th Ln, Flushing, NY 11385, USA",40.700194,-73.8907488,563.133217034451
"Co-op for sale",3950000,3,3,2184.207862,"Manhattan, NY 10022","2 Sutton Pl S Apt 19FManhattan, NY 10022","New York County","New York","2 Sutton Pl s, New York, NY 10022, USA",40.7573949,-73.9606545,1808.43594088299
"Multi-family home for sale",1350000,10,5,3383,"Brooklyn, NY 11208","188 Richmond StBrooklyn, NY 11208","New York","Kings County","188 Richmond St, Brooklyn, NY 11208, USA",40.6828535,-73.8769965,399.054093999409
"House for sale",799000,5,3,1800,"Brooklyn, NY 11234","1124 E 51st StBrooklyn, NY 11234","New York","Kings County","1124 E 51st St, Brooklyn, NY 11234, USA",40.6336127,-73.9276041,443.888888888889
"House for sale",1599000,5,3,5600,"Staten Island, NY 10304","1233 Todt Hill RdStaten Island, NY 10304","New York","Richmond County","1233 Todt Hill Rd, Staten Island, NY 10304, USA",40.5813757,-74.1131912,285.535714285714
"House for sale",1299900,4,4,2755,"Staten Island, NY 10307","346 George StStaten Island, NY 10307","New York","Richmond County","346 George St, Staten Island, NY 10307, USA",40.5065922,-74.2393503,471.833030852995
"Co-op for sale",370000,1,1,2184.207862,"Brooklyn, NY 11201","100 Remsen St Apt 3FBrooklyn, NY 11201","Kings County","Brooklyn","100 Remsen St #3f, Brooklyn, NY 11201, USA",40.6939582,-73.9943695,169.397796994103
"Co-op for sale",3649000,3,2,2184.207862,"New York, NY 10001","11 W 30th St Apt 11FNew York, NY 10001","New York County","New York","11 W 30th St #11f, New York, NY 10001, USA",40.7464683,-73.9872992,1670.62854386887
"Multi-family home for sale",860000,5,3,2324,"Brooklyn, NY 11224","3743 Neptune AveBrooklyn, NY 11224","New York","Kings County","3743 Neptune Ave, Brooklyn, NY 11224, USA",40.5768936,-74.0048793,370.051635111876
"House for sale",765000,3,4,2205,"Staten Island, NY 10304","80 Longview RdStaten Island, NY 10304","New York","Richmond County","80 Longview Rd, Staten Island, NY 10304, USA",40.611142,-74.0905357,346.938775510204
"Co-op for sale",259000,1,1,750,"Brooklyn, NY 11203","3500 Snyder Ave Apt 5NBrooklyn, NY 11203","Kings County","Brooklyn","3500 Snyder Ave #5n, Brooklyn, NY 11203, USA",40.6491203,-73.9440658,345.333333333333
"Multi-family home for sale",1500000,8,3,3135,"Brooklyn, NY 11226","1601 Nostrand AveBrooklyn, NY 11226","New York","Kings County","1601 Nostrand Ave., Brooklyn, NY 11226, USA",40.6471477,-73.9489423,478.468899521531
"Condo for sale",850000,2,2,1005,"Manhattan, NY 10040","340 Cabrini Blvd Apt 501Manhattan, NY 10040","New York County","New York","340 Cabrini Blvd APT 501, New York, NY 10040, USA",40.856444,-73.9377616,845.771144278607
"Co-op for sale",535000,1,1,750,"Brooklyn, NY 11218","192 E 8th St Apt 1CBrooklyn, NY 11218","Kings County","Brooklyn","192 E 8th St #1c, Brooklyn, NY 11218, USA",40.6453011,-73.9723049,713.333333333333
"Multi-family home for sale",849998,4,2,2342,"Staten Island, NY 10312","358 Lamoka AveStaten Island, NY 10312","New York","Richmond County","358 Lamoka Ave, Staten Island, NY 10312, USA",40.5487767,-74.1629254,362.936806148591
"For sale",1100000,2,2,2184.207862,"New York, NY 10027","2235 Frederick Douglass Blvd Apt 7KNew York, NY 10027","New York County","New York","2235 Frederick Douglass Blvd #7k, New York, NY 10027, USA",40.807426,-73.9535703,503.615072144631
"Multi-family home for sale",998000,5,3,1574,"Maspeth, NY 11378","60-17 59th AveMaspeth, NY 11378","New York","Queens County","60-17 59th Ave, Flushing, NY 11378, USA",40.7190856,-73.9060914,634.053367217281
"Multi-family home for sale",1500000,3,2,2184.207862,"Brooklyn, NY 11210","3115 Glenwood RdBrooklyn, NY 11210","New York","Kings County","3115 Glenwood Rd, Brooklyn, NY 11210, USA",40.634316,-73.9462919,686.747825651769
"Multi-family home for sale",875000,6,3,2860,"Bronx, NY 10466","1779 Edenwald AveBronx, NY 10466","New York","Bronx County","1779 Edenwald Ave, Bronx, NY 10466, USA",40.8920958,-73.8487361,305.944055944056
"Condo for sale",2350000,1,2,1144,"Manhattan, NY 10011","456 W 19th St Units 4 & 5CManhattan, NY 10011","New York","New York County","456 W 19th St, New York, NY 10011, USA",40.7449256,-74.0057175,2054.1958041958
"Multi-family home for sale",850000,5,2,1908,"Bronx, NY 10466","4346 Edson AveBronx, NY 10466","New York","Bronx County","4346 Edson Ave, Bronx, NY 10466, USA",40.8979269,-73.8463057,445.492662473795
"For sale",4e+06,3,2.37386085796844,2248,"New York, NY 10003","445 Lafayette St Apt 14ANew York, NY 10003","New York County","New York","445 Lafayette St #14a, New York, NY 10003, USA",40.7295412,-73.9913066,1779.35943060498
"Co-op for sale",1200000,3,2,2184.207862,"New York, NY 10021","955 Lexington Ave Unit 5CNew York, NY 10021","New York County","New York","955 Lexington Ave #5c, New York, NY 10021, USA",40.7687538,-73.9631311,549.398260521416
"Condo for sale",1.2e+07,4,4,3809,"New York, NY 10013","67 Franklin St # ANew York, NY 10013","New York","New York County","67 Franklin St, New York, NY 10013, USA",40.7174584,-74.0038831,3150.43318456288
"Co-op for sale",1300000,2,2,2184.207862,"New York, NY 10024","269 W 87th St Apt 6CNew York, NY 10024","New York County","New York","269 W 87th St #6c, New York, NY 10024, USA",40.7895034,-73.9769713,595.1814488982
"For sale",799000,3,1,585,"New York, NY 10069","240 Riverside Blvd Apt 3PNew York, NY 10069","New York County","New York","240 Riverside Blvd #3b, New York, NY 10023, USA",40.7804721,-73.9871434,1365.81196581197
"Multi-family home for sale",875000,7,5,2680,"Bronx, NY 10472","1126 Ward AveBronx, NY 10472","New York","Bronx County","1126 Ward Ave, Bronx, NY 10472, USA",40.8270095,-73.8766285,326.492537313433
"Multi-family home for sale",799000,7,2,2296,"Bronx, NY 10472","1341 Fteley AveBronx, NY 10472","New York","Bronx County","1341 Fteley Ave, Bronx, NY 10472, USA",40.8333931,-73.8727914,347.996515679442
"House for sale",285000,2,1,1380,"Queens Village, NY 11429","102-15 215 StQueens Village, NY 11429","New York","Queens County","102-15 215th St, Jamaica, NY 11429, USA",40.7128326,-73.7435779,206.521739130435
"Multi-family home for sale",2499000,5,4,1340,"Brooklyn, NY 11205","181 Park AveBrooklyn, NY 11205","New York","Kings County","181 Park Ave, Brooklyn, NY 11205, USA",40.6962962,-73.9720502,1864.92537313433
"Townhouse for sale",795000,4,2,1440,"New York, NY 10463","42 Adrian AveNew York, NY 10463","New York","New York County","42 Adrian Ave, Bronx, NY 10463, USA",40.8767388,-73.911189,552.083333333333
"Co-op for sale",1799995,2,2,2184.207862,"New York, NY 10021","207 E 74th St Unit 8MNew York, NY 10021","New York County","New York","207 E 74th St #8b, New York, NY 10021, USA",40.7708932,-73.9586258,824.095101622704
"House for sale",250000,3,2.37386085796844,1224,"Howard Beach, NY 11414","164-31 99 StHoward Beach, NY 11414","New York","Queens County","164-31 99th St, Howard Beach, NY 11414, USA",40.6505528,-73.8316736,204.248366013072
"For sale",5999000,3,3,3000,"New York, NY 10069","220 Riverside Blvd Apt 24GNew York, NY 10069","New York County","New York","220 Riverside Blvd #24b, New York, NY 10069, USA",40.7798567,-73.9873973,1999.66666666667
"Pending",668000,3,2,1606,"Bellerose, NY 11426","88-08 Gettysburg StBellerose, NY 11426","New York","Queens County","88-08 Gettysburg St, Jamaica, NY 11426, USA",40.7299787,-73.7310756,415.940224159402
"House for sale",699900,3,2,1470,"Staten Island, NY 10314","102 Lamberts LnStaten Island, NY 10314","New York","Richmond County","102 Lamberts Ln, Staten Island, NY 10314, USA",40.6153952,-74.1610855,476.122448979592
"Townhouse for sale",5295000,4,4,4600,"Brooklyn, NY 11231","75 2nd PlBrooklyn, NY 11231","New York","Kings County","75 2nd Pl, Brooklyn, NY 11231, USA",40.6800067,-73.9982111,1151.08695652174
"Condo for sale",2265000,2,2,1123,"New York, NY 10002","252 South St Unit 26LNew York, NY 10002","New York County","New York","252 South St #26, New York, NY 10002, USA",40.710456,-73.991235,2016.91896705254
"Co-op for sale",459000,2,1,950,"Flushing, NY 11354","142-05 Roosevelt Ave Unit 435Flushing, NY 11354","Queens County","Queens","14205 Roosevelt Ave Apt 435, Flushing, NY 11354, USA",40.7607942,-73.8258766,483.157894736842
"Multi-family home for sale",1369000,4,2.37386085796844,2900,"Staten Island, NY 10309","7 Stalie CtStaten Island, NY 10309","New York","Richmond County","7 Stalie Ct, Staten Island, NY 10309, USA",40.5239722,-74.2213406,472.068965517241
"House for sale",879000,4,2,2184.207862,"Bellerose, NY 11426","87-45 253rd StBellerose, NY 11426","New York","Queens County","87-45 253rd St, Jamaica, NY 11426, USA",40.7294367,-73.7125595,402.434225831937
"Condo for sale",559000,1,1,679,"New York, NY 10029","161 E 110th St Apt 6GNew York, NY 10029","New York","Manhattan","Mirada, 161 E 110th St #6g, New York, NY 10029, USA",40.7945743,-73.9434214,823.269513991163
"Multi-family home for sale",869888,4,3,2184.207862,"Richmond Hill, NY 11418","86-27 125th StRichmond Hill, NY 11418","New York","Queens County","86-27 125th St, Richmond Hill, NY 11418, USA",40.7019014,-73.8256776,398.262461707044
"House for sale",799888,3,2,2184.207862,"Middle Village, NY 11379","62-24 65 StMiddle Village, NY 11379","New York","Queens County","62-24 65th St, Flushing, NY 11379, USA",40.7138975,-73.8970229,366.214229843295
"House for sale",749000,4,1,1040,"Staten Island, NY 10314","29 Canterbury AveStaten Island, NY 10314","New York","Richmond County","29 Canterbury Ave, Staten Island, NY 10314, USA",40.6165347,-74.1507186,720.192307692308
"House for sale",499000,2,3,2184.207862,"Saint Albans, NY 11412","119-44 193rd StSaint Albans, NY 11412","New York","Queens County","119-44 193rd St, Jamaica, NY 11412, USA",40.6886004,-73.7568067,228.458110000155
"House for sale",1295000,3,4,2193,"New York, NY 10024","269 W 87th St Apt 7BNew York, NY 10024","New York County","New York","269 W 87th St #7b, New York, NY 10024, USA",40.7895034,-73.9769713,590.515275877793
"Pending",879900,3,2,2242,"Staten Island, NY 10312","640 Sheldon AveStaten Island, NY 10312","New York","Richmond County","640 Sheldon Ave, Staten Island, NY 10312, USA",40.5409077,-74.1964937,392.462087421945
"Co-op for sale",4e+05,2,2,1150,"Bronx, NY 10465","8 Magnolia Pl # 8Bronx, NY 10465","New York","Bronx County","8 Magnolia Pl, Bronx, NY 10465, USA",40.8131429,-73.808397,347.826086956522
"Multi-family home for sale",699999,6,2.37386085796844,2184.207862,"Bronx, NY 10453","1839 Andrews AveBronx, NY 10453","New York","Bronx County","1839 Andrews Ave S, Bronx, NY 10453, USA",40.8524948,-73.9151397,320.481860805609
"Condo for sale",289000,1,1,666,"Brooklyn, NY 11207","1065 Vermont St Apt 4GBrooklyn, NY 11207","Kings County","Brooklyn","1065 Vermont St #4g, Brooklyn, NY 11207, USA",40.6541622,-73.8846778,433.933933933934
"Condo for sale",699000,1,1,616,"Brooklyn, NY 11216","435 Tompkins Ave Unit 305Brooklyn, NY 11216","Kings County","Brooklyn","435 Tompkins Ave #305, Brooklyn, NY 11216, USA",40.6826476,-73.9434923,1134.74025974026
"Foreclosure",479000,6,2,3100,"Staten Island, NY 10303","16 Renfrew PlStaten Island, NY 10303","New York","Richmond County","16 Renfrew Pl, Staten Island, NY 10303, USA",40.6268305,-74.1471405,154.516129032258
"Condo for sale",1355000,2,2,1002,"Brooklyn, NY 11216","435 Tompkins Ave Unit 703Brooklyn, NY 11216","Kings County","Brooklyn","435 Tompkins Ave #703, Brooklyn, NY 11216, USA",40.6826476,-73.9434923,1352.29540918164
"Condo for sale",1225000,2,2,882,"Brooklyn, NY 11216","435 Tompkins Ave Unit 602Brooklyn, NY 11216","Kings County","Brooklyn","435 Tompkins Ave #602, Brooklyn, NY 11216, USA",40.6826476,-73.9434923,1388.88888888889
"Foreclosure",9999000,4,6,4531,"New York, NY 10028","960 Park Ave Units 3W & 4CNew York, NY 10028","New York County","New York","960 Park Ave #3w, New York, NY 10028, USA",40.7779497,-73.959448,2206.79761642022
"House for sale",3e+05,3,1,952,"Brooklyn, NY 11234","5423 Avenue MBrooklyn, NY 11234","United States","New York","5423 Avenue R, Brooklyn, NY 11234, USA",40.6162917,-73.929914,315.126050420168
"Multi-family home for sale",799000,5,3,2400,"Bronx, NY 10465","232 Throggs Neck BlvdBronx, NY 10465","New York","Bronx County","232 Throgs Neck Blvd, Bronx, NY 10465, USA",40.8181836,-73.812739,332.916666666667
"Co-op for sale",202000,2,1,1453,"Bayside, NY 11360","18-70 211 St Unit 2ABayside, NY 11360","Queens County","Queens","18-70 211th St #2a, Bayside, NY 11360, USA",40.7802813,-73.7818912,139.022711631108
"Contingent",720000,3,2,1430,"Staten Island, NY 10305","190 Chestnut AveStaten Island, NY 10305","New York","Richmond County","190 Chestnut Ave, Staten Island, NY 10305, USA",40.6149561,-74.0745548,503.496503496504
"House for sale",6e+05,5,2,2184.207862,"Kensington, NY 11218","392 E 7th StKensington, NY 11218","New York","Kings County","392 E 7th St, Brooklyn, NY 11218, USA",40.6422956,-73.972787,274.699130260708
"Co-op for sale",599000,3,1,1200,"Brooklyn, NY 11209","7901 4th Ave Apt F7Brooklyn, NY 11209","Kings County","Brooklyn","7901 4th Ave Apt D7, Brooklyn, NY 11209, USA",40.6279352,-74.0260154,499.166666666667
"Condo for sale",235000,2,1,860,"Staten Island, NY 10301","162 Arlo Rd Unit AStaten Island, NY 10301","Richmond County","Staten Island","162 Arlo Rd # A, Staten Island, NY 10301, USA",40.6192765,-74.09515,273.255813953488
"Co-op for sale",319000,3,1,960,"Little Neck, NY 11362","58-42 251st St Unit 190Little Neck, NY 11362","New York","Queens County","58- 42 251st St, Queens, NY 11362, USA",40.7598591,-73.7290086,332.291666666667
"Multi-family home for sale",950000,12,6,2184.207862,"Ridgewood, NY 11385","18-29 George StRidgewood, NY 11385","New York","Queens County","18-29 George St, Flushing, NY 11385, USA",40.7000145,-73.9010076,434.940289579454
"Multi-family home for sale",1088888,4,2,2184.207862,"Bayside, NY 11360","15-03 201st StBayside, NY 11360","New York","Queens County","15-03 201st St, Bayside, NY 11360, USA",40.7860789,-73.7928524,498.527644252203
"House for sale",1250000,4,4,3300,"Staten Island, NY 10306","24 Gianna CtStaten Island, NY 10306","New York","Richmond County","24 Gianna Ct, Staten Island, NY 10306, USA",40.5675492,-74.140764,378.787878787879
"Land for sale",650000,3,2.37386085796844,2184.207862,"Brooklyn, NY 11208","2998 Fulton StBrooklyn, NY 11208","New York","Kings County","2998 Fulton St, Brooklyn, NY 11208, USA",40.6799197,-73.8839962,297.5907244491
"House for sale",774888,3,2,960,"Staten Island, NY 10312","417 Genesee AveStaten Island, NY 10312","New York","Richmond County","417 Genesee Ave, Staten Island, NY 10312, USA",40.5525576,-74.1709014,807.175
"Multi-family home for sale",995000,5,2,2184.207862,"Brooklyn, NY 11221","544 Madison StBrooklyn, NY 11221","New York","Kings County","544 Madison St, Brooklyn, NY 11221, USA",40.6862289,-73.9364224,455.542724349007
"House for sale",769000,4,2,1728,"Bronx, NY 10465","4322 E Tremont AveBronx, NY 10465","New York","Bronx County","4322 E Tremont Ave, Bronx, NY 10465, USA",40.8152029,-73.8154969,445.023148148148
"Co-op for sale",395995,2,1,1100,"Bronx, NY 10471","5601 Riverdale Ave Apt 2BBronx, NY 10471","Bronx County","The Bronx","5601 Riverdale Ave #2b, Bronx, NY 10471, USA",40.9048823,-73.9051113,359.995454545455
"For sale",975000,1,2,900,"New York, NY 10022","235 E 55th St Apt 45BNew York, NY 10022","New York County","New York","231-235 E 55th St # 45a, New York, NY 10022, USA",40.7585686,-73.9669708,1083.33333333333
"House for sale",499999,2,1,1744,"Bronx, NY 10464","616 City Island AveBronx, NY 10464","New York","Bronx County","616 City Island Ave, Bronx, NY 10464, USA",40.8549429,-73.7908303,286.696674311927
"Co-op for sale",1649000,2,2,2184.207862,"New York, NY 10023","165 W End Ave Apt 7NNew York, NY 10023","New York County","New York","165 West End Ave #7n, New York, NY 10023, USA",40.777244,-73.9868738,754.964776333178
"Co-op for sale",365000,2,1,2184.207862,"Kew Gardens, NY 11415","83-40 Austin St Unit 3EKew Gardens, NY 11415","Queens County","Queens","83-40 Austin St #3e, Jamaica, NY 11415, USA",40.7083799,-73.8290102,167.108637575264
"Pending",748999,3,2,1620,"Staten Island, NY 10305","122 North DrStaten Island, NY 10305","New York","Richmond County","122 North Dr, Staten Island, NY 10305, USA",40.606691,-74.0724094,462.345061728395
"House for sale",635000,3,2,2184.207862,"Saint Albans, NY 11412","118-14 201st PlSaint Albans, NY 11412","New York","Queens County","118-14 201 Pl, St. Albans, NY 11412, USA",40.6933533,-73.7503369,290.723246192582
"House for sale",1099000,5,2,1760,"Howard Beach, NY 11414","84-11 165th AveHoward Beach, NY 11414","New York","Queens County","84-11 165th Ave, Jamaica, NY 11414, USA",40.6481943,-73.8452374,624.431818181818
"Land for sale",3950000,3,2.37386085796844,2184.207862,"Staten Island, NY 10312","750 Barclay AveStaten Island, NY 10312","New York","Richmond County","750 Barclay Ave, Staten Island, NY 10312, USA",40.525422,-74.166603,1808.43594088299
"Multi-family home for sale",1529999,6,5,2400,"South Ozone Park, NY 11420","116-25 134th StSouth Ozone Park, NY 11420","New York","Queens County","116-25 134th St, Jamaica, NY 11420, USA",40.6780476,-73.8056181,637.499583333333
"House for sale",675000,3,1,1404,"Staten Island, NY 10301","44 Hunter PlStaten Island, NY 10301","New York","Richmond County","44 Hunter Pl, Staten Island, NY 10301, USA",40.6333513,-74.1021333,480.769230769231
"House for sale",2650000,6,6,2184.207862,"Howard Beach, NY 11414","87-07 158th AveHoward Beach, NY 11414","New York","Queens County","87-07 158th Ave, Jamaica, NY 11414, USA",40.660323,-73.8455929,1213.25449198479
"House for sale",420000,3,1,2184.207862,"Ozone Park, NY 11417","90-07 107th AveOzone Park, NY 11417","New York","Queens County","90-07 107th Ave, Queens, NY 11417, USA",40.6784764,-73.8476859,192.289391182495
"Land for sale",2999950,3,2.37386085796844,2184.207862,"Canarsie, NY 11236","9115-9119 Bedell LnCanarsie, NY 11236","New York","Kings County","9115 Bedell Ln, Brooklyn, NY 11236, USA",40.6444117,-73.9100389,1373.47275970935
"Townhouse for sale",559900,3,2,980,"Staten Island, NY 10309","18 Navigator CtStaten Island, NY 10309","New York","Richmond County","18 Navigator Ct, Staten Island, NY 10309, USA",40.5132339,-74.1959753,571.326530612245
"House for sale",549000,3,1,2184.207862,"South Ozone Park, NY 11420","122-04 115th AveSouth Ozone Park, NY 11420","New York","Queens County","122-4 115th Ave, South Ozone Park, NY 11420, USA",40.6776809,-73.8166457,251.349704188548
"Land for sale",999000,3,2,950,"Flushing, NY 11354","13617 Carlton PlFlushing, NY 11354","New York","Queens County","136-17 Carlton Pl, Flushing, NY 11354, USA",40.7644631,-73.8297531,1051.57894736842
"Land for sale",289000,3,2.37386085796844,2184.207862,"Bronx, NY 10460","633 Mead StBronx, NY 10460","New York","Bronx County","633 Mead St, Bronx, NY 10460, USA",40.842629,-73.8665973,132.313414408908
"Land for sale",790000,3,2.37386085796844,2184.207862,"College Point, NY 11356","1815 College Point BlvdCollege Point, NY 11356","New York","Queens County","1815 College Point Blvd, College Point, NY 11356, USA",40.7827104,-73.8457691,361.687188176599
"House for sale",2295000,7,4,3632,"New York, NY 10030","235 W 138th StNew York, NY 10030","New York","New York County","235 W 138th St, New York, NY 10030, USA",40.8180374,-73.9436858,631.883259911894
"House for sale",1150000,3,4,3000,"Staten Island, NY 10312","335 Preston AveStaten Island, NY 10312","New York","Richmond County","335 Preston Ave, Staten Island, NY 10312, USA",40.5343966,-74.1582874,383.333333333333
"Land for sale",6100000,3,2.37386085796844,2184.207862,"Brooklyn, NY 11212","1518 Pitkin AveBrooklyn, NY 11212","New York","Kings County","1518 Pitkin Ave, Brooklyn, NY 11212, USA",40.6685186,-73.9175924,2792.77449098386
"Land for sale",350000,3,2.37386085796844,2184.207862,"Brooklyn, NY 11207","2532 Atlantic AveBrooklyn, NY 11207","New York","Kings County","2532 Atlantic Ave, Brooklyn, NY 11207, USA",40.6753179,-73.9008593,160.241159318746
"Land for sale",450000,3,2.37386085796844,2184.207862,"Bronx, NY 10471","9 Alderbrook RdBronx, NY 10471","New York","Bronx County","9 Alderbrook Rd, Bronx, NY 10471, USA",40.89582,-73.9110766,206.024347695531
"Land for sale",2999999,3,2.37386085796844,2184.207862,"Jamaica, NY 11432","153-10 89th AveJamaica, NY 11432","New York","Queens County","153-10 89th Ave, Jamaica, NY 11432, USA",40.7051444,-73.8030054,1373.49519347165
"Land for sale",2500000,3,2.37386085796844,2184.207862,"Brooklyn, NY 11235","238 Ocean View AveBrooklyn, NY 11235","New York","Kings County","238 Ocean View Ave, Brooklyn, NY 11235, USA",40.578639,-73.965449,1144.57970941962
"Land for sale",350000,3,2.37386085796844,2184.207862,"Brooklyn, NY 11235","8 Lake AveBrooklyn, NY 11235","New York","Kings County","8 Lake Ave, Brooklyn, NY 11235, USA",40.5844107,-73.9380366,160.241159318746
"Land for sale",150000,3,2.37386085796844,2184.207862,"Staten Island, NY 10301","40 Cedarcliff RdStaten Island, NY 10301","New York","Richmond County","40 Cedarcliff Rd, Staten Island, NY 10301, USA",40.6171535,-74.0890497,68.6747825651769
"Land for sale",3600000,3,2.37386085796844,2184.207862,"Brooklyn, NY 11230","1348 E 7th StBrooklyn, NY 11230","New York","Kings County","1348 E 7th St, Brooklyn, NY 11230, USA",40.6179636,-73.9681702,1648.19478156425
"Land for sale",150000,3,2.37386085796844,2184.207862,"Staten Island, NY 10301","48 Cedarcliff RdStaten Island, NY 10301","New York","Richmond County","48 Cedarcliff Rd, Staten Island, NY 10301, USA",40.6170275,-74.0893192,68.6747825651769
"Co-op for sale",235000,3,2,1400,"Jamaica, NY 11435","143-50 Hoover Ave Unit 307Jamaica, NY 11435","Queens County","Queens","14350 Hoover Ave Apt 307, Jamaica, NY 11435, USA",40.7142299,-73.8152,167.857142857143
"Land for sale",199000,3,2.37386085796844,2184.207862,"Howard Beach, NY 11414","164th DrHoward Beach, NY 11414","United States","New York","164th Dr, Queens, NY 11414, USA",40.6511537,-73.8284146,91.1085448698014
"Land for sale",2e+06,3,2.37386085796844,2184.207862,"Bronx, NY 10457","2090 Arthur AveBronx, NY 10457","New York","Bronx County","2090 Arthur Ave, Bronx, NY 10457, USA",40.8492324,-73.8914043,915.663767535693
"Land for sale",2200000,3,2.37386085796844,2184.207862,"Forest Hills, NY 11375","75-43 113th StForest Hills, NY 11375","New York","Queens County","75-43 113th St, Flushing, NY 11375, USA",40.7185125,-73.834819,1007.23014428926
"Land for sale",650000,3,2.37386085796844,2184.207862,"Long Island City, NY 11103","31-42 41st StLong Island City, NY 11103","New York","Queens County","31-42 41st St, Long Island City, NY 11103, USA",40.759972,-73.9173868,297.5907244491
"Land for sale",149000,3,2.37386085796844,2184.207862,"Staten Island, NY 10306","644 Jefferson AveStaten Island, NY 10306","New York","Richmond County","644 Jefferson Ave, Staten Island, NY 10306, USA",40.5742632,-74.086609,68.2169506814091
"House for sale",215000,4,2,2000,"Brooklyn, NY 11207","408 Van Siclen AveBrooklyn, NY 11207","New York","Kings County","408 Van Siclen Ave, Brooklyn, NY 11207, USA",40.6694978,-73.8897534,107.5
"Land for sale",799999,3,2.37386085796844,2184.207862,"Bedford Stuyvesant, NY 11233","1905 Fulton StBedford Stuyvesant, NY 11233","New York","Kings County","1905 Fulton St, Brooklyn, NY 11233, USA",40.6789582,-73.9203193,366.265049182393
"House for sale",299000,5,2,2184.207862,"Far Rockaway, NY 11691","219 Beach 44 StFar Rockaway, NY 11691","New York","Queens County","219 Beach 44th St, Far Rockaway, NY 11691, USA",40.593404,-73.775651,136.891733246586
"Land for sale",265000,3,2.37386085796844,2184.207862,"Brooklyn, NY 11212","1698 E New York AveBrooklyn, NY 11212","New York","Kings County","1698 E New York Ave, Brooklyn, NY 11212, USA",40.6743408,-73.9056237,121.325449198479
"Land for sale",795000,3,2.37386085796844,2184.207862,"Bronx, NY 10457","1761 Topping AveBronx, NY 10457","New York","Bronx County","1761 Topping Ave, Bronx, NY 10457, USA",40.8457524,-73.9059682,363.976347595438
"Land for sale",1245000,3,2.37386085796844,2184.207862,"Bronx, NY 10471","5437 Fieldston RdBronx, NY 10471","New York","Bronx County","5437 Fieldston Rd, Bronx, NY 10471, USA",40.902657,-73.901871,570.000695290969
"Land for sale",549000,3,2.37386085796844,2184.207862,"Brooklyn, NY 11221","1385 Dekalb AveBrooklyn, NY 11221","New York","Kings County","1385 Dekalb Ave, Brooklyn, NY 11221, USA",40.699454,-73.924234,251.349704188548
"Condo for sale",7495000,4,4,2888,"New York, NY 10024","378 W End Ave Apt 4ANew York, NY 10024","New York County","New York","378 West End Ave #4a, New York, NY 10024, USA",40.7833319,-73.9815796,2595.2216066482
"Townhouse for sale",2850000,4,4,4080,"Queens, NY 11103","30-53 35th StQueens, NY 11103","New York","Queens County","30-53 35th St, Long Island City, NY 11103, USA",40.7639241,-73.9190583,698.529411764706
"Co-op for sale",215000,2,2,747,"Bronx, NY 10465","127C Edgewater Park Unit CBronx, NY 10465","New York","Bronx County","127 D Edgewater Park, Bronx, NY 10465, USA",40.8233271,-73.8110122,287.817938420348
"Land for sale",299000,3,2.37386085796844,2184.207862,"Brooklyn, NY 11236","621 E 87th StBrooklyn, NY 11236","New York","Kings County","621 E 87th St, Brooklyn, NY 11236, USA",40.6415965,-73.9105958,136.891733246586
"House for sale",275000,2,1,1104,"Bronx, NY 10461","3009 Coddington AveBronx, NY 10461","New York","Bronx County","3009 Coddington Ave, Bronx, NY 10461, USA",40.8409818,-73.8292936,249.094202898551
"Multi-family home for sale",898000,6,3,2100,"Staten Island, NY 10306","15 Spratt AveStaten Island, NY 10306","New York","Richmond County","15 Spratt Ave, Staten Island, NY 10306, USA",40.5586967,-74.1351001,427.619047619048
"Co-op for sale",275000,2,1,900,"Bronx, NY 10461","1910 Pelham Pkwy S Apt 2ABronx, NY 10461","Bronx County","The Bronx","1910 Pelham Pkwy S #2a, Bronx, NY 10461, USA",40.8554764,-73.8287193,305.555555555556
"House for sale",599000,4,2,1682,"South Ozone Park, NY 11420","114-36 Sutter AveSouth Ozone Park, NY 11420","New York","Queens County","114-36 Sutter Ave, Jamaica, NY 11420, USA",40.6747343,-73.8239749,356.123662306778
"Condo for sale",189000,1,1,730,"Staten Island, NY 10305","20 Cliff St Apt 5BStaten Island, NY 10305","Richmond County","Staten Island","20 Cliff St #5b, Staten Island, NY 10305, USA",40.6109595,-74.060351,258.904109589041
"Multi-family home for sale",678990,3,3,1575,"Staten Island, NY 10314","155 Wellbrook AveStaten Island, NY 10314","New York","Richmond County","155 Wellbrook Ave, Staten Island, NY 10314, USA",40.6012318,-74.1300175,431.104761904762
"House for sale",8e+05,3,2,1824,"Brooklyn, NY 11234","2660 Mill AveBrooklyn, NY 11234","New York","Kings County","2660 Mill Ave, Brooklyn, NY 11234, USA",40.608799,-73.9128174,438.59649122807
"Condo for sale",549000,3,2,1092,"Staten Island, NY 10314","4 Jamie CtStaten Island, NY 10314","New York","Richmond County","4 Jamie Ct, Staten Island, NY 10314, USA",40.6221107,-74.1499982,502.747252747253
"House for sale",849000,3,2,2000,"Staten Island, NY 10312","329 Wainwright AveStaten Island, NY 10312","New York","Richmond County","329 Wainwright Ave, Staten Island, NY 10312, USA",40.5528489,-74.1699382,424.5
"Pending",675000,3,2.37386085796844,2184.207862,"Brooklyn, NY 11203","558 E 34th StBrooklyn, NY 11203","New York","Kings County","558 E 34th St, Brooklyn, NY 11203, USA",40.6428139,-73.9451438,309.036521543296
"House for sale",759999,4,2,2184.207862,"Jamaica, NY 11432","91-18 173rd StJamaica, NY 11432","New York","Queens County","91-18 173rd St, Jamaica, NY 11432, USA",40.7083753,-73.787158,347.951773831679
"Contingent",489000,2,1,978,"Staten Island, NY 10309","615 Correll AveStaten Island, NY 10309","New York","Richmond County","615 Correll Ave, Staten Island, NY 10309, USA",40.546573,-74.213449,500
"Multi-family home for sale",799900,5,2,1750,"Brooklyn, NY 11229","2339 Brigham StBrooklyn, NY 11229","New York","Kings County","2339 Brigham St, Brooklyn, NY 11229, USA",40.5956263,-73.933927,457.085714285714
"Co-op for sale",295000,3,1,2184.207862,"Howard Beach, NY 11414","155-23 79th St Unit 2Howard Beach, NY 11414","Queens County","Queens","155- 23 79th St #2, Howard Beach, NY 11414, USA",40.6633466,-73.8542803,135.060405711515
"Co-op for sale",159000,2,1,1010,"Bronx, NY 10469","3531 Bronxwood Ave Apt StbBronx, NY 10469","New York","Bronx County","3531 Bronxwood Ave, Bronx, NY 10469, USA",40.8762047,-73.8603621,157.425742574257
"House for sale",999500,3,2,1144,"Whitestone, NY 11357","157-23 16th RdWhitestone, NY 11357","New York","Queens County","157-23 16th Rd, Flushing, NY 11357, USA",40.784332,-73.8045713,873.688811188811
"Contingent",589000,3,2,2310,"Staten Island, NY 10310","68 Davis AveStaten Island, NY 10310","New York","Richmond County","68 Davis Ave, Staten Island, NY 10310, USA",40.6426635,-74.1108512,254.978354978355
"Condo for sale",329000,2,1,850,"Staten Island, NY 10304","55 Austin Pl Apt 6ZStaten Island, NY 10304","New York","Richmond County","55 Austin Pl, Staten Island, NY 10304, USA",40.6316141,-74.0858954,387.058823529412
"House for sale",799000,3,2,1881,"Brooklyn, NY 11226","431 E 32nd StBrooklyn, NY 11226","New York","Kings County","431 E 32nd St, Brooklyn, NY 11226, USA",40.6402886,-73.9463493,424.774056353004
"House for sale",1188000,4,2,1580,"Brooklyn, NY 11228","1268 76th StBrooklyn, NY 11228","New York","Kings County","1268 76th St, Brooklyn, NY 11228, USA",40.6198659,-74.0087151,751.898734177215
"House for sale",729000,3,2,1400,"Bronx, NY 10461","1625 Lurting AveBronx, NY 10461","New York","Bronx County","1625 Lurting Ave, Bronx, NY 10461, USA",40.846624,-73.8520911,520.714285714286
"Contingent",614900,3,2,1495,"Staten Island, NY 10304","30 Cunard AveStaten Island, NY 10304","New York","Richmond County","30 Cunard Ave, Staten Island, NY 10304, USA",40.6142391,-74.0884134,411.304347826087
"House for sale",599000,4,2,1500,"Bronx, NY 10470","242 E 235th StBronx, NY 10470","New York","Bronx County","242 E 235th St, Bronx, NY 10470, USA",40.8972473,-73.868898,399.333333333333
"Multi-family home for sale",950000,6,2,2184.207862,"Corona, NY 11368","31-15 102 StCorona, NY 11368","New York","Queens County","31-15 102nd St, East Elmhurst, NY 11369, USA",40.7608129,-73.8669195,434.940289579454
"Townhouse for sale",1.1e+07,5,2.37386085796844,2184.207862,"Queens, NY 11694","137 Beach 140th StQueens, NY 11694","New York","Queens County","137 B 140 St, Rockaway Park, NY 11694, USA",40.5704687,-73.8558742,5036.15072144631
"Land for sale",348000,3,2.37386085796844,2184.207862,"Staten Island, NY 10306","952 Olympia BlvdStaten Island, NY 10306","New York","Richmond County","952 Olympia Blvd, Staten Island, NY 10306, USA",40.575138,-74.090531,159.32549555121
"Condo for sale",965000,3,1,540,"Brooklyn, NY 11201","9 Dekalb Ave Unit 54EBrooklyn, NY 11201","Kings County","Brooklyn","9 Dekalb Ave #54, Brooklyn, NY 11201, USA",40.6903851,-73.9825343,1787.03703703704
"Multi-family home for sale",1095000,4,4,2280,"Staten Island, NY 10308","89 Escanaba AveStaten Island, NY 10308","New York","Richmond County","89 Escanaba Ave, Staten Island, NY 10308, USA",40.5505648,-74.1599018,480.263157894737
"Condo for sale",2295000,2,2,1242,"New York, NY 10013","219 Hudson St Apt 4ANew York, NY 10013","New York County","New York","219 Hudson St #4a, New York, NY 10013, USA",40.7241501,-74.0080814,1847.82608695652
"Pending",13500000,5,7,2184.207862,"New York, NY 10011","112 Waverly PlNew York, NY 10011","New York","New York County","112 Waverly Pl, New York, NY 10011, USA",40.7323524,-73.9993358,6180.73043086592
"House for sale",460000,3,3,2256,"Brooklyn, NY 11236","26 Durland PlBrooklyn, NY 11236","New York","Kings County","26 Durland Pl, Brooklyn, NY 11236, USA",40.641648,-73.9064568,203.900709219858
"Multi-family home for sale",825000,12,6,2184.207862,"Brooklyn, NY 11207","344 Ashford StBrooklyn, NY 11207","New York","Kings County","344 Ashford St, Brooklyn, NY 11230, USA",40.6739463,-73.885344,377.711304108473
"House for sale",1230250,3,2,1590,"Queens, NY 11375","70-17 Nansen StQueens, NY 11375","New York","Queens County","70-17 Nansen St, Flushing, NY 11375, USA",40.7120962,-73.8518076,773.74213836478
"House for sale",799999,3,2,1344,"Brooklyn, NY 11234","2047 E 38th StBrooklyn, NY 11234","New York","Kings County","2047 E 38th St, Brooklyn, NY 11234, USA",40.6099147,-73.9287144,595.237351190476
"Co-op for sale",259500,2,1,2184.207862,"Kew Gardens, NY 11415","123-35 82nd Rd Unit 5HKew Gardens, NY 11415","Queens County","Queens","123-35 82nd Rd #5h, Kew Gardens, NY 11415, USA",40.7121373,-73.8277084,118.807373837756
"Multi-family home for sale",1300000,15,6,4920,"Brooklyn, NY 11226","3015 Avenue DBrooklyn, NY 11226","New York","Kings County","3015 Avenue D, Brooklyn, NY 11226, USA",40.6411388,-73.9478417,264.227642276423
"Condo for sale",749000,2,2,1300,"Bayside, NY 11360","13-22 208th Pl Unit 1605Bayside, NY 11360","Queens County","Queens","1322 208th Pl #1605, Bayside, NY 11360, USA",40.7874921,-73.7858086,576.153846153846
"House for sale",265000,2,1,660,"Staten Island, NY 10305","19 Vera StStaten Island, NY 10305","New York","Richmond County","19 Vera St, Staten Island, NY 10305, USA",40.5849224,-74.0968781,401.515151515152
"House for sale",575000,2,1,900,"Rockaway Park, NY 11694","190 Beach 109th StRockaway Park, NY 11694","New York","Queens County","190 Beach 109th St, Rockaway Park, NY 11694, USA",40.5809134,-73.8302012,638.888888888889
"Multi-family home for sale",849000,4,2,2180,"Bronx, NY 10461","2033 Hobart AveBronx, NY 10461","New York","Bronx County","2033 Hobart Ave, Bronx, NY 10461, USA",40.8528127,-73.8312235,389.449541284404
"House for sale",875000,2,2,1214,"Little Neck, NY 11362","244-89 61st AveLittle Neck, NY 11362","New York","Queens County","244-89 61st Ave, Flushing, NY 11362, USA",40.7565472,-73.7339718,720.757825370676
"House for sale",599999,3,2,1360,"Staten Island, NY 10314","68 Watchogue RdStaten Island, NY 10314","New York","Richmond County","68 Watchogue Rd, Staten Island, NY 10314, USA",40.613911,-74.133028,441.175735294118
"Multi-family home for sale",1150000,5,3,2184.207862,"Howard Beach, NY 11414","162-14 97th StHoward Beach, NY 11414","New York","Queens County","162-14 97th St, Howard Beach, NY 11414, USA",40.6542535,-73.8350556,526.506666333023
"Pending",1188000,4,2.37386085796844,3840,"Staten Island, NY 10304","139 Atlantic AveStaten Island, NY 10304","New York","Richmond County","139 Atlantic Ave, Staten Island, NY 10304, USA",40.5929709,-74.0937822,309.375
"Foreclosure",579900,3,2.37386085796844,2640,"Staten Island, NY 10301","241 Westervelt AveStaten Island, NY 10301","New York","Richmond County","241 Westervelt Ave, Staten Island, NY 10301, USA",40.6422293,-74.0830445,219.659090909091
"Multi-family home for sale",1295000,4,3,2440,"Whitestone, NY 11357","16-38 157th StWhitestone, NY 11357","New York","Queens County","16-38 157th St, Flushing, NY 11357, USA",40.78403,-73.80579,530.737704918033
"House for sale",250000,3,1,1376,"Brooklyn, NY 11234","4413 Avenue MBrooklyn, NY 11234","New York","Kings County","4413 Avenue M, Brooklyn, NY 11234, USA",40.6212165,-73.9324344,181.686046511628
"Land for sale",1395000,3,2.37386085796844,2184.207862,"Bronx, NY 10471","5239 Independence AveBronx, NY 10471","New York","Bronx County","5239 Independence Ave, Bronx, NY 10471, USA",40.9007702,-73.9110778,638.675477856145
"Townhouse for sale",1648000,3,4,1751,"Queens, NY 11375","7 Middlemay CirQueens, NY 11375","New York","Queens County","7 Middlemay Cir, Flushing, NY 11375, USA",40.7179519,-73.8427778,941.176470588235
"House for sale",1675000,4,5,2184.207862,"Jamaica, NY 11432","85-33 Radnor StJamaica, NY 11432","New York","Queens County","85-33 Radnor St, Jamaica, NY 11432, USA",40.7169141,-73.7831551,766.868405311142
"House for sale",950000,3,2,1748,"Rego Park, NY 11374","66-23 Alderton StRego Park, NY 11374","New York","Queens County","66-23 Alderton St, Flushing, NY 11374, USA",40.7188985,-73.8587988,543.478260869565
"Co-op for sale",449500,1,1,2184.207862,"Manhattan, NY 10012","180 Thompson St Apt LdManhattan, NY 10012","New York","New York County","180 Thompson St, New York, NY 10012, USA",40.7278952,-73.9998294,205.795431753647
"Pending",184888,3,1,500,"Queens, NY 11374","2902745 35 98th St Unit 15AQueens, NY 11374","Queens County","Queens","61-35 98th St #15a, Rego Park, NY 11374, USA",40.7343409,-73.859014,369.776
"Condo for sale",399000,3,1,500,"New York, NY 10032","664 W 161st St Apt 1FNew York, NY 10032","New York County","New York","664 W 161st St #1f, New York, NY 10032, USA",40.8374911,-73.9456039,798
"Co-op for sale",209000,1,1,1078,"Bronx, NY 10471","4410 Cayuga Ave Unit B3Bronx, NY 10471","Bronx County","The Bronx","4410 Cayuga Ave Bsmt B3, Bronx, NY 10471, USA",40.8915963,-73.8989828,193.877551020408
"Co-op for sale",280000,3,2,1100,"Bronx, NY 10461","1506 Overing St Unit STR3Bronx, NY 10461","Bronx County","The Bronx","1506 Overing St str3, Bronx, NY 10461, USA",40.8409736,-73.8456248,254.545454545455
"House for sale",625000,3,2,2184.207862,"Ozone Park, NY 11417","132-11 Centreville StOzone Park, NY 11417","New York","Queens County","132-11 Centerville St, Ozone Park, NY 11417, USA",40.6765364,-73.8351774,286.144927354904
"Co-op for sale",275000,3,1,2184.207862,"New York, NY 10128","419 E 87th St Apt 3ANew York, NY 10128","New York County","New York","419 E 87th St #3a, New York, NY 10128, USA",40.7772579,-73.9476695,125.903768036158
"Multi-family home for sale",924800,4,3,2049,"Staten Island, NY 10307","315 Main StStaten Island, NY 10307","New York","Richmond County","315 Main St, Staten Island, NY 10307, USA",40.5075446,-74.2461088,451.342118106393
"House for sale",1300000,6,4,2112,"Bayside, NY 11361","222-44 41st RdBayside, NY 11361","New York","Queens County","222-44 41st Rd, Flushing, NY 11361, USA",40.7645123,-73.7595302,615.530303030303
"Multi-family home for sale",995000,5,2,2288,"Staten Island, NY 10312","65 Rensselaer Ave Unit AStaten Island, NY 10312","New York","Richmond County","65 Rensselaer Ave, Staten Island, NY 10312, USA",40.5501403,-74.1810379,434.877622377622
"Condo for sale",16500000,5,4,4105,"New York, NY 10023","2150 BroadwayNew York, NY 10023","New York","New York County","2150 Broadway, New York, NY 10023, USA",40.7814599,-73.9806864,4019.48842874543
"Townhouse for sale",695000,3,2.37386085796844,1793,"Staten Island, NY 10314","370 Windham LoopStaten Island, NY 10314","New York","Richmond County","370 Windham Loop, Staten Island, NY 10314, USA",40.5763909,-74.1631382,387.618516452872
"Multi-family home for sale",998000,5,3,1738,"Richmond Hill, NY 11419","95-15 108th StRichmond Hill, NY 11419","New York","Queens County","95-15 108th St, South Richmond Hill, NY 11419, USA",40.6898026,-73.836542,574.223245109321
"Multi-family home for sale",899000,7,3,1980,"Staten Island, NY 10310","1009 Forest AveStaten Island, NY 10310","New York","Richmond County","1009 Forest Ave, Staten Island, NY 10310, USA",40.6275175,-74.1233766,454.040404040404
"Multi-family home for sale",849000,6,5,2184.207862,"South Ozone Park, NY 11436","137-06 132nd AveSouth Ozone Park, NY 11436","New York","Queens County","137-06 132nd Ave, Jamaica, NY 11436, USA",40.669692,-73.8003434,388.699269318901
"Co-op for sale",235000,3,1,2184.207862,"Queens, NY 11694","133 Beach 120th St Apt 2EQueens, NY 11694","Queens County","Queens","133 Beach 120th St #2e, Rockaway Park, NY 11694, USA",40.576751,-73.8398387,107.590492685444
"House for sale",399999,2,1,2184.207862,"Rockaway Park, NY 11694","320C Beach 101st StRockaway Park, NY 11694","New York","Queens County","320 Beach 101st St, Rockaway Park, NY 11694, USA",40.5853532,-73.8227113,183.132295675255
"House for sale",520000,4,2,1701,"Brooklyn, NY 11233","860 Herkimer StBrooklyn, NY 11233","New York","Kings County","860 Herkimer St, Brooklyn, NY 11233, USA",40.6781418,-73.9250576,305.70252792475
"Condo for sale",485000,3,2,2184.207862,"Brooklyn, NY 11236","901 E 106th St Unit 1ABrooklyn, NY 11236","Kings County","Brooklyn","901 E 106th St #1a, Brooklyn, NY 11236, USA",40.6479766,-73.8936697,222.048463627405
"Co-op for sale",215000,3,1,1100,"Brooklyn, NY 11230","1075 Ocean Pkwy Apt 1CBrooklyn, NY 11230","Kings County","Brooklyn","1075 Ocean Pkwy #1c, Brooklyn, NY 11230, USA",40.622324,-73.9695073,195.454545454545
"Multi-family home for sale",1288000,6,5,2640,"Staten Island, NY 10312","1010 Huguenot AveStaten Island, NY 10312","New York","Richmond County","1010 Huguenot Ave, Staten Island, NY 10312, USA",40.5294592,-74.1903024,487.878787878788
"Co-op for sale",270000,2,2,900,"Jackson Heights, NY 11372","33-05 92nd St Unit 1CJackson Heights, NY 11372","Queens County","Queens","33-05 92nd St #1c, Jackson Heights, NY 11372, USA",40.7562792,-73.8758052,300
"Co-op for sale",375000,2,2,1200,"Bronx, NY 10463","3635 Johnson Ave Apt 3GBronx, NY 10463","Bronx County","The Bronx","3635 Johnson Ave #3g, Bronx, NY 10463, USA",40.8876529,-73.909649,312.5
"Co-op for sale",565000,1,1,2184.207862,"Brooklyn, NY 11215","78 8th Ave Apt 2KBrooklyn, NY 11215","Kings County","Brooklyn","78 8th Ave #2k, Brooklyn, NY 11215, USA",40.6733809,-73.9732475,258.675014328833
"Multi-family home for sale",849000,4,3,2184.207862,"Brooklyn, NY 11208","65 Grant AveBrooklyn, NY 11208","New York","Kings County","65 Grant Ave, Brooklyn, NY 11208, USA",40.6895034,-73.8684501,388.699269318901
"Co-op for sale",199000,2,1,2184.207862,"Jamaica, NY 11432","8900 170th St Apt 7DJamaica, NY 11432","Queens County","Queens","89-00 170th St #7e, Jamaica, NY 11432, USA",40.7092156,-73.7912209,91.1085448698014
"House for sale",899000,4,2.37386085796844,2184.207862,"Bayside, NY 11361","36-34 Clearview ExpyBayside, NY 11361","New York","Queens County","36-34 Clearview Expy, Bayside, NY 11361, USA",40.7646585,-73.780903,411.590863507294
"House for sale",699000,3,2,2350,"Brooklyn, NY 11234","2138 Coleman StBrooklyn, NY 11234","New York","Kings County","2138 Coleman St, Brooklyn, NY 11234, USA",40.6095856,-73.9253159,297.446808510638
"House for sale",739000,3,1,1148,"Bellerose, NY 11426","248-08 82nd AveBellerose, NY 11426","New York","Queens County","248-08 82nd Ave, Jamaica, NY 11426, USA",40.7386816,-73.7202723,643.728222996516
"Multi-family home for sale",425000,3,2,1700,"Bronx, NY 10467","747 E 217th StBronx, NY 10467","New York","Bronx County","747 E 217th St, Bronx, NY 10467, USA",40.8817944,-73.8617772,250
"Co-op for sale",3e+05,2,1,900,"Staten Island, NY 10301","350 Richmond Ter Apt 3CStaten Island, NY 10301","Richmond County","Staten Island","350 Richmond Terrace #3c, Staten Island, NY 10301, USA",40.6479387,-74.0852701,333.333333333333
"House for sale",569000,3,3,1780,"Bronx, NY 10465","267 Robinson AveBronx, NY 10465","New York","Bronx County","267 Robinson Ave, Bronx, NY 10465, USA",40.8147819,-73.8265252,319.662921348315
"House for sale",789000,5,3,1273,"Queens Village, NY 11429","223-30 107th AveQueens Village, NY 11429","New York","Queens County","223-30 107th Ave, Jamaica, NY 11429, USA",40.7084501,-73.7316272,619.795758051846
"Condo for sale",10500000,3,3,2753,"Manhattan, NY 10005","1 Wall St Apt 4101Manhattan, NY 10005","New York County","New York","1 Wall St #4101, New York, NY 10005, USA",40.7075029,-74.011653,3814.0210679259
"Co-op for sale",350000,2,1,825,"Brooklyn, NY 11211","274 S 2nd St Apt 30Brooklyn, NY 11211","Kings County","Brooklyn","274 S 2nd St Apartment 30, Brooklyn, NY 11211, USA",40.711175,-73.957086,424.242424242424
"Pending",5895000,8,5,6312,"Brooklyn, NY 11211","219 Frost StBrooklyn, NY 11211","New York","Kings County","219 Frost St, Brooklyn, NY 11211, USA",40.7185648,-73.9422548,933.93536121673
"Multi-family home for sale",1250000,7,4,2184.207862,"Brooklyn, NY 11220","346 50th StBrooklyn, NY 11220","New York","Kings County","346 50th St, Brooklyn, NY 11220, USA",40.6468782,-74.0136737,572.289854709808
"Townhouse for sale",1499999,4,2,2264,"Brooklyn, NY 11234","3623 Avenue TBrooklyn, NY 11234","New York","Kings County","3623 Avenue T, Brooklyn, NY 11234, USA",40.6087059,-73.9290715,662.543727915194
"Multi-family home for sale",1488000,6,2,2184.207862,"Brooklyn, NY 11228","7302 11th AveBrooklyn, NY 11228","New York","Kings County","7302 11th Ave, Brooklyn, NY 11228, USA",40.624169,-74.010925,681.253843046555
"Land for sale",285000,3,2.37386085796844,2184.207862,"Far Rockaway, NY 11697","12 Point Breeze AveFar Rockaway, NY 11697","New York","Queens County","12 Point Breeze Ave, Breezy Point, NY 11697, USA",40.5607533,-73.9207539,130.482086873836
"Multi-family home for sale",699000,3,3,2184.207862,"South Ozone Park, NY 11420","114-48 127th StSouth Ozone Park, NY 11420","New York","Queens County","11448 127th St, Jamaica, NY 11420, USA",40.6793322,-73.8130504,320.024486753724
"House for sale",924900,3,2,1404,"Brooklyn, NY 11204","1559 W 4th StBrooklyn, NY 11204","New York","Kings County","1559 W 4th St, Brooklyn, NY 11204, USA",40.6094348,-73.9777343,658.760683760684
"Foreclosure",560000,4,2,2318,"Bronx, NY 10454","456 E 134th StBronx, NY 10454","New York","Bronx County","456 E 134th St, Bronx, NY 10454, USA",40.8056419,-73.9229736,241.587575496117
"Multi-family home for sale",1998000,12,8,5100,"Brooklyn, NY 11224","4015 Atlantic AveBrooklyn, NY 11224","New York","Kings County","4015 Atlantic Ave, Brooklyn, NY 11224, USA",40.5745179,-74.0068304,391.764705882353
"Pending",309000,3,2,2184.207862,"Howard Beach, NY 11414","151-40 88 St Unit 5JHoward Beach, NY 11414","Queens County","Queens","151-40 88th St #5j, Howard Beach, NY 11414, USA",40.6674344,-73.8479327,141.470052084264
"Multi-family home for sale",925000,4,2.37386085796844,2160,"Bronx, NY 10469","2423 Woodhull AveBronx, NY 10469","New York","Bronx County","2423 Woodhull Ave, Bronx, NY 10469, USA",40.8616602,-73.8421016,428.240740740741
"House for sale",999000,4,2,2184.207862,"Fresh Meadows, NY 11365","65-07 181st StFresh Meadows, NY 11365","New York","Queens County","65-07 181st St, Flushing, NY 11365, USA",40.7365353,-73.7913358,457.374051884078
"Condo for sale",699000,2,2,833,"Bayside, NY 11360","214-10 15 Ave Unit 4BBayside, NY 11360","Queens County","Queens","214- 10 15th Ave #4b, Bayside, NY 11360, USA",40.7873388,-73.7794685,839.135654261705
"Co-op for sale",278500,2,1,2184.207862,"Rego Park, NY 11374","65-38 Booth St Unit 6ERego Park, NY 11374","Queens County","Queens","65-38 Booth St #6e, Rego Park, NY 11374, USA",40.7267837,-73.8587799,127.506179629345
"Co-op for sale",738000,3,2,2184.207862,"Manhattan, NY 10022","303 E 57th St Apt 39AManhattan, NY 10022","New York County","New York","303 E 57th St #39a, New York, NY 10022, USA",40.7595774,-73.964779,337.879930220671
"House for sale",9e+05,4,4,2700,"Queens, NY 11693","12-14 W 5th RdQueens, NY 11693","New York","Queens County","12 W 5th Rd, Broad Channel, NY 11693, USA",40.6110299,-73.8195062,333.333333333333
"Co-op for sale",369000,1,1,1470,"Rockaway Park, NY 11694","12310 Ocean Promenade Apt 7HRockaway Park, NY 11694","Queens County","Queens","123-10 Ocean Prom #7h, Rockaway Park, NY 11694, USA",40.5756358,-73.8423199,251.020408163265
"House for sale",609000,3,2,1620,"Bronx, NY 10465","4384 Locust Point DrBronx, NY 10465","New York","Bronx County","4384 Locust Point Dr, Bronx, NY 10465, USA",40.8165837,-73.8006996,375.925925925926
"Condo for sale",758000,3,2,1278,"College Point, NY 11356","3-27 Endeavor Pl Unit CCollege Point, NY 11356","New York","Queens County","327 Endeavor Pl, College Point, NY 11356, USA",40.7928823,-73.8449212,593.114241001565
"Condo for sale",728000,3,2,1890,"Staten Island, NY 10312","166 Rolling Hill GrnStaten Island, NY 10312","New York","Richmond County","166 Rolling Hill Green, Staten Island, NY 10312, USA",40.55065,-74.193355,385.185185185185
"House for sale",314900,3,3,1200,"Brooklyn, NY 11207","595 Glenmore AveBrooklyn, NY 11207","New York","Kings County","595 Glenmore Ave, Brooklyn, NY 11207, USA",40.6744942,-73.8883757,262.416666666667
"House for sale",2848000,6,2.37386085796844,4443,"Jamaica, NY 11432","85-16 Chevy Chase StJamaica, NY 11432","New York","Queens County","85-16 Chevy Chase St, Jamaica, NY 11432, USA",40.7202893,-73.7786927,641.008327706505
"House for sale",1298000,3,2,2046,"Middle Village, NY 11379","62-15 82nd PlMiddle Village, NY 11379","New York","Queens County","62-15 82nd Pl, Flushing, NY 11379, USA",40.7239521,-73.8747783,634.408602150538
"Co-op for sale",1095000,4,4,2500,"Floral Park, NY 11005","27110 Grand Central Pkwy Ph FFloral Park, NY 11005","New York","Queens County","27110 Grand Central Pkwy, Queens Village, NY 11005, USA",40.7564761,-73.7212008,438
"Condo for sale",434900,3,2,1286,"Staten Island, NY 10314","6 Greentree Ln Unit 6Staten Island, NY 10314","Richmond County","Staten Island","6 Greentree Ln #6, Staten Island, NY 10314, USA",40.6085756,-74.1610387,338.180404354588
"Co-op for sale",375000,2,2,1350,"Bronx, NY 10471","4601 Henry Hudson Pkwy W Apt A8Bronx, NY 10471","Bronx County","The Bronx","4601 Henry Hudson Pkwy W a8, Bronx, NY 10471, USA",40.8938465,-73.9091368,277.777777777778
"Multi-family home for sale",1375000,14,8,6000,"Bronx, NY 10462","1826 Radcliff AveBronx, NY 10462","New York","Bronx County","1826 Radcliff Ave, Bronx, NY 10462, USA",40.8485623,-73.8574586,229.166666666667
"Townhouse for sale",4680000,3,4,2400,"New York, NY 10016","128 E 38th StNew York, NY 10016","New York","New York County","128 E 38th St, New York, NY 10016, USA",40.7489947,-73.9783819,1950
"Co-op for sale",549000,2,2,1200,"Forest Hills, NY 11375","69-10 108 St Unit 6OForest Hills, NY 11375","Queens County","Queens","69-10 108th St #6c, Forest Hills, NY 11375, USA",40.724514,-73.8458441,457.5
"House for sale",549000,3,1,1400,"Staten Island, NY 10310","225 Bement AveStaten Island, NY 10310","New York","Richmond County","225 Bement Ave, Staten Island, NY 10310, USA",40.6368544,-74.1124571,392.142857142857
"House for sale",950000,3,2,1520,"Queens, NY 11375","67-44 Kessel StQueens, NY 11375","New York","Queens County","67-44 Kessel St, Flushing, NY 11375, USA",40.7157274,-73.8563447,625
"Condo for sale",388000,3,1,2184.207862,"New York City, NY 10002","157 Broome St Apt 3ENew York City, NY 10002","New York County","New York","157 Broome St #3e, New York, NY 10002, USA",40.7162732,-73.9849864,177.638770901924
"Townhouse for sale",5600000,6,6,4917,"New York, NY 10003","111 E 19th StNew York, NY 10003","New York","New York County","111 E 19th St, New York, NY 10003, USA",40.7375348,-73.9872447,1138.90583689241
"Multi-family home for sale",1600000,8,6,3472,"Rego Park, NY 11374","85-29 66th AveRego Park, NY 11374","New York","Queens County","85-29 66th Ave, Flushing, NY 11374, USA",40.7189686,-73.8626041,460.829493087558
"Townhouse for sale",6995000,5,2.37386085796844,3912,"New York, NY 10075","239 E 78th StNew York, NY 10075","New York","New York County","239 E 78th St, New York, NY 10075, USA",40.7732125,-73.9564279,1788.08793456033
"Multi-family home for sale",1399000,6,2,2184.207862,"Middle Village, NY 11379","61-29 75th StMiddle Village, NY 11379","New York","Queens County","61-29 75th St, Flushing, NY 11379, USA",40.721725,-73.8839773,640.506805391217
"House for sale",399000,3,2.37386085796844,1350,"South Ozone Park, NY 11420","117-02 111th AveSouth Ozone Park, NY 11420","New York","Queens County","117-02 111th Ave, Jamaica, NY 11420, USA",40.6798316,-73.82277,295.555555555556
"Pending",529900,1,1,630,"Brooklyn, NY 11201","175 Adams St Apt 10EBrooklyn, NY 11201","Kings County","Brooklyn","175 Adams St #10e, Brooklyn, NY 11201, USA",40.6985714,-73.9881911,841.111111111111
"Pending",999000,5,2,2184.207862,"Maspeth, NY 11378","59-14 69th StMaspeth, NY 11378","New York","Queens County","59-14 69th St, Flushing, NY 11378, USA",40.7227469,-73.8941061,457.374051884078
"Condo for sale",575000,2,2,2184.207862,"Elmhurst, NY 11373","81-15 Queens Blvd Unit 3CElmhurst, NY 11373","Queens County","Queens","81-15 Queens Blvd #3c, Elmhurst, NY 11373, USA",40.7373082,-73.878333,263.253333166512
"Pending",659900,3,4,2184.207862,"Bayside, NY 11360","216-10 17th Ave Unit TH53Bayside, NY 11360","Queens County","Queens","216-10 17th Ave th53, Bayside, NY 11360, USA",40.7855084,-73.7762312,302.123260098402
"Townhouse for sale",2200000,6,3,2385,"Brooklyn, NY 11215","484 A 7th AveBrooklyn, NY 11215","New York","Kings County","484A 7th Ave, Brooklyn, NY 11215, USA",40.6621056,-73.9857576,922.431865828092
"Multi-family home for sale",898888,5,2,1550,"Bellerose, NY 11426","24907 88th RdBellerose, NY 11426","New York","Queens County","249-07 88th Rd, Jamaica, NY 11426, USA",40.7282381,-73.7158123,579.927741935484
"House for sale",1250000,5,4,3427,"Staten Island, NY 10309","148 Claypit RdStaten Island, NY 10309","New York","Richmond County","148 Clay Pit Rd, Staten Island, NY 10309, USA",40.5395581,-74.2229079,364.750510650715
"Multi-family home for sale",1188000,3,2,2240,"Brooklyn, NY 11214","1861 82nd StBrooklyn, NY 11214","New York","Kings County","1861 82nd St, Brooklyn, NY 11214, USA",40.6085532,-73.998257,530.357142857143
"Multi-family home for sale",869999,5,3,2080,"Staten Island, NY 10314","428 Bradley AveStaten Island, NY 10314","New York","Richmond County","428 Bradley Ave, Staten Island, NY 10314, USA",40.6005525,-74.1314512,418.26875
"Co-op for sale",219000,3,1,1050,"Brooklyn, NY 11229","2229 Knapp St Apt 2ABrooklyn, NY 11229","Kings County","Brooklyn","2229 Knapp St #2a, Brooklyn, NY 11229, USA",40.5988908,-73.9334675,208.571428571429
"House for sale",210000,3,2.37386085796844,1840,"Brooklyn, NY 11207","653 Jerome StBrooklyn, NY 11207","New York","Kings County","653 Jerome St, Brooklyn, NY 11207, USA",40.664748,-73.884184,114.130434782609
"Multi-family home for sale",799000,6,2,2184.207862,"Brooklyn, NY 11208","737 Pine StBrooklyn, NY 11208","New York","Kings County","737 Pine St, Brooklyn, NY 11208, USA",40.6672674,-73.8686224,365.807675130509
"Co-op for sale",298000,3,2,1100,"Bronx, NY 10460","1425 Thieriot Ave Apt 6LBronx, NY 10460","Bronx County","The Bronx","1425 Thieriot Ave #6l, Bronx, NY 10460, USA",40.8363242,-73.8654755,270.909090909091
"House for sale",1248888,4,4,3500,"Staten Island, NY 10306","25 Tarring StStaten Island, NY 10306","New York","Richmond County","25 Tarring St, Staten Island, NY 10306, USA",40.5646314,-74.1243252,356.825142857143
"Pending",1075000,2,2,955,"New York, NY 10026","313 W 118th St Apt 3DNew York, NY 10026","New York County","New York","313 W 118th St #3d, New York, NY 10026, USA",40.8061576,-73.9550949,1125.65445026178
"Pending",1695000,2,2,1572,"Brooklyn, NY 11216","633 Prospect Pl Apt 1Brooklyn, NY 11216","Kings County","Brooklyn","633 Prospect Pl #1, Brooklyn, NY 11216, USA",40.6750114,-73.9554645,1078.24427480916
"Condo for sale",3795000,3,2,1887,"Brooklyn, NY 11201","30 Main St Ph BBrooklyn, NY 11201","New York","Kings County","30 Main St, Brooklyn, NY 11201, USA",40.702988,-73.9907803,2011.12877583466
"Condo for sale",550000,2,2,2184.207862,"Middle Village, NY 11379","62-48 Mount Olivet Cres Unit 1BMiddle Village, NY 11379","Queens County","Queens","6248 Mt Olivet Crescent APT 1A, Flushing, NY 11379, USA",40.7135475,-73.895855,251.807536072315
"Co-op for sale",775000,3,1,2184.207862,"New York, NY 10014","46 Commerce St # 5New York, NY 10014","New York County","New York","46 Commerce St # 5, New York, NY 10014, USA",40.7313539,-74.0050572,354.819709920081
"Foreclosure",249900,2,2,800,"Staten Island, NY 10301","1100 Clove Rd Unit G0Staten Island, NY 10301","New York","Richmond County","1100 Clove Rd, Staten Island, NY 10301, USA",40.6189484,-74.1071576,312.375
"House for sale",650000,4,1,1152,"Staten Island, NY 10308","318 Arthur Kill RdStaten Island, NY 10308","New York","Richmond County","318 Arthur Kill Rd, Staten Island, NY 10308, USA",40.5663057,-74.1529549,564.236111111111
"Co-op for sale",410000,1,1,2184.207862,"Brooklyn, NY 11209","8701 Shore Rd Apt 435Brooklyn, NY 11209","Kings County","Brooklyn","8701 Shore Rd Apt 435, Brooklyn, NY 11209, USA",40.6249201,-74.0404698,187.711072344817
"Multi-family home for sale",1650000,9,5,4320,"Brooklyn, NY 11223","2331 W 12th StBrooklyn, NY 11223","New York","Kings County","2331 W 12th St, Brooklyn, NY 11223, USA",40.5906586,-73.9818321,381.944444444444
"Pending",1600000,2,2,1100,"Manhattan, NY 10011","159 W 24th St Apt 5BManhattan, NY 10011","New York County","New York","159 W 24th St #5b, New York, NY 10011, USA",40.7448219,-73.9944632,1454.54545454545
"Co-op for sale",325000,2,1,2184.207862,"Forest Hills, NY 11375","67-12 Yellowstone Blvd Unit B1Forest Hills, NY 11375","Queens County","Queens","67-12 Yellowstone Blvd #1b, Flushing, NY 11375, USA",40.7280894,-73.8494828,148.79536222455
"Contingent",275000,2,1,900,"Staten Island, NY 10306","177 3rd St Unit 1Staten Island, NY 10306","Richmond County","Staten Island","177 3rd St #1, Staten Island, NY 10306, USA",40.5735927,-74.1200228,305.555555555556
"House for sale",7e+05,3,2,1620,"Bronx, NY 10463","3610 Corlear AveBronx, NY 10463","New York","Bronx County","3610 Corlear Ave, Bronx, NY 10463, USA",40.8844018,-73.9028342,432.098765432099
"House for sale",930000,3,2,2184.207862,"Woodside, NY 11377","32-16 61st StWoodside, NY 11377","New York","Queens County","32-16 61st St, Flushing, NY 11377, USA",40.7555333,-73.9016851,425.783651904097
"Condo for sale",379000,1,2,704,"Bronx, NY 10464","190 Schofield St Apt 3IBronx, NY 10464","Bronx County","The Bronx","190 Schofield St #3i, Bronx, NY 10464, USA",40.845063,-73.783581,538.352272727273
"House for sale",1150000,3,2.37386085796844,1376,"Brooklyn, NY 11204","2234 62nd StBrooklyn, NY 11204","New York","Kings County","2234 62nd St, Brooklyn, NY 11204, USA",40.6149237,-73.9789281,835.755813953488
"Co-op for sale",568888,3,2,1100,"Rego Park, NY 11374","98-05 63 Rd Unit 4ERego Park, NY 11374","New York","Queens County","98-05 63rd Rd, Rego Park, NY 11374, USA",40.7322223,-73.8588845,517.170909090909
"House for sale",1200000,4,3,2052,"Staten Island, NY 10304","244 Four Corners RdStaten Island, NY 10304","New York","Richmond County","244 4 Corners Rd, Staten Island, NY 10304, USA",40.59194,-74.1087406,584.795321637427
"Foreclosure",899900,3,3,2550,"Staten Island, NY 10312","712 Katan AveStaten Island, NY 10312","New York","Richmond County","712 Katan Ave, Staten Island, NY 10312, USA",40.5499354,-74.1709931,352.901960784314
"Condo for sale",799999,3,2,1200,"Bayside, NY 11360","1412 Bonnie Ln Apt 2Bayside, NY 11360","Queens County","Queens","14-12 Bonnie Ln #2, Bayside, NY 11360, USA",40.7859137,-73.7868778,666.665833333333
"Multi-family home for sale",3e+05,3,4,2184.207862,"Brooklyn, NY 11212","348 Legion StBrooklyn, NY 11212","New York","Kings County","348 Legion St, Brooklyn, NY 11212, USA",40.6601546,-73.9163716,137.349565130354
"Foreclosure",750000,4,3,3098,"Staten Island, NY 10306","3037 Richmond RdStaten Island, NY 10306","New York","Richmond County","3037 Richmond Rd, Staten Island, NY 10306, USA",40.5758238,-74.1227343,242.091672046482
"House for sale",669999,4,2,1196,"Staten Island, NY 10308","416 Colon AveStaten Island, NY 10308","New York","Richmond County","416 Colon Ave, Staten Island, NY 10308, USA",40.5598117,-74.1585168,560.19983277592
"Contingent",575000,2,1,1200,"Staten Island, NY 10301","15 Portland PlStaten Island, NY 10301","New York","Richmond County","15 Portland Pl, Staten Island, NY 10301, USA",40.6337278,-74.0936101,479.166666666667
"Co-op for sale",299000,3,1,2184.207862,"Brooklyn, NY 11229","2212 Brigham St Apt 3CBrooklyn, NY 11229","Kings County","Brooklyn","2212 Brigham St #3c, Brooklyn, NY 11229, USA",40.5987787,-73.9350489,136.891733246586
"House for sale",548800,3,4,1440,"Staten Island, NY 10301","89 Taft AveStaten Island, NY 10301","New York","Richmond County","89 Taft Ave, Staten Island, NY 10301, USA",40.6409456,-74.0859933,381.111111111111
"Co-op for sale",259000,2,1,2184.207862,"Kew Gardens, NY 11418","84-25 118 St Unit 1BKew Gardens, NY 11418","Queens County","Queens","8425 118th St Apt 1d, Kew Gardens, NY 11415, USA",40.7041499,-73.83371,118.578457895872
"Co-op for sale",425000,2,1,2184.207862,"Forest Hills, NY 11375","70-25 Yellowstone Blvd Unit 14XForest Hills, NY 11375","Queens County","Queens","7025 Yellowstone Blvd Apt 14d, Forest Hills, NY 11375, USA",40.7226099,-73.8495,194.578550601335
"House for sale",950000,4,2,2200,"Brooklyn, NY 11207","68 Schenck AveBrooklyn, NY 11207","New York","Kings County","68 Schenck Ave, Brooklyn, NY 11207, USA",40.6795412,-73.8904428,431.818181818182
"Co-op for sale",185000,2,1,600,"New York, NY 10032","526 W 158th St Apt 64New York, NY 10032","New York County","New York","526 W 158th St #64, New York, NY 10032, USA",40.833945,-73.9432359,308.333333333333
"House for sale",1688888,4,3,2364,"Little Neck, NY 11363","373 Manor RdLittle Neck, NY 11363","New York","Queens County","373 Manor Rd, Douglaston, NY 11363, USA",40.7773521,-73.7464296,714.419627749577
"Multi-family home for sale",689000,6,3,2184.207862,"Bronx, NY 10458","262 E 197th StBronx, NY 10458","New York","Bronx County","262 E 197th St, Bronx, NY 10458, USA",40.8681745,-73.8897652,315.446167916046
"Co-op for sale",419000,2,1,2184.207862,"Flushing, NY 11367","150-58 Jewel Ave Unit 75AFlushing, NY 11367","Queens County","Queens","15058 Jewel Ave # 75b, Flushing, NY 11367, USA",40.7312799,-73.8192399,191.831559298728
"House for sale",1199000,4,2,2184.207862,"Brooklyn, NY 11235","4193 Ocean AveBrooklyn, NY 11235","New York","Kings County","4193 Ocean Ave, Brooklyn, NY 11235, USA",40.5783044,-73.9471644,548.940428637648
"House for sale",2150000,4,2.37386085796844,2184.207862,"Brooklyn, NY 11235","153 Jaffrey StBrooklyn, NY 11235","New York","Kings County","153 Jaffray St, Brooklyn, NY 11235, USA",40.5790771,-73.9425262,984.338550100869
"House for sale",899000,3,4,2208,"Staten Island, NY 10314","82 Mulberry AveStaten Island, NY 10314","New York","Richmond County","82 Mulberry Ave, Staten Island, NY 10314, USA",40.5955552,-74.1677939,407.155797101449
"House for sale",675000,3,2,2184.207862,"Queens Village, NY 11429","102-26 213th StQueens Village, NY 11429","New York","Queens County","102-26 213th St, Jamaica, NY 11429, USA",40.7121557,-73.7452804,309.036521543296
"Co-op for sale",875000,2,1,2184.207862,"New York, NY 10016","20 E 35th St Apt 3DNew York, NY 10016","New York County","New York","20 E 35th St #3d, New York, NY 10016, USA",40.748098,-73.9824791,400.602898296865
"House for sale",899000,2,1,1130,"New York, NY 10036","529 W 42nd St Apt 6LNew York, NY 10036","New York County","New York","529 W 42nd St #6l, New York, NY 10036, USA",40.7604194,-73.9968086,795.575221238938
"Co-op for sale",219000,2,1,2184.207862,"Woodhaven, NY 11421","8377 Woodhaven Blvd Apt 2BWoodhaven, NY 11421","Queens County","Queens","8377 Woodhaven Blvd Apt 2d, Woodhaven, NY 11421, USA",40.6999899,-73.8539,100.265182545158
"Condo for sale",470000,2,1,2184.207862,"New York, NY 10034","581 Academy St Apt 1GNew York, NY 10034","New York County","New York","581 Academy St #1g, New York, NY 10034, USA",40.8640024,-73.9231918,215.180985370888
"Co-op for sale",229000,2,1,950,"Bronx, NY 10470","4315 Webster Ave Apt 3LBronx, NY 10470","Bronx County","The Bronx","4315 Webster Ave #3l, Bronx, NY 10470, USA",40.8995193,-73.8623678,241.052631578947
"Pending",1199000,5,4,2184.207862,"Kew Gardens, NY 11415","116 Audley StKew Gardens, NY 11415","New York","Queens County","116 Audley St, Kew Gardens, NY 11415, USA",40.7090268,-73.8335998,548.940428637648
"Multi-family home for sale",1498000,9,8,2961,"Brooklyn, NY 11224","3812 Cypress AveBrooklyn, NY 11224","New York","Kings County","3812 Cypress Ave, Brooklyn, NY 11224, USA",40.5784148,-74.0064631,505.910165484634
"Condo for sale",2e+06,4,3,2000,"New York, NY 10022","411 E 53rd St # 4HJNew York, NY 10022","New York County","New York","411 E 53rd St #4j, New York, NY 10022, USA",40.7557937,-73.9642805,1000
"House for sale",550000,3,2,2184.207862,"Howard Beach, NY 11414","156-23 88th StHoward Beach, NY 11414","New York","Queens County","156-23 88th St, Howard Beach, NY 11414, USA",40.6628113,-73.8453503,251.807536072315
"Pending",499000,3,1,1176,"Staten Island, NY 10310","161 Greenleaf AveStaten Island, NY 10310","New York","Richmond County","161 Greenleaf Ave, Staten Island, NY 10310, USA",40.6265387,-74.1263932,424.319727891156
"Multi-family home for sale",8e+05,6,3,2202,"Bronx, NY 10466","860 E 232nd StBronx, NY 10466","New York","Bronx County","860 E 232nd St, Bronx, NY 10466, USA",40.8909806,-73.8528183,363.30608537693
"Co-op for sale",239000,2,1,798,"Howard Beach, NY 11414","155-07 86th St Unit 102Howard Beach, NY 11414","Queens County","Queens","15507 86th St # 102, Howard Beach, NY 11414, USA",40.6649999,-73.84857,299.498746867168
"House for sale",674999,3,2,1440,"Staten Island, NY 10309","107 Salamander CtStaten Island, NY 10309","New York","Richmond County","107 Salamander Ct, Staten Island, NY 10309, USA",40.5394128,-74.2228391,468.749305555556
"Townhouse for sale",1.4e+07,5,2.37386085796844,7200,"Brooklyn, NY 11201","38 Monroe PlBrooklyn, NY 11201","New York","Kings County","38 Monroe Pl, Brooklyn, NY 11201, USA",40.6958593,-73.9925234,1944.44444444444
"House for sale",1228000,3,2,950,"Flushing, NY 11354","154-69 26th AveFlushing, NY 11354","New York","Queens County","154-69 26th Ave, Flushing, NY 11354, USA",40.7739766,-73.8070988,1292.63157894737
"Condo for sale",880000,4,4,2400,"College Point, NY 11356","120-10 Ketch Ct Unit 34College Point, NY 11356","New York","Queens County","120-10 Ketch Ct, College Point, NY 11356, USA",40.7934553,-73.8471618,366.666666666667
"Co-op for sale",369888,2,2,2184.207862,"Rego Park, NY 11374","98-120 Queens Blvd Unit 6KRego Park, NY 11374","Queens County","Queens","120 Queens Blvd #98, Rego Park, NY 11374, USA",40.726843,-73.85458,169.346519823121
"Co-op for sale",5e+05,2,2,2184.207862,"New York, NY 10022","465 Park Ave Unit 34ENew York, NY 10022","New York County","New York","465 Park Ave Apt 34e, New York, NY 10022, USA",40.7616461,-73.9701294,228.915941883923
"Multi-family home for sale",499000,4,3,2184.207862,"Hollis, NY 11423","205-05 Jamaica AveHollis, NY 11423","New York","Queens County","205-05 Jamaica Ave, Jamaica, NY 11423, USA",40.713904,-73.754948,228.458110000155
"House for sale",2998888,5,2.37386085796844,3800,"Bayside, NY 11360","28-05 216th StBayside, NY 11360","New York","Queens County","28-05 216th St, Bayside, NY 11360, USA",40.7782443,-73.7706926,789.181052631579
"Co-op for sale",175849,2,1,850,"Bronx, NY 10463","60 Knolls Cres Apt 8MBronx, NY 10463","Bronx County","The Bronx","60 Knolls Crescent #8m, Bronx, NY 10463, USA",40.879078,-73.9175196,206.881176470588
"Multi-family home for sale",499000,3,2,1445,"Staten Island, NY 10310","32 Barker StStaten Island, NY 10310","United States","New York","32 Barker St, Staten Island, NY 10310, USA",40.6365321,-74.1218622,345.328719723183
"Multi-family home for sale",899975,6,3,1952,"Bronx, NY 10466","861 E 231st StBronx, NY 10466","New York","Bronx County","861 E 231st St, Bronx, NY 10466, USA",40.8906352,-73.853094,461.052766393443
"House for sale",1474000,4,2,2050,"Forest Hills, NY 11375","71-28 Manse StForest Hills, NY 11375","New York","Queens County","71-28 Manse St, Flushing, NY 11375, USA",40.7114417,-73.8490778,719.024390243902
"House for sale",2750000,6,5,6300,"Staten Island, NY 10308","79 Grandview TerStaten Island, NY 10308","New York","Richmond County","79 Grandview Terrace, Staten Island, NY 10308, USA",40.5462525,-74.1481727,436.507936507937
"House for sale",3999000,3,2.37386085796844,3428,"Brooklyn, NY 11228","7923 11th AveBrooklyn, NY 11228","New York","Kings County","7923 11th Ave, Brooklyn, NY 11228, USA",40.6201406,-74.014486,1166.56942823804
"House for sale",1288000,4,2,1700,"Fresh Meadows, NY 11366","76-66 174th StFresh Meadows, NY 11366","New York","Queens County","76-66 174th St, Flushing, NY 11366, USA",40.7248068,-73.7953763,757.647058823529
"Foreclosure",499000,4,2,1428,"Brooklyn, NY 11207","719 Vermont StBrooklyn, NY 11207","New York","Kings County","719 Vermont St, Brooklyn, NY 11207, USA",40.6618245,-73.890638,349.439775910364
"House for sale",989000,4,4,2400,"Staten Island, NY 10306","70 Weed AveStaten Island, NY 10306","New York","Richmond County","70 Weed Ave, Staten Island, NY 10306, USA",40.5657552,-74.1051158,412.083333333333
"House for sale",650000,3,2,2184.207862,"Staten Island, NY 10304","827 Richmond RdStaten Island, NY 10304","New York","Richmond County","827 Richmond Rd, Staten Island, NY 10304, USA",40.6071254,-74.0925892,297.5907244491
"Contingent",1999999,4,4,4803,"Staten Island, NY 10312","181 Androvette AveStaten Island, NY 10312","New York","Richmond County","181 Androvette Ave, Staten Island, NY 10312, USA",40.5268622,-74.189752,416.406204455549
"Townhouse for sale",5990000,4,4,3750,"New York, NY 10014","96 Bank StNew York, NY 10014","New York","New York County","96 Bank St, New York, NY 10014, USA",40.7363228,-74.0064402,1597.33333333333
"Co-op for sale",1235000,3,2,2184.207862,"Bronx, NY 10463","2501 Palisade Ave Apt D2Bronx, NY 10463","Bronx County","The Bronx","2501 Palisade Ave Apt D2, Bronx, NY 10463, USA",40.8799728,-73.9221419,565.42237645329
"Co-op for sale",785000,1,1,2184.207862,"New York, NY 10016","10 Park Ave Unit 10KNew York, NY 10016","New York County","New York","10 Park Ave #10c, New York, NY 10016, USA",40.7473555,-73.9813841,359.398028757759
"Co-op for sale",750000,3,2,1750,"New York, NY 10032","870 Riverside Dr Apt 5DNew York, NY 10032","New York County","New York","870 Riverside Dr #5d, New York, NY 10032, USA",40.8368955,-73.9465033,428.571428571429
"Multi-family home for sale",1400000,3,3,2184.207862,"Long Island City, NY 11105","25-01 23rd AveLong Island City, NY 11105","New York","Queens County","25-01 23rd Ave, Astoria, NY 11105, USA",40.7770879,-73.9162687,640.964637274985
"Multi-family home for sale",865000,6,3,2464,"Bronx, NY 10465","910 Revere AveBronx, NY 10465","New York","Bronx County","910 Revere Ave, Bronx, NY 10465, USA",40.8297242,-73.8263414,351.055194805195
"Co-op for sale",324000,1,1,2184.207862,"Queens, NY 11372","35-31 85th St Unit 7FQueens, NY 11372","New York","Queens County","35-31 85th St, Jackson Heights, NY 11372, USA",40.7512505,-73.8814433,148.337530340782
"House for sale",1100000,3,4,3750,"Staten Island, NY 10307","7126 Amboy RdStaten Island, NY 10307","New York","Richmond County","7126 Amboy Rd, Staten Island, NY 10307, USA",40.5136885,-74.2364803,293.333333333333
"Multi-family home for sale",2295000,3,7,2184.207862,"Brooklyn, NY 11224","4415 Atlantic AveBrooklyn, NY 11224","New York","Kings County","4415 Atlantic Ave, Brooklyn, NY 11224, USA",40.5757955,-74.009975,1050.72417324721
"House for sale",8950000,4,2,2570,"Brooklyn, NY 11201","69 Orange StBrooklyn, NY 11201","New York","Kings County","69 Orange St, Brooklyn, NY 11201, USA",40.6990407,-73.9929045,3482.49027237354
"Multi-family home for sale",1348888,3,4,2450,"Staten Island, NY 10312","252 Ionia AveStaten Island, NY 10312","New York","Richmond County","252 Ionia Ave, Staten Island, NY 10312, USA",40.5430335,-74.182131,550.566530612245
"Co-op for sale",220000,2,1,850,"Bronx, NY 10471","5620 Netherland Ave Apt 3GBronx, NY 10471","Bronx County","The Bronx","5620 Netherland Ave #3g, Bronx, NY 10471, USA",40.9049354,-73.9060897,258.823529411765
"Co-op for sale",185000,1,1,2184.207862,"Brooklyn, NY 11233","789 Macdonough St Apt 4GBrooklyn, NY 11233","Kings County","Brooklyn","789 MacDonough St #4g, Brooklyn, NY 11233, USA",40.684563,-73.914482,84.6988984970515
"House for sale",499000,2,2,1350,"Bronx, NY 10470","514 E 235th StBronx, NY 10470","New York","Bronx County","514 E 235th St, Bronx, NY 10470, USA",40.8978428,-73.8633611,369.62962962963
"Multi-family home for sale",999999,4,3,1980,"Brooklyn, NY 11209","362 90th StBrooklyn, NY 11209","New York","Kings County","362 90th St, Brooklyn, NY 11209, USA",40.620076,-74.0306109,505.05
"Townhouse for sale",4995000,2,2,2000,"New York, NY 10014","51 Barrow StNew York, NY 10014","New York","New York County","51 Barrow St, New York, NY 10014, USA",40.7319679,-74.0043858,2497.5
"Pending",7e+05,2,1,2184.207862,"New York, NY 10009","248 E 7th St # 9/10New York, NY 10009","New York","New York County","248 E 7th St, New York, NY 10009, USA",40.7235651,-73.9781799,320.482318637492
"House for sale",1180000,4,4,1820,"Little Neck, NY 11362","45-33 Zion StLittle Neck, NY 11362","New York","Queens County","45-33 Zion St, Flushing, NY 11362, USA",40.7668584,-73.7375575,648.351648351648
"Condo for sale",609000,2,2,2184.207862,"Flushing, NY 11355","132-03 Sanford Ave Unit 3HFlushing, NY 11355","Queens County","Queens","132-03 Sanford Ave #3b, Flushing, NY 11355, USA",40.7550154,-73.8329807,278.819617214618
"Co-op for sale",250000,2,1,950,"Brooklyn, NY 11223","2525 W 2nd St Apt 2EBrooklyn, NY 11223","Kings County","Brooklyn","2525 W 2nd St #2e, Brooklyn, NY 11223, USA",40.5875717,-73.9712821,263.157894736842
"House for sale",689000,3,2,2184.207862,"South Ozone Park, NY 11420","111-45 120th StSouth Ozone Park, NY 11420","New York","Queens County","111-45 120th St, Jamaica, NY 11420, USA",40.6794706,-73.8195636,315.446167916046
"Multi-family home for sale",585000,4,2,2184.207862,"Far Rockaway, NY 11691","12-86 Augustina AveFar Rockaway, NY 11691","New York","Queens County","12-86 Augustina Ave, Far Rockaway, NY 11691, USA",40.6082787,-73.7495095,267.83165200419
"Co-op for sale",299000,3,1,640,"New York, NY 10022","410 E 57th St Apt 8BNew York, NY 10022","New York County","New York","410 E 57th St #8b, New York, NY 10022, USA",40.7578323,-73.9624557,467.1875
"House for sale",995000,3,2,1987,"Staten Island, NY 10301","23 Howard AveStaten Island, NY 10301","New York","Richmond County","23 Howard Ave, Staten Island, NY 10301, USA",40.6293682,-74.0870368,500.754906894816
"Multi-family home for sale",1499000,6,2,3144,"Brooklyn, NY 11209","338 77th StBrooklyn, NY 11209","New York","Kings County","338 77th St, Brooklyn, NY 11209, USA",40.629498,-74.02725,476.781170483461
"Co-op for sale",299000,2,1,2184.207862,"Flushing, NY 11358","193-15 37 Ave Unit 177Flushing, NY 11358","Queens County","Queens","19315 37th Ave # 177, Flushing, NY 11358, USA",40.7626299,-73.78916,136.891733246586
"Co-op for sale",279000,3,1,550,"New York, NY 10034","57 Park Terrace Ter W Unit 3FNew York, NY 10034","New York County","New York","57 Park Terrace W #3f, New York, NY 10034, USA",40.8712698,-73.9178529,507.272727272727
"House for sale",235000,3,2,2184.207862,"South Ozone Park, NY 11420","131-16 115 AveSouth Ozone Park, NY 11420","New York","Queens County","131-16 115th Ave, Jamaica, NY 11420, USA",40.6797652,-73.8091668,107.590492685444
"Co-op for sale",17900000,6,4,2184.207862,"Manhattan, NY 10023","41 Central Park W Unit 11AManhattan, NY 10023","New York County","New York","41 Central Park W #11a, New York, NY 10023, USA",40.7713789,-73.9798579,8195.19071944445
"Townhouse for sale",950000,5,3,2288,"Brooklyn, NY 11208","914 Pine StBrooklyn, NY 11208","New York","Kings County","914 Pine St, Brooklyn, NY 11208, USA",40.6626245,-73.8680207,415.20979020979
"House for sale",859000,2,2,950,"Flushing, NY 11354","149-47 26th AveFlushing, NY 11354","New York","Queens County","149-47 26th Ave, Flushing, NY 11354, USA",40.7746518,-73.81583,904.210526315789
"House for sale",1999000,5,4,2000,"Queens, NY 11372","34-51 74th StQueens, NY 11372","New York","Queens County","34-51 74th Street, Jackson Heights, NY 11372, USA",40.7518706,-73.8922741,999.5
"Multi-family home for sale",1458888,8,2.37386085796844,2988,"Hollis, NY 11423","86-84 188th StHollis, NY 11423","New York","Queens County","86-84 188th St, Jamaica, NY 11423, USA",40.718209,-73.775417,488.248995983936
"House for sale",650000,5,3,2184.207862,"Brooklyn, NY 11233","36A Rochester AveBrooklyn, NY 11233","New York","Kings County","36A Rochester Ave, Brooklyn, NY 11233, USA",40.677921,-73.9277691,297.5907244491
"House for sale",1100000,4,3,1400,"Brooklyn, NY 11228","7619 10th AveBrooklyn, NY 11228","New York","Kings County","7619 10th Ave, Brooklyn, NY 11228, USA",40.6231568,-74.0148411,785.714285714286
"Condo for sale",478900,1,1,554,"Rego Park, NY 11374","65-18 Austin St Unit 2CRego Park, NY 11374","Queens County","Queens","65-18 Austin St #2c, Rego Park, NY 11374, USA",40.7259759,-73.8599803,864.440433212996
"Condo for sale",2795000,2,2,965,"New York, NY 10003","25 Fifth Ave Unit 5BNew York, NY 10003","United States","New York","5th Ave, New York, NY 10003, USA",40.735321,-73.9941315,2896.37305699482
"Multi-family home for sale",560000,5,2,2624,"Staten Island, NY 10301","45 St Pauls AveStaten Island, NY 10301","New York","Richmond County","45 St Pauls Ave, Staten Island, NY 10301, USA",40.6366099,-74.0778245,213.414634146341
"Multi-family home for sale",868000,3,4,2024,"Staten Island, NY 10304","108 Dutchess AveStaten Island, NY 10304","New York","Richmond County","108 Dutchess Ave, Staten Island, NY 10304, USA",40.5963657,-74.0997473,428.853754940711
"House for sale",999000,3,2,2184.207862,"Flushing, NY 11358","196-11 45th AveFlushing, NY 11358","New York","Queens County","196-11 45th Ave, Flushing, NY 11358, USA",40.7562931,-73.7849475,457.374051884078
"Multi-family home for sale",1590000,5,6,2184.207862,"Queens, NY 11417","149-43 Hawtree StQueens, NY 11417","United States","New York","Hawtree St, Queens, NY 11417, USA",40.6729954,-73.8373187,727.952695190875
"House for sale",594900,4,2,1355,"Rosedale, NY 11422","121-42 Laurelton PkwyRosedale, NY 11422","New York","Queens County","121-42 Laurelton Pkwy, Jamaica, NY 11422, USA",40.6824809,-73.7279494,439.040590405904
"House for sale",799000,3,2,2184.207862,"Brooklyn, NY 11210","1462 E 23rd StBrooklyn, NY 11210","New York","Kings County","1462 E 23rd St, Brooklyn, NY 11210, USA",40.6146692,-73.9515915,365.807675130509
"Multi-family home for sale",985000,6,5,2184.207862,"Springfield Gardens, NY 11413","145-90 222nd StSpringfield Gardens, NY 11413","New York","Queens County","145-90 222nd St, Jamaica, NY 11413, USA",40.6615069,-73.7581972,450.964405511329
"House for sale",685000,4,2,2625,"Saint Albans, NY 11412","116-33 198th StSaint Albans, NY 11412","New York","Queens County","116-33 198th St, St. Albans, NY 11412, USA",40.6946313,-73.7540488,260.952380952381
"Contingent",479888,3,2,1188,"Staten Island, NY 10309","124 Hampton PlStaten Island, NY 10309","New York","Richmond County","124 Hampton Pl, Staten Island, NY 10309, USA",40.549099,-74.2148258,403.946127946128
"Pending",2500000,3,2.37386085796844,2184.207862,"Brooklyn, NY 11223","32 Village Rd NBrooklyn, NY 11223","New York","Kings County","32 Village Rd S, Brooklyn, NY 11223, USA",40.5938747,-73.9742907,1144.57970941962
"Condo for sale",355000,1,1,514,"Brooklyn, NY 11225","961 Washington Ave Apt 1GBrooklyn, NY 11225","Kings County","Brooklyn","961 Washington Ave #1g, Brooklyn, NY 11225, USA",40.6660348,-73.9612418,690.661478599222
"Co-op for sale",260000,2,1,2184.207862,"New York, NY 10031","515 W 135th St Apt 4CNew York, NY 10031","New York County","New York","515 W 135th St #4c, New York, NY 10031, USA",40.8196151,-73.9532441,119.03628977964
"Townhouse for sale",2600000,5,5,4057,"Brooklyn, NY 11238","65 Gates AveBrooklyn, NY 11238","New York","Kings County","65 Gates Ave, Brooklyn, NY 11238, USA",40.6846326,-73.9660028,640.867636184373
"Pending",2500000,3,2.37386085796844,2184.207862,"Brooklyn, NY 11223","30 Village Rd NBrooklyn, NY 11223","New York","Kings County","30 Village Rd S, Brooklyn, NY 11223, USA",40.5938803,-73.9743763,1144.57970941962
"Co-op for sale",220000,1,1,2184.207862,"Rego Park, NY 11374","6565 Wetherole St Apt 4ORego Park, NY 11374","Queens County","Queens","65-65 Wetherole St #4o, Rego Park, NY 11374, USA",40.725937,-73.8572908,100.723014428926
"Co-op for sale",489000,2,2,1549,"Floral Park, NY 11005","26910 Grand Central Pkwy Apt 27GFloral Park, NY 11005","Queens County","Queens","26910 Grand Central Pkwy #27g, Queens, NY 11005, USA",40.7577991,-73.7159564,315.687540348612
"Multi-family home for sale",1288000,5,2,2375,"Brooklyn, NY 11214","1853 Benson AveBrooklyn, NY 11214","New York","Kings County","1853 Benson Ave, Brooklyn, NY 11214, USA",40.6042803,-74.0030547,542.315789473684
"Condo for sale",2e+05,2,3,1260,"Manhattan, NY 10022","2 E 55th St Unit 1136W15Manhattan, NY 10022","New York","New York County","2 E 55th St, New York, NY 10022, USA",40.7613979,-73.9746128,158.730158730159
"House for sale",625000,3,1,2184.207862,"Middle Village, NY 11379","64-01 Pleasantview StMiddle Village, NY 11379","New York","Queens County","64-01 Pleasantview St, Flushing, NY 11379, USA",40.7158932,-73.8820836,286.144927354904
"Condo for sale",2245000,2,3,1724,"New York, NY 10028","171 E 84th St Apt 3BNew York, NY 10028","New York County","New York","171 E 84th St #3b, New York, NY 10028, USA",40.7779756,-73.9551546,1302.20417633411
"House for sale",899000,3,2,2184.207862,"Howard Beach, NY 11414","163-43 90th StHoward Beach, NY 11414","New York","Queens County","163-43 90th St, Jamaica, NY 11414, USA",40.6511946,-73.8405509,411.590863507294
"Townhouse for sale",575000,4,2,1330,"Brooklyn, NY 11208","411 Montauk AveBrooklyn, NY 11208","New York","Kings County","411 Montauk Ave., Brooklyn, NY 11208, USA",40.6683511,-73.8757315,432.330827067669
"House for sale",588888,4,2,1640,"Staten Island, NY 10314","187 Latimer AveStaten Island, NY 10314","New York","Richmond County","187 Latimer Ave, Staten Island, NY 10314, USA",40.5986261,-74.1817717,359.078048780488
"Multi-family home for sale",650000,6,2.37386085796844,2184.207862,"Bronx, NY 10469","3106 Mickle AveBronx, NY 10469","New York","Bronx County","3106 Mickle Ave, Bronx, NY 10469, USA",40.8719262,-73.8423808,297.5907244491
"Multi-family home for sale",899999,8,4,2184.207862,"Brooklyn, NY 11203","375 Linden BlvdBrooklyn, NY 11203","New York","Kings County","375 Linden Blvd, Brooklyn, NY 11203, USA",40.6531909,-73.9453969,412.048237559178
"Co-op for sale",315000,1,1,850,"Jackson Heights, NY 11372","35-31 85th St Unit 2MJackson Heights, NY 11372","Queens County","Queens","3531 85th St Apt 2m, Jackson Heights, NY 11372, USA",40.7520799,-73.88188,370.588235294118
"Multi-family home for sale",1599999,6,2.37386085796844,4073,"Bronx, NY 10465","3176 Tierney PlBronx, NY 10465","New York","Bronx County","3176 Tierney Pl, Bronx, NY 10465, USA",40.813524,-73.802218,392.830591701449
"Townhouse for sale",1e+07,5,2.37386085796844,5660,"Manhattan, NY 10025","45 W 95th StManhattan, NY 10025","New York","New York County","45 W 95th St, New York, NY 10025, USA",40.791801,-73.9665998,1766.78445229682
"House for sale",825000,4,2,2230,"Staten Island, NY 10312","263 Getz AveStaten Island, NY 10312","New York","Richmond County","263 Getz Ave, Staten Island, NY 10312, USA",40.5532787,-74.1649844,369.955156950673
"Contingent",795000,3,3,1860,"Staten Island, NY 10306","166 Bancroft AveStaten Island, NY 10306","New York","Richmond County","166 Bancroft Ave, Staten Island, NY 10306, USA",40.5763544,-74.1099794,427.41935483871
"House for sale",690000,3,2,1325,"Brooklyn, NY 11234","2041 E 64th StBrooklyn, NY 11234","New York","Kings County","2041 E 64th St, Brooklyn, NY 11234, USA",40.6173476,-73.9131449,520.754716981132
"House for sale",1249949,4,4,2720,"Staten Island, NY 10307","21 Sanford StStaten Island, NY 10307","New York","Richmond County","21 Sanford St, Staten Island, NY 10307, USA",40.5107045,-74.2389945,459.540073529412
"House for sale",799000,4,3,2184.207862,"Brooklyn, NY 11236","921 E 98th StBrooklyn, NY 11236","New York","Kings County","921 E 98th St, Brooklyn, NY 11236, USA",40.6483188,-73.9039932,365.807675130509
"House for sale",2088000,4,4,2394,"Bayside, NY 11360","24-40 Little Neck BlvdBayside, NY 11360","New York","Queens County","24-40 Little Neck Blvd, Flushing, NY 11360, USA",40.7803566,-73.771297,872.18045112782
"Condo for sale",699000,2,2,1766,"Queens, NY 11694","124-11 Rockaway Beach Blvd # 1CQueens, NY 11694","Queens County","Queens","124- 15 Rockaway Beach Blvd #1B, Rockaway Park, NY 11694, USA",40.5771307,-73.8443159,395.809739524349
"Multi-family home for sale",1275000,5,3,2184.207862,"East Elmhurst, NY 11369","32-58 86th StEast Elmhurst, NY 11369","New York","Queens County","32-58 86th St, Queens, NY 11369, USA",40.7563571,-73.8819905,583.735651804004
"Condo for sale",410000,2,2,2184.207862,"Howard Beach, NY 11414","151-35 84th St Unit 3MHoward Beach, NY 11414","Queens County","Queens","151-35 84th St #3m, Howard Beach, NY 11414, USA",40.6668174,-73.8499468,187.711072344817
"Co-op for sale",309900,2,1,900,"Bronx, NY 10463","679 W 239th St Apt 5JBronx, NY 10463","Bronx County","The Bronx","679 W 239th St #5j, Bronx, NY 10463, USA",40.8901764,-73.9146261,344.333333333333
"Condo for sale",435000,3,2,1034,"Bronx, NY 10469","2877 Ely AveBronx, NY 10469","New York","Bronx County","2877 Ely Ave, Bronx, NY 10469, USA",40.8690609,-73.835715,420.696324951644
"House for sale",879000,3,3,2184.207862,"College Point, NY 11356","14-11 111th StCollege Point, NY 11356","New York","Queens County","14-11 111th St, Flushing, NY 11356, USA",40.785245,-73.8557,402.434225831937
"Co-op for sale",325000,3,1,622,"New York, NY 10031","525 W 134th St Apt 2ENew York, NY 10031","New York County","New York","525 W 134th St #2e, New York, NY 10031, USA",40.8192151,-73.9544658,522.508038585209
"Multi-family home for sale",1195000,16,8,2184.207862,"Brooklyn, NY 11232","453 42nd StBrooklyn, NY 11232","New York","Kings County","453 42nd St, Brooklyn, NY 11232, USA",40.6502185,-74.0063562,547.109101102576
"Co-op for sale",1900000,3,2,2200,"New York, NY 10007","160 Chambers St Apt 4New York, NY 10007","New York County","New York","160 Chambers St Apt 4, New York, NY 10007, USA",40.7159669,-74.010573,863.636363636364
"House for sale",868000,3,2,2184.207862,"Middle Village, NY 11379","64-04 71st StMiddle Village, NY 11379","New York","Queens County","64-04 71st St, Flushing, NY 11379, USA",40.7158631,-73.8843791,397.398075110491
"Multi-family home for sale",1770000,7,4,2184.207862,"College Point, NY 11356","924 129th StCollege Point, NY 11356","New York","Queens County","924 129th St, College Point, NY 11356, USA",40.7885034,-73.8393008,810.362434269088
"Multi-family home for sale",899000,5,3,1480,"Maspeth, NY 11378","58-31 71st StMaspeth, NY 11378","New York","Queens County","58-31 71st St, Maspeth, NY 11378, USA",40.7253273,-73.8900898,607.432432432432
"Pending",990000,2,2,960,"Brooklyn, NY 11216","253 Tompkins Ave Apt 4BBrooklyn, NY 11216","Kings County","Brooklyn","253 Tompkins Ave #4b, Brooklyn, NY 11216, USA",40.6900217,-73.945006,1031.25
"House for sale",818000,3,3,2184.207862,"Flushing, NY 11367","138-38 63 AveFlushing, NY 11367","New York","Queens County","138-38 63rd Ave, Flushing, NY 11367, USA",40.7396171,-73.8267571,374.506480922098
"House for sale",409000,4,2,2184.207862,"Flushing, NY 11367","144-28 72nd RdFlushing, NY 11367","New York","Queens County","144-28 72nd Rd, Flushing, NY 11367, USA",40.726173,-73.8202303,187.253240461049
"Pending",679000,3,2,1474,"Brooklyn, NY 11224","3719 Mermaid Ave Unit 2BBrooklyn, NY 11224","Kings County","Brooklyn","3719 Mermaid Ave #2b, Brooklyn, NY 11224, USA",40.574905,-74.0036857,460.651289009498
"Co-op for sale",259000,1,1,2184.207862,"Forest Hills, NY 11375","72-81 113 St Unit 6KForest Hills, NY 11375","Queens County","Queens","72-81 113th St #6c, Forest Hills, NY 11375, USA",40.7199582,-73.8357232,118.578457895872
"House for sale",850000,6,3,2280,"Brooklyn, NY 11215","62 15th St Unit 15THBrooklyn, NY 11215","Kings County","Brooklyn","62 15th St #15th, Brooklyn, NY 11215, USA",40.6681319,-73.9948468,372.80701754386
"Townhouse for sale",8750000,6,6,6000,"Brooklyn, NY 11209","8200 Narrows Ave Unit TownhouseBrooklyn, NY 11209","New York","Kings County","8200 Narrows Ave, Brooklyn, NY 11209, USA",40.6282935,-74.0379695,1458.33333333333
"House for sale",495000,2,2,953,"Staten Island, NY 10303","79 Benjamin DrStaten Island, NY 10303","New York","Richmond County","79 Benjamin Dr, Staten Island, NY 10303, USA",40.6233738,-74.1599502,519.412381951731
"Co-op for sale",825000,2,1,800,"Brooklyn, NY 11215","14 Prospect Park SW Apt 39Brooklyn, NY 11215","Kings County","Brooklyn","14 Prospect Park Southwest Apartment 39, Brooklyn, NY 11215, USA",40.660279,-73.978949,1031.25
"Co-op for sale",1075000,4,2,1800,"Jackson Heights, NY 11372","37-30 83rd St Unit 4EFJackson Heights, NY 11372","Queens County","Queens","37-30 83rd St #4e, Flushing, NY 11372, USA",40.7487647,-73.8834851,597.222222222222
"House for sale",1950000,5,4,4000,"Bronx, NY 10471","5501 Palisade Ave Lot 2Bronx, NY 10471","Bronx County","The Bronx","5501 Palisade Ave #2, Bronx, NY 10471, USA",40.9057349,-73.9111699,487.5
"House for sale",6800000,7,2.37386085796844,5130,"Staten Island, NY 10304","131 Cliffwood AveStaten Island, NY 10304","United States","New York","131 Cliffwood Ave, Staten Island, NY 10304, USA",40.5956171,-74.1144559,1325.53606237817
"Multi-family home for sale",7999000,20,10,2184.207862,"New York, NY 10025","414 Riverside DrNew York, NY 10025","New York","New York County","414 Riverside Dr, New York, NY 10025, USA",40.8071701,-73.9668179,3662.197238259
"Condo for sale",578000,2,2,900,"Maspeth, NY 11378","57-15 69th Ln Unit 1Maspeth, NY 11378","Queens County","Queens","5715 69th Ln APT 1, Flushing, NY 11378, USA",40.7265287,-73.8933039,642.222222222222
"Condo for sale",8995000,5,4,4373,"Manhattan, NY 10019","135 W 52nd St Ph 5Manhattan, NY 10019","New York County","New York","135 W 52nd St PH 5, New York, NY 10019, USA",40.7620381,-73.9808958,2056.94031557283
"Condo for sale",629000,3,2,1360,"Brooklyn, NY 11228","269 Bay 8th St Apt 2RBrooklyn, NY 11228","Kings County","Brooklyn","269 Bay 8th St #2r, Brooklyn, NY 11228, USA",40.6063017,-74.0157592,462.5
"Condo for sale",329900,2,2,993,"Howard Beach, NY 11414","149-30 88 St Unit 4DHoward Beach, NY 11414","Queens County","Queens","149-30 88th St #4d, Howard Beach, NY 11414, USA",40.6689793,-73.8476549,332.225579053374
"House for sale",1788888,4,4,2184.207862,"Whitestone, NY 11357","162-15 14th AveWhitestone, NY 11357","New York","Queens County","162-15 14th Ave, Flushing, NY 11357, USA",40.7892182,-73.7997874,819.009962889695
"House for sale",899000,5,2,2184,"Staten Island, NY 10306","39 Rene DrStaten Island, NY 10306","New York","Richmond County","39 Rene Dr, Staten Island, NY 10306, USA",40.565557,-74.1329192,411.630036630037
"Condo for sale",2150000,3,1,750,"New York, NY 10021","163 E 71st St Unit 1New York, NY 10021","New York County","New York","163 E 71st St #1, New York, NY 10021, USA",40.7696597,-73.962084,2866.66666666667
"House for sale",1290000,3,2,2905,"Bronx, NY 10471","5040 Tibbett AveBronx, NY 10471","New York","Bronx County","5040 Tibbett Ave, Bronx, NY 10471, USA",40.8964834,-73.899354,444.061962134251
"House for sale",545000,6,3,1344,"Staten Island, NY 10306","46 Lincoln AveStaten Island, NY 10306","New York","Richmond County","46 Lincoln Ave, Staten Island, NY 10306, USA",40.5804254,-74.1110462,405.505952380952
"Co-op for sale",307000,2,1,960,"Bronx, NY 10463","629 Kappock St Apt 2PBronx, NY 10463","Bronx County","The Bronx","629 Kappock St #2p, Bronx, NY 10463, USA",40.8802558,-73.9168342,319.791666666667
"Condo for sale",595000,1,1,750,"New York, NY 10009","189 Avenue C Apt 9DNew York, NY 10009","New York County","New York","189 Loisaida Ave #9d, New York, NY 10009, USA",40.726984,-73.9769367,793.333333333333
"House for sale",1088888,5,4,2452,"Staten Island, NY 10304","75 Four Corners RdStaten Island, NY 10304","New York","Richmond County","75 4 Corners Rd, Staten Island, NY 10304, USA",40.5908557,-74.1037852,444.081566068515
"Townhouse for sale",650000,3,2,1912,"Bronx, NY 10469","1077 Adee AveBronx, NY 10469","New York","Bronx County","1077 Adee Ave, Bronx, NY 10469, USA",40.8697126,-73.8565137,339.958158995816
"Multi-family home for sale",949999,5,3,1740,"Ozone Park, NY 11417","109-42 Centreville StOzone Park, NY 11417","New York","Queens County","109-42 Centreville St, Jamaica, NY 11417, USA",40.6778227,-73.8350282,545.976436781609
"Multi-family home for sale",879000,4,2,1998,"Bronx, NY 10461","2026 Mayflower AveBronx, NY 10461","New York","Bronx County","2026 Mayflower Ave, Bronx, NY 10461, USA",40.8527278,-73.833506,439.93993993994
"House for sale",850000,6,4,2886,"Far Rockaway, NY 11691","1358 Norton DrFar Rockaway, NY 11691","New York","Queens County","1358 Norton Dr, Far Rockaway, NY 11691, USA",40.6085633,-73.7686771,294.525294525294
"Co-op for sale",675000,2,2,1200,"Brooklyn, NY 11209","9437 Shore Rd Unit 1ABrooklyn, NY 11209","Kings County","Brooklyn","9437 Shore Rd #1a, Brooklyn, NY 11209, USA",40.6168668,-74.0380928,562.5
"House for sale",199000,2,1,900,"Staten Island, NY 10303","2701 Goethals Rd N Apt D7Staten Island, NY 10303","New York","Richmond County","2701 Goethals Rd N d7, Staten Island, NY 10303, USA",40.6281757,-74.1797234,221.111111111111
"Co-op for sale",368000,2,2,2184.207862,"Bayside, NY 11360","18-05 215th St Unit 12HBayside, NY 11360","Queens County","Queens","18-05 215th St #12h, Bayside, NY 11360, USA",40.784673,-73.775263,168.482133226567
"Multi-family home for sale",999999,5,2,2754,"Staten Island, NY 10312","184 Lovelace AveStaten Island, NY 10312","New York","Richmond County","184 Lovelace Ave, Staten Island, NY 10312, USA",40.5509337,-74.1745249,363.107843137255
"Condo for sale",374900,1,1,782,"Bronx, NY 10463","2287 Johnson Ave Apt 12BBronx, NY 10463","Bronx County","The Bronx","2287 Johnson Ave #12b, Bronx, NY 10463, USA",40.8778771,-73.9188767,479.411764705882
"Co-op for sale",365000,2,1,2184.207862,"Jackson Heights, NY 11372","37-30 83rd St Unit 2HJackson Heights, NY 11372","Queens County","Queens","3730 83rd St Apt 2h, Jackson Heights, NY 11372, USA",40.7493341,-73.8834178,167.108637575264
"Multi-family home for sale",999000,7,3,3036,"Bronx, NY 10451","784 Elton AveBronx, NY 10451","New York","Bronx County","784 Elton Ave, Bronx, NY 10451, USA",40.8214661,-73.9132049,329.051383399209
"House for sale",825000,3,2,2184.207862,"Rego Park, NY 11374","62-72 Wetherole StRego Park, NY 11374","New York","Queens County","62-72 Wetherole St, Flushing, NY 11374, USA",40.7291225,-73.8672746,377.711304108473
"House for sale",889000,3,2,2184.207862,"Bronx, NY 10471","6012 Delafield AveBronx, NY 10471","New York","Bronx County","6012 Delafield Ave, Bronx, NY 10471, USA",40.9086225,-73.9024315,407.012544669615
"Co-op for sale",225000,2,1,789,"Brooklyn, NY 10301","1100 Clove Rd Apt 2DBrooklyn, NY 10301","Richmond County","Staten Island","1100 Clove Rd #2d, Staten Island, NY 10301, USA",40.6189484,-74.1071576,285.171102661597
"House for sale",799500,2,2,2250,"Staten Island, NY 10307","627 Rockaway StStaten Island, NY 10307","New York","Richmond County","627 Rockaway St, Staten Island, NY 10307, USA",40.5017889,-74.2393231,355.333333333333
"House for sale",779000,2,2,2184.207862,"Brooklyn, NY 11234","1947 Hendrickson StBrooklyn, NY 11234","New York","Kings County","1947 Hendrickson St, Brooklyn, NY 11234, USA",40.6134102,-73.927727,356.651037455152
"Multi-family home for sale",1880000,7,2,3240,"Brooklyn, NY 11209","415 72nd StBrooklyn, NY 11209","New York","Kings County","415 72nd St, Brooklyn, NY 11209, USA",40.6327207,-74.0236917,580.246913580247
"Townhouse for sale",3e+06,5,2.37386085796844,5000,"Manhattan, NY 10030","263 W 139th StManhattan, NY 10030","New York","New York County","263 W 139th St, New York, NY 10030, USA",40.819079,-73.944168,600
"Co-op for sale",480000,3,2,2184.207862,"Bronx, NY 10463","3901 Independence Ave Apt 2TBronx, NY 10463","Bronx County","The Bronx","3901 Independence Ave Apt 2n, Bronx, NY 10463, USA",40.8890266,-73.9131785,219.759304208566
"House for sale",820000,4,3,2184.207862,"Jamaica, NY 11432","150-08 Grand Central PkwyJamaica, NY 11432","New York","Queens County","150-08 Grand Central Pkwy, Jamaica, NY 11432, USA",40.7154424,-73.8098159,375.422144689634
"Co-op for sale",385000,2,1,800,"Whitestone, NY 11357","160-34 Cross Island Pkwy Unit 6-202Whitestone, NY 11357","Queens County","Queens","16034 Cross Island Pkwy 6 202, Whitestone, NY 11357, USA",40.7865407,-73.8018825,481.25
"House for sale",709999,4,2,2184.207862,"Springfield Gardens, NY 11413","220-45 138th AveSpringfield Gardens, NY 11413","New York","Queens County","220-45 138th Ave, Jamaica, NY 11413, USA",40.6736664,-73.7504403,325.060179643287
"House for sale",699000,3,2,1500,"South Ozone Park, NY 11420","115-11 126th StSouth Ozone Park, NY 11420","New York","Queens County","115-11 126th St, South Ozone Park, NY 11420, USA",40.6785308,-73.8130811,466
"Condo for sale",649000,3,2,1400,"Brooklyn, NY 11235","1220 Avenue Y Unit OaBrooklyn, NY 11235","New York","Kings County","1220 Ave Y, Brooklyn, NY 11235, USA",40.5895025,-73.9579253,463.571428571429
"Townhouse for sale",529000,3,2.37386085796844,1618,"Staten Island, NY 10314","23 Arielle LnStaten Island, NY 10314","New York","Richmond County","23 Arielle Ln, Staten Island, NY 10314, USA",40.5781324,-74.1603451,326.946847960445
"Co-op for sale",325000,2,1,750,"New York, NY 10029","129 E 102nd St Apt 5BNew York, NY 10029","New York County","New York","129 E 102nd St #5b, New York, NY 10029, USA",40.78987,-73.9483335,433.333333333333
"House for sale",999000,3,1,1392,"Brooklyn, NY 11234","1648 Marine PkwyBrooklyn, NY 11234","New York","Kings County","1648 Marine Pkwy, Brooklyn, NY 11234, USA",40.6123969,-73.9422162,717.672413793103
"House for sale",160000,3,2.37386085796844,1064,"Jamaica, NY 11436","114-48 148 StJamaica, NY 11436","New York","Queens County","114-48 148th St, Jamaica, NY 11436, USA",40.6845061,-73.7950299,150.375939849624
"Condo for sale",3895000,3,3,1884,"New York, NY 10004","70 Little West St Apt 26BNew York, NY 10004","New York County","New York","70 Little W St #26b, New York, NY 10004, USA",40.7069489,-74.0169068,2067.40976645435
"Co-op for sale",699000,1,1,2184.207862,"Brooklyn, NY 11201","114 Remsen St Apt ABrooklyn, NY 11201","New York","Kings County","114 Remsen St, Brooklyn, NY 11201, USA",40.6938368,-73.9941354,320.024486753724
"Condo for sale",615000,3,2,1165,"Brooklyn, NY 11224","501 Surf Ave Apt 18FBrooklyn, NY 11224","Brooklyn","Coney Island","Brightwater Towers East, 501 Surf Ave #18f, Brooklyn, NY 11224, USA",40.5755355,-73.9735905,527.896995708154
"Co-op for sale",249000,2,1,800,"Bronx, NY 10465","12 Edgewater Park Unit BBronx, NY 10465","New York","Bronx County","12 Edgewater Park, Bronx, NY 10465, USA",40.8224877,-73.8109803,311.25
"Townhouse for sale",1290000,3,2,1998,"Brooklyn, NY 11223","1867 W 4th StBrooklyn, NY 11223","New York","Kings County","1867 W 4th St, Brooklyn, NY 11223, USA",40.6021136,-73.9764056,645.645645645646
"Multi-family home for sale",850000,4,2,2375,"Staten Island, NY 10309","18 Salamander CtStaten Island, NY 10309","New York","Richmond County","18 Salamander Ct, Staten Island, NY 10309, USA",40.5382166,-74.2235176,357.894736842105
"House for sale",588000,3,2,1140,"Staten Island, NY 10310","111 E Raleigh StStaten Island, NY 10310","New York","Richmond County","111 E Raleigh Ave, Staten Island, NY 10310, USA",40.627807,-74.11527,515.789473684211
"House for sale",1790000,4,2,2184.207862,"Forest Hills, NY 11375","69-55 Kessel StForest Hills, NY 11375","New York","Queens County","69-55 Kessel St, Flushing, NY 11375, USA",40.7143213,-73.85144,819.519071944445
"Multi-family home for sale",1175000,9,3,2184.207862,"East Elmhurst, NY 11369","32-27 92nd StEast Elmhurst, NY 11369","New York","Queens County","32-27 92nd St, Flushing, NY 11369, USA",40.7579132,-73.8760761,537.952463427219
"House for sale",579000,4,2,2184.207862,"Bronx, NY 10465","1523 Bayview AveBronx, NY 10465","New York","Bronx County","1523 Bayview Ave, Bronx, NY 10465, USA",40.8454504,-73.81776,265.084660701583
"Co-op for sale",249000,1,1,850,"Bronx, NY 10463","601 Kappock St Apt 3NBronx, NY 10463","Bronx County","The Bronx","601 Kappock St #3n, Bronx, NY 10463, USA",40.8789773,-73.916004,292.941176470588
"House for sale",2480000,3,2,3600,"Whitestone, NY 11357","151-06 25th AveWhitestone, NY 11357","New York","Queens County","15106 25th Ave, Whitestone, NY 11357, USA",40.7754585,-73.8125494,688.888888888889
"Multi-family home for sale",999000,4,3,2270,"Bronx, NY 10469","2415 Throop AveBronx, NY 10469","New York","Bronx County","2415 Throop Ave, Bronx, NY 10469, USA",40.8614806,-73.8513941,440.088105726872
"Co-op for sale",228500,1,1,750,"Kew Gardens, NY 11415","123-35 82nd Rd Unit 7UKew Gardens, NY 11415","Queens County","Queens","12335 82nd Rd Apt 7h, Kew Gardens, NY 11415, USA",40.7115099,-73.82872,304.666666666667
"Co-op for sale",305000,2,1,2184.207862,"Whitestone, NY 11357","164-11 Willets Point Blvd Unit 2Whitestone, NY 11357","Queens County","Queens","164- 11 Willets Point Blvd #2, Whitestone, NY 11357, USA",40.783465,-73.7990603,139.638724549193
"Multi-family home for sale",1500000,6,2,3600,"New York, NY 10027","344 W 121st StNew York, NY 10027","New York","New York County","344 W 121st St, New York, NY 10027, USA",40.8082664,-73.9550742,416.666666666667
"Multi-family home for sale",778000,4,3,2185,"Staten Island, NY 10310","126 Elizabeth StStaten Island, NY 10310","New York","Richmond County","126 Elizabeth St, Staten Island, NY 10310, USA",40.6308436,-74.1204059,356.064073226545
"House for sale",850000,3,2,1320,"Whitestone, NY 11357","151-23 12th RdWhitestone, NY 11357","New York","Queens County","151-23 12th Rd, Flushing, NY 11357, USA",40.7907048,-73.8110968,643.939393939394
"House for sale",428000,3,3,2184.207862,"Brooklyn, NY 11234","1126 E 73rd St Units 43 & 33Brooklyn, NY 11234","New York","Kings County","1126 E 73rd St, Brooklyn, NY 11234, USA",40.6274951,-73.915694,195.952046252638
"Co-op for sale",639000,1,1,2184.207862,"New York, NY 10028","45 E End Ave Apt 5ENew York, NY 10028","New York County","New York","45 East End Ave #5e, New York, NY 10028, USA",40.77172,-73.9467052,292.554573727654
"House for sale",835000,3,2,2184.207862,"Brooklyn, NY 11234","4408 Flatlands AveBrooklyn, NY 11234","New York","Kings County","4408 Flatlands Ave, Brooklyn, NY 11234, USA",40.6226706,-73.9327329,382.289622946152
"House for sale",1250000,3,2,1560,"Bayside, NY 11360","28-39 213th StBayside, NY 11360","New York","Queens County","28-39 213th St, Flushing, NY 11360, USA",40.7756208,-73.7758933,801.282051282051
"House for sale",1695000,5,3,2160,"Brooklyn, NY 11209","68 74th StBrooklyn, NY 11209","New York","Kings County","68 74th St, Brooklyn, NY 11209, USA",40.633504,-74.034181,784.722222222222
"House for sale",502900,4,2,1440,"Cambria Heights, NY 11411","11718 Nashville BlvdCambria Heights, NY 11411","New York","Queens County","11718 Nashville Blvd, Queens, NY 11411, USA",40.6958663,-73.7450046,349.236111111111
"Multi-family home for sale",749000,4,2,1420,"Bronx, NY 10461","2119 Lurting AveBronx, NY 10461","New York","Bronx County","2119 Lurting Ave, Bronx, NY 10461, USA",40.8547724,-73.8583315,527.464788732394
"Multi-family home for sale",529000,5,2,2248,"Far Rockaway, NY 11691","216 Beach 31st StFar Rockaway, NY 11691","New York","Queens County","216 B 31st St, Far Rockaway, NY 11691, USA",40.5952037,-73.7634372,235.320284697509
"House for sale",705000,2,2,2184.207862,"Middle Village, NY 11379","76-22 57th RdMiddle Village, NY 11379","New York","Queens County","76-22 57th Rd, Flushing, NY 11379, USA",40.727192,-73.883684,322.771478056332
"Co-op for sale",549000,1,1,2184.207862,"New York, NY 10021","535 E 72nd St Apt 4ANew York, NY 10021","New York County","New York","535 E 72nd St #4a, New York, NY 10021, USA",40.7662222,-73.9516342,251.349704188548
"Co-op for sale",335000,2,1,745,"Jackson Heights, NY 11372","35-35 82nd St Unit 24Jackson Heights, NY 11372","Queens County","Queens","3535 82nd St Apt 24, Jackson Heights, NY 11372, USA",40.7517899,-73.88467,449.664429530201
"House for sale",599000,3,2,2184.207862,"Rockaway Park, NY 11694","312F Beach 101st StRockaway Park, NY 11694","New York","Queens County","312F Beach 101st St, Rockaway Park, NY 11694, USA",40.5853206,-73.8221893,274.24129837694
"Townhouse for sale",334999,1,2,1059,"Staten Island, NY 10312","306 Ilyssa WayStaten Island, NY 10312","New York","Richmond County","306 Ilyssa Way, Staten Island, NY 10312, USA",40.560143,-74.1854357,316.33522190746
"Co-op for sale",295000,1,1,2184.207862,"Bronx, NY 10463","3001 Henry Hudson Pkwy Apt 3IBronx, NY 10463","New York","Bronx County","3001 Henry Hudson Pkwy, Bronx, NY 10463, USA",40.883124,-73.9164633,135.060405711515
"House for sale",560000,3,2,2184.207862,"Bronx, NY 10473","815 Havemeyer AveBronx, NY 10473","New York","Bronx County","815 Havemeyer Ave, Bronx, NY 10473, USA",40.824234,-73.84638,256.385854909994
"House for sale",799000,3,2,2279,"Brooklyn, NY 11234","6911 Avenue YBrooklyn, NY 11234","New York","Kings County","6911 Avenue Y, Brooklyn, NY 11234, USA",40.6131995,-73.9019711,350.5923650724
"Condo for sale",720000,3,2,1046,"Brooklyn, NY 11221","782 Madison St Apt 1ABrooklyn, NY 11221","Kings County","Brooklyn","782 Madison St #1a, Brooklyn, NY 11221, USA",40.6873745,-73.9264057,688.336520076482
"Contingent",249999,1,1,750,"Staten Island, NY 10308","3747 Amboy Rd Apt 2AStaten Island, NY 10308","Richmond County","Staten Island","3747 Amboy Rd #2a, Staten Island, NY 10308, USA",40.5523555,-74.1450647,333.332
"House for sale",850000,3,2,2184.207862,"South Ozone Park, NY 11420","135-20 Lefferts BlvdSouth Ozone Park, NY 11420","New York","Queens County","135-20 Lefferts Blvd, Jamaica, NY 11420, USA",40.6699378,-73.8213422,389.157101202669
"Multi-family home for sale",750000,3,2,2184.207862,"Brooklyn, NY 11223","457 Van Sicklen StBrooklyn, NY 11223","New York","Kings County","457 Van Sicklen St, Brooklyn, NY 11223, USA",40.5931071,-73.9753582,343.373912825885
"Multi-family home for sale",625000,5,2.37386085796844,2184.207862,"Brooklyn, NY 11208","198 Shepherd AveBrooklyn, NY 11208","New York","Kings County","198 Shepherd Ave, Brooklyn, NY 11208, USA",40.679665,-73.8819497,286.144927354904
"House for sale",650000,2,2,896,"Bellerose, NY 11426","76-18 251st StBellerose, NY 11426","New York","Queens County","76-18 251st St, Jamaica, NY 11426, USA",40.7452362,-73.7204545,725.446428571429
"Townhouse for sale",4845000,9,6,5939,"New York, NY 10035","2099 Fifth AveNew York, NY 10035","New York","New York County","2099 5th Ave, New York, NY 10035, USA",40.808933,-73.940052,815.793904697761
"Co-op for sale",580000,1,1,2184.207862,"Manhattan, NY 10019","305 W 55th St Apt 2AManhattan, NY 10019","New York County","New York","305 W 55th St #2a, New York, NY 10019, USA",40.7657861,-73.9842196,265.542492585351
"Co-op for sale",887785,2,2,2184.207862,"New York, NY 10044","575 Main St Apt 1602New York, NY 10044","Queens County","Queens","57-5 Main St #1602, Flushing, NY 11355, USA",40.7462427,-73.8259167,406.456278930837
"Condo for sale",499999,3,1,701,"Brooklyn, NY 11229","2362 E 13th St Apt 2BBrooklyn, NY 11229","Kings County","Brooklyn","2362 E 13th St #2b, Brooklyn, NY 11229, USA",40.5925315,-73.9574046,713.265335235378
"Pending",599000,4,2,1348,"Bronx, NY 10461","1527 Gillespie Ave Unit 1ABronx, NY 10461","Bronx County","The Bronx","1527 Gillespie Ave #1a, Bronx, NY 10461, USA",40.84296,-73.8312695,444.362017804154
"Pending",1149000,5,4,2169,"Brooklyn, NY 11208","48 Highland PlBrooklyn, NY 11208","New York","Kings County","48 Highland Pl, Brooklyn, NY 11208, USA",40.6841571,-73.8820567,529.737206085754
"House for sale",988000,4,2.37386085796844,2400,"Staten Island, NY 10304","4 Minna StStaten Island, NY 10304","New York","Richmond County","4 Minna St, Staten Island, NY 10304, USA",40.5945187,-74.0904783,411.666666666667
"House for sale",764600,4,2,1884,"Staten Island, NY 10308","187 Greencroft AveStaten Island, NY 10308","New York","Richmond County","187 Greencroft Ave, Staten Island, NY 10308, USA",40.5496155,-74.1391082,405.83864118896
"Condo for sale",699900,1,1,2184.207862,"Long Island City, NY 11101","11-25 47th Ave Unit 1Long Island City, NY 11101","Queens County","Queens","1125 47th Ave APT 1, Long Island City, NY 11101, USA",40.745068,-73.949763,320.436535449116
"Townhouse for sale",5495000,5,4,4296,"Brooklyn, NY 11215","769 Carroll StBrooklyn, NY 11215","New York","Kings County","769 Carroll St, Brooklyn, NY 11215, USA",40.6729621,-73.9751283,1279.09683426443
"House for sale",3900000,5,6,7723,"Malba, NY 11357","14446 BoulevardMalba, NY 11357","New York","Queens County","144-46 Boulevard, Malba, NY 11357, USA",40.7924222,-73.8260759,504.98510941344
"Co-op for sale",999000,2,2,2184.207862,"Manhattan, NY 10044","531 Main St Apt 520Manhattan, NY 10044","New York County","New York","531 Main St #520, New York, NY 10044, USA",40.7617289,-73.9502411,457.374051884078
"Townhouse for sale",10495000,7,4,5100,"Brooklyn, NY 11201","48 Garden PlBrooklyn, NY 11201","New York","Kings County","48 Garden Pl, Brooklyn, NY 11201, USA",40.6919769,-73.9967879,2057.8431372549
"Co-op for sale",188000,3,1,2184.207862,"Woodside, NY 11377","6011 Broadway Apt L5Woodside, NY 11377","Queens County","Queens","6011 Broadway Apt L5, Woodside, NY 11377, USA",40.7511899,-73.90201,86.0723941483551
"House for sale",499900,3,2,1232,"Staten Island, NY 10312","40 Bunnell Ct Unit AStaten Island, NY 10312","New York","Richmond County","40 Bunnell Ct, Staten Island, NY 10312, USA",40.5527401,-74.1995549,405.762987012987
"Co-op for sale",545000,1,1,2184.207862,"Manhattan, NY 10024","28 W 87th St Apt 4AManhattan, NY 10024","New York County","New York","28 W 87th St #4a, New York, NY 10024, USA",40.7863158,-73.9702042,249.518376653476
"Condo for sale",705000,2,2,2184.207862,"Middle Village, NY 11379","66-41 69th St Unit 1EMiddle Village, NY 11379","Queens County","Queens","6641 69th St # P-1, Flushing, NY 11379, USA",40.7135957,-73.8863491,322.771478056332
"House for sale",1289000,4,4,2184.207862,"Glen Oaks, NY 11004","257-03 80th AveGlen Oaks, NY 11004","New York","Queens County","257-03 80th Ave, Queens, NY 11004, USA",40.7445255,-73.7137434,590.145298176754
"Co-op for sale",389000,2,1,2184.207862,"Maspeth, NY 11378","62-19 53rd Ave Unit 3PMaspeth, NY 11378","Queens County","Queens","6219 53rd Ave Apt 3p, Maspeth, NY 11378, USA",40.7317199,-73.90176,178.096602785692
"Co-op for sale",350000,2,1,2184.207862,"Brooklyn, NY 11220","414 61st St Apt 4ABrooklyn, NY 11220","Kings County","Brooklyn","414 61st St #4a, Brooklyn, NY 11220, USA",40.6397364,-74.0186847,160.241159318746
"Condo for sale",295000,3,1,2184.207862,"New York, NY 10037","48 W 138th St Apt 6FNew York, NY 10037","New York County","New York","48 W 138th St #6f, New York, NY 10037, USA",40.8153693,-73.9384161,135.060405711515
"Multi-family home for sale",918000,4,3,2184.207862,"Forest Hills, NY 11375","88-04 69th RdForest Hills, NY 11375","New York","Queens County","88-04 69th Rd, Forest Hills, NY 11375, USA",40.7093093,-73.8548324,420.289669298883
"Multi-family home for sale",1799000,4,3,3176,"Forest Hills, NY 11375","10005 69th AveForest Hills, NY 11375","New York","Queens County","100-05 69th Ave, Forest Hills, NY 11375, USA",40.7196606,-73.8507871,566.435768261965
"Multi-family home for sale",989000,4,2,1827,"Brooklyn, NY 11229","2374 E 17th StBrooklyn, NY 11229","New York","Kings County","2374 E 17th St, Brooklyn, NY 11229, USA",40.5927382,-73.9536851,541.324575807334
"Multi-family home for sale",890000,5,2,2144,"Staten Island, NY 10305","146 Cedar AveStaten Island, NY 10305","New York","Richmond County","146 Cedar Ave, Staten Island, NY 10305, USA",40.5960203,-74.0673498,415.111940298507
"Condo for sale",469888,2,2,1164,"Bronx, NY 10464","152 Tier St Apt 211CBronx, NY 10464","New York","Bronx County","152 Tier St, Bronx, NY 10464, USA",40.8480712,-73.7861809,403.683848797251
"Co-op for sale",310000,2,1,2184.207862,"New York, NY 10031","655 Riverside Dr Apt 5ANew York, NY 10031","New York County","New York","655 Riverside Dr #5a, New York, NY 10031, USA",40.8255972,-73.9529963,141.927883968032
"Co-op for sale",479000,1,1,2184.207862,"Manhattan, NY 10024","335 W 85th St Apt 4AManhattan, NY 10024","New York County","New York","335 W 85th St #4a, New York, NY 10024, USA",40.788879,-73.9794905,219.301472324798
"House for sale",1290000,4,3,2184.207862,"Whitestone, NY 11357","141-03 15th AveWhitestone, NY 11357","New York","Queens County","141-03 15th Ave, Flushing, NY 11357, USA",40.7848355,-73.8276854,590.603130060522
"Townhouse for sale",4250000,3,4,3376,"Brooklyn, NY 11238","189 Prospect Pl Apt 1Brooklyn, NY 11238","Kings County","Brooklyn","189 Prospect Pl #1, Brooklyn, NY 11238, USA",40.6781953,-73.9702616,1258.88625592417
"Townhouse for sale",7400000,4,2.37386085796844,3700,"Brooklyn, NY 11217","413 Degraw StBrooklyn, NY 11217","New York","Kings County","413 Degraw St, Brooklyn, NY 11217, USA",40.6820656,-73.9903833,2000
"House for sale",899000,3,2,2184.207862,"Flushing, NY 11358","46-02 190th StFlushing, NY 11358","New York","Queens County","46-2 190th St, Flushing, NY 11358, USA",40.7523748,-73.7900912,411.590863507294
"House for sale",16500000,2,2,5834,"New York, NY 10011","245 W 18th StNew York, NY 10011","New York","New York County","245 W 18th St, New York, NY 10011, USA",40.7420282,-73.9997276,2828.24820020569
"Co-op for sale",659000,3,2,1300,"Bronx, NY 10465","3 Edgewater Park Unit 3ABronx, NY 10465","Bronx County","The Bronx","3 Edgewater Park #3a, Bronx, NY 10465, USA",40.8224429,-73.8109606,506.923076923077
"House for sale",1150000,5,3,2184.207862,"Howard Beach, NY 11414","162-31 91st StHoward Beach, NY 11414","New York","Queens County","162-31 91st St, Howard Beach, NY 11414, USA",40.6529502,-73.8400922,526.506666333023
"Multi-family home for sale",499000,5,2,2184.207862,"Brooklyn, NY 11203","752 Rutland RdBrooklyn, NY 11203","New York","Kings County","752 Rutland Rd, Brooklyn, NY 11203, USA",40.6601399,-73.9354891,228.458110000155
"House for sale",725000,3,2,1476,"Staten Island, NY 10306","480 Lynn StStaten Island, NY 10306","New York","Richmond County","480 Lynn St, Staten Island, NY 10306, USA",40.5582278,-74.1173549,491.192411924119
"Condo for sale",929000,3,2,2184.207862,"Douglaston, NY 11362","24010A Oak Park Dr Unit 23ADouglaston, NY 11362","Queens County","Queens","24010A Oak Park Dr # 23a, Douglaston, NY 11362, USA",40.7459681,-73.7331069,425.325820020329
"Co-op for sale",629000,2,2,1600,"Floral Park, NY 11005","27110 Grand Central Pkwy Apt 22NFloral Park, NY 11005","Queens County","Queens","27110 Grand Central Pkwy #22n, Queens Village, NY 11005, USA",40.7564761,-73.7212008,393.125
"House for sale",285000,3,1,1428,"Staten Island, NY 10303","72 Holland AveStaten Island, NY 10303","New York","Richmond County","72 Holland Ave, Staten Island, NY 10303, USA",40.6384738,-74.1714633,199.579831932773
"Co-op for sale",315000,2,1,2184.207862,"Astoria, NY 11105","21-48 35th St Unit 5GAstoria, NY 11105","Queens County","Queens","21-48 35th St #5b, Queens, NY 11105, USA",40.7758184,-73.907993,144.217043386872
"Condo for sale",698000,2,2,824,"Flushing, NY 11354","142-18 38th Ave Unit 7DFlushing, NY 11354","Queens County","Queens","142-18 38th Ave #7d, Queens, NY 11354, USA",40.7616652,-73.826414,847.087378640777
"House for sale",849000,4,3,2184.207862,"Bellerose, NY 11426","87-01 Commonwealth BlvdBellerose, NY 11426","New York","Queens County","87-01 Commonwealth Blvd, Jamaica, NY 11426, USA",40.7299635,-73.7195673,388.699269318901
"Townhouse for sale",1775000,6,4,4900,"Manhattan, NY 10034","642 W 207th StManhattan, NY 10034","New York","New York County","642 W 207th St, New York, NY 10034, USA",40.8685757,-73.9220436,362.244897959184
"Townhouse for sale",3850000,4,2,2160,"New York, NY 10028","420 E 84th StNew York, NY 10028","New York","New York County","420 E 84th St, New York, NY 10028, USA",40.7750748,-73.9496097,1782.40740740741
"Condo for sale",4500000,5,4,3180,"Manhattan, NY 10280","377 Rector Pl Ph BManhattan, NY 10280","New York","New York County","377 Rector Pl, New York, NY 10280, USA",40.709894,-74.017865,1415.09433962264
"House for sale",465000,2,2,988,"Bronx, NY 10465","659 Wilcox AveBronx, NY 10465","New York","Bronx County","659 Wilcox Ave, Bronx, NY 10465, USA",40.8285177,-73.8155198,470.647773279352
"Contingent",869900,4,2,2280,"Staten Island, NY 10314","25 Copley StStaten Island, NY 10314","New York","Richmond County","25 Copley St, Staten Island, NY 10314, USA",40.5873346,-74.1553517,381.535087719298
"Multi-family home for sale",699000,3,2.37386085796844,2034,"Bronx, NY 10469","2728 Hone AveBronx, NY 10469","New York","Bronx County","2728 Hone Ave, Bronx, NY 10469, USA",40.8665092,-73.8574012,343.657817109145
"House for sale",799000,3,2,864,"Staten Island, NY 10306","310 Montreal AveStaten Island, NY 10306","New York","Richmond County","310 Montreal Ave, Staten Island, NY 10306, USA",40.5593089,-74.1264964,924.768518518518
"Condo for sale",290000,1,1,2184.207862,"Rego Park, NY 11374","65-50 Wetherole St Unit LvRego Park, NY 11374","New York","Queens County","65-50 Wetherole St, Flushing, NY 11374, USA",40.7255887,-73.8589005,132.771246292675
"House for sale",575000,5,3,2076,"Bronx, NY 10466","627 E 236th StBronx, NY 10466","New York","Bronx County","627 E 236th St, Bronx, NY 10466, USA",40.8965002,-73.8585406,276.974951830443
"Pending",5e+05,5,3,2472,"Brooklyn, NY 11219","1158 54th StBrooklyn, NY 11219","New York","Kings County","1158 54th St, Brooklyn, NY 11219, USA",40.6339137,-73.9982004,202.265372168285
"House for sale",2750000,3,5,4600,"Brooklyn, NY 11234","2317 E 63rd StBrooklyn, NY 11234","New York","Kings County","2317 E 63rd St, Brooklyn, NY 11234, USA",40.6126355,-73.909459,597.826086956522
"Condo for sale",495000,2,1,766,"New York, NY 10033","69 Bennett Ave Apt 509New York, NY 10033","New York County","New York","69 Bennett Ave Apt 509, New York, NY 10033, USA",40.8525968,-73.9352912,646.21409921671
"Multi-family home for sale",1199000,4,4,2279,"Staten Island, NY 10308","158 Cloverdale AveStaten Island, NY 10308","New York","Richmond County","158 Cloverdale Ave, Staten Island, NY 10308, USA",40.545515,-74.156447,526.10794207986
"Co-op for sale",605000,3,2,1500,"Bronx, NY 10463","2575 Palisade Ave Apt 1LBronx, NY 10463","Bronx County","The Bronx","2575 Palisade Ave #1l, Bronx, NY 10463, USA",40.8818819,-73.921791,403.333333333333
"Co-op for sale",550000,2,1,2184.207862,"Brooklyn, NY 11232","611 41st St Apt LBrooklyn, NY 11232","New York","Kings County","611 41st St, Brooklyn, NY 11232, USA",40.6487997,-74.0024232,251.807536072315
"House for sale",768000,3,2,1065,"Bayside, NY 11361","32-50 204th StBayside, NY 11361","New York","Queens County","32-50 204th St, Flushing, NY 11361, USA",40.7693375,-73.7854318,721.12676056338
"Condo for sale",2099000,3,2,1711,"Brooklyn, NY 11201","100 Jay St Apt 16ABrooklyn, NY 11201","Kings County","Brooklyn","100 Jay St #16a, Brooklyn, NY 11201, USA",40.7019735,-73.9869044,1226.76797194623
"Co-op for sale",575000,3,2,1480,"Brooklyn, NY 11235","3903 Nostrand Ave Apt 5PBrooklyn, NY 11235","Kings County","Brooklyn","3903 Nostrand Ave. #5p, Brooklyn, NY 11235, USA",40.5886056,-73.9394034,388.513513513513
"House for sale",639000,3,2,1224,"Bronx, NY 10465","2919 Greene PlBronx, NY 10465","New York","Bronx County","2919 Greene Pl, Bronx, NY 10465, USA",40.832149,-73.8265941,522.058823529412
"Co-op for sale",525000,3,1,2184.207862,"New York, NY 10023","180 W End Ave Apt 19PNew York, NY 10023","New York County","New York","180 West End Ave #19b, New York, NY 10023, USA",40.7774246,-73.98562,240.361738978119
"House for sale",850000,3,2.37386085796844,2160,"Staten Island, NY 10305","167 Mills AveStaten Island, NY 10305","New York","Richmond County","167 Mills Ave, Staten Island, NY 10305, USA",40.5931048,-74.0663488,393.518518518519
"Multi-family home for sale",674999,5,2,2600,"Bronx, NY 10460","1463 Longfellow AveBronx, NY 10460","New York","Bronx County","1463 Longfellow Ave, Bronx, NY 10460, USA",40.8315561,-73.8872273,259.615
"Condo for sale",345000,1,1,2184.207862,"Jamaica, NY 11432","172-31 Highland Ave Unit 2AJamaica, NY 11432","Queens County","Queens","172-31 Highland Ave #2a, Jamaica, NY 11432, USA",40.7135571,-73.7901901,157.951999899907
"Multi-family home for sale",788888,5,2,3443,"Brooklyn, NY 11234","1125 E 57th StBrooklyn, NY 11234","New York","Kings County","1125 E 57th St, Brooklyn, NY 11234, USA",40.6255174,-73.9205183,229.128085971536
"Co-op for sale",379000,2,2,1160,"Brooklyn, NY 11210","3215 Avenue H Apt 3PBrooklyn, NY 11210","Kings County","Brooklyn","3215 Avenue H #3p, Brooklyn, NY 11210, USA",40.6320616,-73.9452586,326.724137931034
"Pending",1495000,1,1,814,"Brooklyn, NY 11201","9 Dekalb Ave Unit 55DBrooklyn, NY 11201","Kings County","Brooklyn","9 Dekalb Ave #55, Brooklyn, NY 11201, USA",40.6903851,-73.9825343,1836.60933660934
"Pending",2288000,4,3,1788,"Brooklyn, NY 11228","1024 82nd StBrooklyn, NY 11228","New York","Kings County","1024 82nd St, Brooklyn, NY 11228, USA",40.6197363,-74.0177331,1279.64205816555
"Multi-family home for sale",699000,4,2,2184.207862,"Richmond Hill, NY 11418","85-30 101st StRichmond Hill, NY 11418","New York","Queens County","85-30 101st St, Jamaica, NY 11418, USA",40.6963847,-73.8472713,320.024486753724
"Co-op for sale",250000,1,1,900,"Bronx, NY 10463","3017 Riverdale Ave Apt 1FBronx, NY 10463","Bronx County","The Bronx","3017 Riverdale Ave #1f, Bronx, NY 10463, USA",40.880985,-73.9102329,277.777777777778
"House for sale",1120000,3,2,2184.207862,"Little Neck, NY 11362","263-07 57th AveLittle Neck, NY 11362","New York","Queens County","263-07 57th Ave., Flushing, NY 11362, USA",40.7639092,-73.7205952,512.771709819988
"House for sale",858000,2,2,2184.207862,"Elmhurst, NY 11373","52-37 84th StElmhurst, NY 11373","New York","Queens County","52-37 84th St, Elmhurst, NY 11373, USA",40.7329998,-73.8824499,392.819756272812
"Co-op for sale",1275000,1,1,1000,"New York, NY 10036","521 W 47th St Apt 2BNew York, NY 10036","New York County","New York","521 W 47th St #2b, New York, NY 10036, USA",40.7635661,-73.9941366,1275
"House for sale",1070000,4,2,2192,"Staten Island, NY 10305","146 Major AveStaten Island, NY 10305","New York","Richmond County","146 Major Ave, Staten Island, NY 10305, USA",40.5991039,-74.067279,488.138686131387
"Townhouse for sale",4800000,10,4,5353,"Brooklyn, NY 11215","407 3rd StBrooklyn, NY 11215","New York","Kings County","407 3rd St., Brooklyn, NY 11215, USA",40.6722614,-73.9816141,896.693442929199
"Townhouse for sale",14600000,6,2.37386085796844,6630,"Manhattan, NY 10023","122 W 73rd StManhattan, NY 10023","New York","New York County","122 W 73rd St, New York, NY 10023, USA",40.7782059,-73.9790314,2202.11161387632
"Co-op for sale",895000,2,2,2184.207862,"Manhattan, NY 10024","202 W 78th St Apt 2EManhattan, NY 10024","New York County","New York","202 W 78th St #2a, New York, NY 10024, USA",40.7824047,-73.979261,409.759535972222
"House for sale",1250000,6,3,2400,"Bronx, NY 10465","1316 Kearney AveBronx, NY 10465","New York","Bronx County","1316 Kearney Ave, Bronx, NY 10465, USA",40.8392843,-73.8243081,520.833333333333
"Multi-family home for sale",1788000,6,5,2184.207862,"Flushing, NY 11355","136-08 Elder AveFlushing, NY 11355","New York","Queens County","136-8 Elder Ave, Flushing, NY 11355, USA",40.7494508,-73.8284569,818.603408176909
"Multi-family home for sale",799000,4,3,1344,"Brooklyn, NY 11236","8519 Glenwood RdBrooklyn, NY 11236","New York","Kings County","8519 Glenwood Rd, Brooklyn, NY 11236, USA",40.6398093,-73.9109383,594.494047619048
"House for sale",879000,3,2,2184.207862,"Middle Village, NY 11379","66-18 Gray StMiddle Village, NY 11379","New York","Queens County","66-18 Gray St, Flushing, NY 11379, USA",40.714999,-73.878128,402.434225831937
"Multi-family home for sale",963000,4,4,2400,"Staten Island, NY 10307","3 Craig AveStaten Island, NY 10307","New York","Richmond County","3 Craig Ave, Staten Island, NY 10307, USA",40.5168606,-74.2375349,401.25
"Multi-family home for sale",998000,11,6,2184.207862,"Brooklyn, NY 11234","3724 Flatlands AveBrooklyn, NY 11234","New York","Kings County","3724 Flatlands Ave, Brooklyn, NY 11234, USA",40.6186409,-73.9389327,456.916220000311
"Co-op for sale",950000,2,1,1000,"New York, NY 10023","140 W End Ave Apt 7BNew York, NY 10023","New York County","New York","140 West End Ave #7b, New York, NY 10023, USA",40.7759205,-73.9861034,950
"Condo for sale",410000,2,1,2184.207862,"Staten Island, NY 10314","85 Elmwood Park Dr Apt 60Staten Island, NY 10314","Richmond County","Staten Island","85 Elmwood Park Dr APT 60, Staten Island, NY 10314, USA",40.5800127,-74.1614787,187.711072344817
"Co-op for sale",269000,1,1,900,"Jamaica, NY 11432","170-40 Highland Ave Unit 404Jamaica, NY 11432","Queens County","Queens","17040 Highland Ave Apt 404, Jamaica, NY 11432, USA",40.7125699,-73.79318,298.888888888889
"House for sale",8500000,7,6,7000,"New York, NY 10013","19 Vestry StNew York, NY 10013","New York","New York County","19 Vestry St, New York, NY 10013, USA",40.7223906,-74.0075502,1214.28571428571
"Multi-family home for sale",1195000,11,6,2184.207862,"Bronx, NY 10458","2312 Beaumont AveBronx, NY 10458","New York","Bronx County","2312 Beaumont Ave, Bronx, NY 10458, USA",40.8526383,-73.8850533,547.109101102576
"Co-op for sale",550000,2,1,1069,"Forest Hills, NY 11375","4 Dartmouth St Apt 71Forest Hills, NY 11375","Queens County","Queens","4 Dartmouth St Apt 71, Forest Hills, NY 11375, USA",40.7192373,-73.846265,514.499532273152
"Multi-family home for sale",940000,9,4,2184.207862,"Jamaica, NY 11435","146-13 105th AveJamaica, NY 11435","New York","Queens County","146-13 105th Ave, Jamaica, NY 11435, USA",40.6946299,-73.8051802,430.361970741775
"House for sale",865000,3,3,2184.207862,"Woodside, NY 11377","50-39 61st StWoodside, NY 11377","New York","Queens County","50-39 61st St, Flushing, NY 11377, USA",40.7359218,-73.9035224,396.024579459187
"Condo for sale",7995000,3,4,4412,"New York, NY 10016","45 E 30th St # BNew York, NY 10016","New York","New York County","45 E 30th St, New York, NY 10016, USA",40.7449246,-73.9836051,1812.10335448776
"House for sale",690000,3,2,1284,"Staten Island, NY 10305","112 Pearsall StStaten Island, NY 10305","New York","Richmond County","112 Pearsall St, Staten Island, NY 10305, USA",40.5884822,-74.0735337,537.383177570093
"Co-op for sale",330000,3,1,2184.207862,"Woodhaven, NY 11421","83-20 98th St Unit 1UWoodhaven, NY 11421","Queens County","Queens","83-20 98th St #1a, Woodhaven, NY 11421, USA",40.6994276,-73.8518226,151.084521643389
"Townhouse for sale",8750000,7,8,5000,"New York, NY 10014","241 W 4th StNew York, NY 10014","New York","New York County","241 West 4th Street, New York, NY 10014, USA",40.7345979,-74.0029107,1750
"Co-op for sale",619000,2,2,1200,"Brooklyn, NY 11235","200 Corbin Pl Apt 5NBrooklyn, NY 11235","Kings County","Brooklyn","200 Corbin Pl #5n, Brooklyn, NY 11235, USA",40.5768871,-73.9542132,515.833333333333
"House for sale",899000,3,1,1050,"Staten Island, NY 10314","159 Lander AveStaten Island, NY 10314","New York","Richmond County","159 Lander Ave, Staten Island, NY 10314, USA",40.6141485,-74.1643422,856.190476190476
"House for sale",1175000,2,2,1144,"Brooklyn, NY 11209","4 78th StBrooklyn, NY 11209","New York","Kings County","4 78th St, Brooklyn, NY 11209, USA",40.6314389,-74.0378384,1027.0979020979
"Multi-family home for sale",2999000,8,2.37386085796844,6000,"Brooklyn, NY 11228","7923 12th AveBrooklyn, NY 11228","New York","Kings County","7923 12th Ave, Brooklyn, NY 11228, USA",40.618804,-74.012196,499.833333333333
"Condo for sale",1395000,2,2,1793,"New York, NY 10023","253 W 73rd St Apt 4FNew York, NY 10023","New York County","New York","253 W 73rd St #4f, New York, NY 10023, USA",40.780245,-73.9827963,778.025655326269
"Co-op for sale",8e+05,2,2,2184.207862,"Queens, NY 11372","3442 80th St Apt 32Queens, NY 11372","Queens County","Queens","3442 80th St Apt 32, Jackson Heights, NY 11372, USA",40.7535399,-73.8868899,366.265507014277
"Co-op for sale",499000,2,1,686,"Manhattan, NY 10036","430 W 46th St Apt 5EManhattan, NY 10036","New York County","New York","430 W 46th St #5a, New York, NY 10036, USA",40.7615546,-73.9923686,727.405247813411
"House for sale",1625000,4,4,2743,"New York, NY 10024","269 W 87th St Apt 7ANew York, NY 10024","New York County","New York","269 W 87th St #7a, New York, NY 10024, USA",40.7895034,-73.9769713,592.417061611374
"House for sale",799999,3,3,1444,"Jamaica, NY 11429","106-10 217th StJamaica, NY 11429","New York","Queens County","106-10 217th St, Jamaica, NY 11429, USA",40.7110987,-73.741186,554.015927977839
"House for sale",1139000,4,4,3150,"Staten Island, NY 10312","950 Huguenot AveStaten Island, NY 10312","New York","Richmond County","950 Huguenot Ave, Staten Island, NY 10312, USA",40.5308796,-74.1913113,361.587301587302
"House for sale",529000,3,2,1650,"Bronx, NY 10473","401 Harding ParkBronx, NY 10473","New York","Bronx County","401 Harding Park, Bronx, NY 10473, USA",40.8061399,-73.8579944,320.606060606061
"Co-op for sale",3e+05,3,1,1200,"Brooklyn, NY 11235","2741 E 28th St Apt 4DBrooklyn, NY 11235","Kings County","Brooklyn","2741 E 28th St #4d, Brooklyn, NY 11235, USA",40.5862693,-73.9407123,250
"House for sale",799000,5,4,1802,"Brooklyn, NY 11214","8648 26th AveBrooklyn, NY 11214","United States","New York","8648 26th Ave, Brooklyn, NY 11214, USA",40.5957485,-73.9862201,443.396226415094
"Multi-family home for sale",869000,6,3,1526,"Bronx, NY 10461","1032 Rhinelander AveBronx, NY 10461","New York","Bronx County","1032 Rhinelander Ave, Bronx, NY 10461, USA",40.8505252,-73.856443,569.462647444299
"House for sale",749000,3,2,1480,"Bronx, NY 10461","1238 Pinchot PlBronx, NY 10461","New York","Bronx County","1238 Pinchot Pl, Bronx, NY 10461, USA",40.8534458,-73.8484651,506.081081081081
"Co-op for sale",240900,2,1,875,"Bronx, NY 10463","2390 Palisade Ave Apt 4KBronx, NY 10463","Bronx County","The Bronx","2390 Palisade Ave #4c, Bronx, NY 10463, USA",40.8797408,-73.9204193,275.314285714286
"House for sale",1295000,3,1,2184.207862,"Sunnyside, NY 11104","47-17 39th AveSunnyside, NY 11104","New York","Queens County","47-17 39th Ave, Long Island City, NY 11104, USA",40.7493551,-73.9158547,592.892289479361
"Pending",3850000,8,6,6200,"Brooklyn, NY 11210","1121 E 22nd StBrooklyn, NY 11210","New York","Kings County","1121 E 22nd St, Brooklyn, NY 11210, USA",40.62481,-73.9539607,620.967741935484
"House for sale",549000,5,2,1716,"Staten Island, NY 10306","921 Nugent AveStaten Island, NY 10306","New York","Richmond County","921 Nugent Ave, Staten Island, NY 10306, USA",40.5721728,-74.0972787,319.93006993007
"House for sale",475000,3,2,900,"Staten Island, NY 10304","131 Roff StStaten Island, NY 10304","New York","Richmond County","131 Roff St, Staten Island, NY 10304, USA",40.6158816,-74.0822185,527.777777777778
"Multi-family home for sale",980000,4,3,1408,"Brooklyn, NY 11234","1957 Ryder StBrooklyn, NY 11234","New York","Kings County","1957 Ryder St, Brooklyn, NY 11234, USA",40.611841,-73.92961,696.022727272727
"Multi-family home for sale",1199000,4,2,1824,"Brooklyn, NY 11228","1511 85th StBrooklyn, NY 11228","New York","Kings County","1511 85th St, Brooklyn, NY 11228, USA",40.6119254,-74.0084031,657.34649122807
"Townhouse for sale",1299999,5,5,3134,"Arverne, NY 11692","64-14 Beach Front RdArverne, NY 11692","New York","Queens County","6414 Beach Front Rd, Far Rockaway, NY 11692, USA",40.5883339,-73.7934039,414.805041480536
"Co-op for sale",265000,2,1,1100,"Brooklyn, NY 11229","1750 E 14th St Apt L4Brooklyn, NY 11229","Kings County","Brooklyn","1750 E 14th St Apt 4e, Brooklyn, NY 11229, USA",40.6068092,-73.9590334,240.909090909091
"Co-op for sale",262500,1,1,2184.207862,"Bronx, NY 10463","750 Kappock St Apt 502Bronx, NY 10463","Bronx County","The Bronx","750 Kappock St Apt 502, Bronx, NY 10463, USA",40.8819467,-73.9200169,120.18086948906
"House for sale",1200000,4,4,3300,"Bronx, NY 10469","2217 Gunther AveBronx, NY 10469","New York","Bronx County","2217 Gunther Ave, Bronx, NY 10469, USA",40.8580056,-73.8365535,363.636363636364
"Co-op for sale",850000,1,1,2184.207862,"Manhattan, NY 10014","32 Downing St Apt 2DManhattan, NY 10014","New York County","New York","32 Downing St #2b, New York, NY 10014, USA",40.729293,-74.003447,389.157101202669
"House for sale",989000,6,4,2720,"Staten Island, NY 10307","153 Johnson AveStaten Island, NY 10307","New York","Richmond County","153 Johnson Ave, Staten Island, NY 10307, USA",40.5119454,-74.2470716,363.602941176471
"Multi-family home for sale",899999,5,3,1800,"Bronx, NY 10471","263 W 254th StBronx, NY 10471","New York","Bronx County","263 W 254th St, Bronx, NY 10471, USA",40.9016185,-73.8999396,499.999444444444
"House for sale",2780000,5,6,3045,"Whitestone, NY 11357","150-32 Sullivan DrWhitestone, NY 11357","New York","Queens County","150-32 Sullivan Dr, Whitestone, NY 11357, USA",40.7967438,-73.8160751,912.972085385878
"Co-op for sale",999000,2,1,1050,"Manhattan, NY 10025","215 W 92nd St Apt 5FManhattan, NY 10025","New York County","New York","215 W 92nd St #5b, New York, NY 10025, USA",40.7921116,-73.9731768,951.428571428571
"Multi-family home for sale",699000,6,2,2184.207862,"Brooklyn, NY 11203","1441 Troy AveBrooklyn, NY 11203","New York","Kings County","1441 Troy Ave, Brooklyn, NY 11203, USA",40.6373525,-73.9344092,320.024486753724
"House for sale",499999,4,2,1248,"Staten Island, NY 10302","44 Montell StStaten Island, NY 10302","New York","Richmond County","44 Montell St, Staten Island, NY 10302, USA",40.6289462,-74.1388487,400.640224358974
"House for sale",599999,3,2,1272,"Staten Island, NY 10305","67 Reynolds StStaten Island, NY 10305","New York","Richmond County","67 Reynolds St, Staten Island, NY 10305, USA",40.6111849,-74.0753235,471.697327044025
"House for sale",725000,4,2,2000,"Staten Island, NY 10314","328 Manor RdStaten Island, NY 10314","New York","Richmond County","328 Manor Rd, Staten Island, NY 10314, USA",40.6199521,-74.1237895,362.5
"House for sale",998888,3,2,1780,"Brooklyn, NY 11209","9954 Fort Hamilton PkwyBrooklyn, NY 11209","New York","Kings County","9954 Fort Hamilton Pkwy, Brooklyn, NY 11209, USA",40.6117545,-74.0323281,561.173033707865
"Multi-family home for sale",980000,3,4,2700,"Brooklyn, NY 11229","1 Opal CtBrooklyn, NY 11229","New York","Kings County","1 Opal Ct, Brooklyn, NY 11229, USA",40.586018,-73.9252126,362.962962962963
"House for sale",8e+05,3,2,2184.207862,"Middle Village, NY 11379","69-10 Penelope AveMiddle Village, NY 11379","New York","Queens County","69-10 Penelope Ave, Flushing, NY 11379, USA",40.71593,-73.8858453,366.265507014277
"House for sale",1299000,3,4,4450,"Bronx, NY 10464","610 City Island AveBronx, NY 10464","New York","Bronx County","610 City Island Ave, Bronx, NY 10464, USA",40.854862,-73.7906694,291.910112359551
"House for sale",799000,3,2,1128,"Brooklyn, NY 11234","1557 E 34th StBrooklyn, NY 11234","New York","Kings County","1557 E 34th St, Brooklyn, NY 11234, USA",40.6169213,-73.9415274,708.333333333333
"House for sale",995000,3,2,3080,"Bronx, NY 10461","1870 Haight AveBronx, NY 10461","New York","Bronx County","1870 Haight Ave, Bronx, NY 10461, USA",40.8513854,-73.854324,323.051948051948
"House for sale",1250000,5,3,2295,"Brooklyn, NY 11204","1923 66th StBrooklyn, NY 11204","New York","Kings County","1923 66th St, Brooklyn, NY 11204, USA",40.617019,-73.9878352,544.662309368192
"Multi-family home for sale",1275000,3,4,2184.207862,"Douglaston, NY 11363","43-02 Orient AveDouglaston, NY 11363","New York","Queens County","43-2 Orient Ave, Douglaston, NY 11363, USA",40.7675169,-73.7439734,583.735651804004
"Multi-family home for sale",749999,6,3,3150,"Bronx, NY 10462","1817 Amethyst StBronx, NY 10462","New York","Bronx County","1817 Amethyst St, Bronx, NY 10462, USA",40.8453955,-73.868163,238.094920634921
"Townhouse for sale",2650000,5,4,4100,"Brooklyn, NY 11216","259 New York AveBrooklyn, NY 11216","New York","Kings County","259 New York Ave, Brooklyn, NY 11216, USA",40.6711016,-73.9473427,646.341463414634
"Co-op for sale",999000,2,1,2184.207862,"New York, NY 10024","139 W 85th St Apt 3New York, NY 10024","New York County","New York","139 W 85th St Apartment 3, New York, NY 10024, USA",40.7866659,-73.974142,457.374051884078
"Co-op for sale",279000,2,1,2184.207862,"Kew Gardens, NY 11415","84-70 129th St Unit 1VKew Gardens, NY 11415","Queens County","Queens","8470 129th St Apt 1h, Kew Gardens, NY 11415, USA",40.7069299,-73.82404,127.735095571229
"Condo for sale",479000,2,2,1008,"Staten Island, NY 10314","57 Stone Ln Unit 2Staten Island, NY 10314","Richmond County","Staten Island","57 Stone Ln #2, Staten Island, NY 10314, USA",40.5782884,-74.1583011,475.198412698413
"Co-op for sale",2300000,2,2,1600,"New York, NY 10009","242 E 7th St Unit PhNew York, NY 10009","New York","New York County","242 E 7th St, New York, NY 10009, USA",40.7236159,-73.9781735,1437.5
"Pending",294000,1,2,1074,"Floral Park, NY 11005","26910 Grand Central Pkwy Apt 15AFloral Park, NY 11005","Queens County","Queens","26910 Grand Central Pkwy #15a, Queens, NY 11005, USA",40.7577991,-73.7159564,273.743016759777
"Multi-family home for sale",1390000,6,5,2245,"Jamaica, NY 11429","104-30 219th StJamaica, NY 11429","New York","Queens County","104-30 219th St, Jamaica, NY 11429, USA",40.7111134,-73.7361784,619.153674832962
"Co-op for sale",450000,3,2,1026,"Rego Park, NY 11374","97-10 62nd Dr Unit 8ERego Park, NY 11374","Queens County","Queens","97-10 62nd Dr #8e, Rego Park, NY 11374, USA",40.7323502,-73.8611654,438.59649122807
"Co-op for sale",999000,3,2,2184.207862,"New York, NY 10025","203 W 102nd St Apt 1FNew York, NY 10025","New York County","New York","203 W 102nd St #1f, New York, NY 10025, USA",40.7982086,-73.9680164,457.374051884078
"House for sale",1999000,4,4,3420,"Staten Island, NY 10304","221 Benedict RdStaten Island, NY 10304","New York","Richmond County","221 Benedict Rd, Staten Island, NY 10304, USA",40.5939144,-74.1059876,584.502923976608
"Mobile house for sale",1288000,6,3,2184.207862,"East Elmhurst, NY 11369","31-50 Buell StEast Elmhurst, NY 11369","New York","Queens County","31-50 Buell St, Flushing, NY 11369, USA",40.760908,-73.861558,589.687466292986
"Multi-family home for sale",639888,5,3,1376,"Staten Island, NY 10312","226 Dover GrnStaten Island, NY 10312","New York","Richmond County","226 Dover Green, Staten Island, NY 10312, USA",40.5564024,-74.1975285,465.03488372093
"House for sale",569900,4,2,2180,"Staten Island, NY 10301","69 Sherman AveStaten Island, NY 10301","New York","Richmond County","69 Sherman Ave, Staten Island, NY 10301, USA",40.6395577,-74.0807615,261.422018348624
"House for sale",1630000,7,4,2184.207862,"Little Neck, NY 11362","47-34 Glenwood StLittle Neck, NY 11362","New York","Queens County","47-34 Glenwood St, Flushing, NY 11362, USA",40.7704732,-73.7318799,746.265970541589
"Multi-family home for sale",689888,3,2,1300,"South Ozone Park, NY 11420","11431 120th StSouth Ozone Park, NY 11420","New York","Queens County","114-31 120th St, Jamaica, NY 11420, USA",40.6780811,-73.8188973,530.683076923077
"Co-op for sale",378000,2,1,2184.207862,"Flushing, NY 11367","150-10 Melbourne Ave Unit 368AFlushing, NY 11367","Queens County","Queens","15010 Melbourne Ave # 368b, Flushing, NY 11367, USA",40.7341999,-73.81974,173.060452064246
"Co-op for sale",149000,1,1,2184.207862,"Corona, NY 11368","112-50 Northern Blvd Unit 1ECorona, NY 11368","Queens County","Queens","11250 Northern Blvd Apt 1f, Corona, NY 11368, USA",40.7581299,-73.8569399,68.2169506814091
"House for sale",589000,4,3,1320,"Staten Island, NY 10303","92 Arlington PlStaten Island, NY 10303","New York","Richmond County","92 Arlington Pl, Staten Island, NY 10303, USA",40.63567,-74.166895,446.212121212121
"Pending",958000,3,2,2259,"Staten Island, NY 10312","50 Tyndale StStaten Island, NY 10312","New York","Richmond County","50 Tyndale St, Staten Island, NY 10312, USA",40.5292852,-74.1685622,424.081451969898
"Co-op for sale",195000,1,1,2184.207862,"Douglaston, NY 11363","44-20 Douglaston Pkwy Unit 2GDouglaston, NY 11363","Queens County","Queens","44-20 Douglaston Pkwy #2a, Flushing, NY 11363, USA",40.7659255,-73.7453922,89.27721733473
"House for sale",299000,1,1,608,"Staten Island, NY 10306","51 Seafoam StStaten Island, NY 10306","New York","Richmond County","51 Seafoam St, Staten Island, NY 10306, USA",40.5638362,-74.0989788,491.776315789474
"House for sale",1750000,4,4,3645,"Whitestone, NY 11357","2-11 147 StWhitestone, NY 11357","New York","Queens County","2-11 147th St, Flushing, NY 11357, USA",40.7968959,-73.822999,480.109739368999
"Townhouse for sale",815000,3,2,2184.207862,"Middle Village, NY 11379","62-14 80th StMiddle Village, NY 11379","New York","Queens County","62-14 80th St, Flushing, NY 11379, USA",40.722658,-73.877617,373.132985270795
"Multi-family home for sale",989000,5,3,2184.207862,"Jackson Heights, NY 11372","34-21 83rd StJackson Heights, NY 11372","New York","Queens County","34-21 83rd St, Flushing, NY 11372, USA",40.7531679,-73.8836878,452.7957330464
"Condo for sale",1075000,2,2,2184.207862,"New York, NY 10001","357 W 30th St # 5/6New York, NY 10001","New York","New York County","357 W 30th St, New York, NY 10001, USA",40.7507895,-73.9974127,492.169275050435
"House for sale",879000,2,1,1000,"New York, NY 10065","1175 York Ave Apt 7BNew York, NY 10065","New York County","New York","1175 York Ave #7b, New York, NY 10065, USA",40.7615369,-73.9579786,879
"Co-op for sale",999995,2,1,2184.207862,"New York, NY 10003","126 E 12th St Apt 6ANew York, NY 10003","New York County","New York","126 E 12th St #6a, New York, NY 10003, USA",40.7321997,-73.9888999,457.829594608427
"Co-op for sale",430000,2,2,1200,"Bronx, NY 10463","2727 Palisade Ave Apt 5BBronx, NY 10463","Bronx County","The Bronx","2727 Palisade Ave #5b, Bronx, NY 10463, USA",40.8830657,-73.9206428,358.333333333333
"Co-op for sale",445000,3,2,2184.207862,"Flushing, NY 11355","138-10 Franklin Ave Unit 1KFlushing, NY 11355","Queens County","Queens","138-10 Franklin Ave #1g, Flushing, NY 11355, USA",40.7547252,-73.8255572,203.735188276692
"House for sale",999000,3,2,1900,"Brooklyn, NY 11228","1123 Bay Ridge PkwyBrooklyn, NY 11228","New York","Kings County","1123 Bay Ridge Pkwy, Brooklyn, NY 11228, USA",40.6228038,-74.0109676,525.789473684211
"House for sale",2299000,6,4,2184.207862,"Forest Hills, NY 11375","99-07 70th AveForest Hills, NY 11375","New York","Queens County","99-07 70th Ave, Flushing, NY 11375, USA",40.7171982,-73.8496941,1052.55550078228
"House for sale",1225000,4,2,1960,"Bayside, NY 11361","36-19 217 StBayside, NY 11361","New York","Queens County","36-19 217th St, Flushing, NY 11361, USA",40.7684802,-73.7666662,625
"House for sale",849000,3,2,2184.207862,"Rego Park, NY 11374","85-05 Eliot AveRego Park, NY 11374","New York","Queens County","85-05 Eliot Ave, Flushing, NY 11374, USA",40.7282284,-73.8732527,388.699269318901
"House for sale",1350000,4,3,1760,"Fresh Meadows, NY 11366","75-57 186th StFresh Meadows, NY 11366","New York","Queens County","75-57 186th St, Flushing, NY 11366, USA",40.7293576,-73.7830175,767.045454545455
"House for sale",1600000,4,4,3150,"Staten Island, NY 10312","780 Ionia AveStaten Island, NY 10312","New York","Richmond County","780 Ionia Ave, Staten Island, NY 10312, USA",40.5364873,-74.1987178,507.936507936508
"Co-op for sale",435000,3,1,2184.207862,"New York, NY 10023","269 W 72nd St Apt 12DNew York, NY 10023","New York County","New York","269 W 72nd St #12d, New York, NY 10023, USA",40.7799639,-73.9841598,199.156869439013
"Pending",4999999,4,4,4342,"Brooklyn, NY 11209","8002 Harbor View TerBrooklyn, NY 11209","New York","Kings County","8002 Harbor View Terrace, Brooklyn, NY 11209, USA",40.6301693,-74.0384351,1151.54283740212
"Pending",8e+05,3,2.37386085796844,2184.207862,"Brooklyn, NY 11236","1433 E 105th StBrooklyn, NY 11236","New York","Kings County","1433 E 105th St, Brooklyn, NY 11236, USA",40.6388264,-73.8846089,366.265507014277
"Co-op for sale",329000,1,1,750,"Brooklyn, NY 11209","302 96th St Apt 4LBrooklyn, NY 11209","Kings County","Brooklyn","302 96th St #4l, Brooklyn, NY 11209, USA",40.61593,-74.0335829,438.666666666667
"Townhouse for sale",10975000,3,4,2184.207862,"Brooklyn, NY 11201","12 College Pl Unit TownhouseBrooklyn, NY 11201","New York","Kings County","12 College Pl, Brooklyn, NY 11201, USA",40.6963652,-73.9941542,5024.70492435211
"House for sale",599000,4,2,2184.207862,"Jamaica, NY 11433","106-09 169th StJamaica, NY 11433","New York","Queens County","106-09 169th St, Jamaica, NY 11433, USA",40.7003331,-73.7875164,274.24129837694
"House for sale",699999,4,2,2184.207862,"Brooklyn, NY 11208","18 Pine StBrooklyn, NY 11208","New York","Kings County","18 Pine St, Brooklyn, NY 11208, USA",40.6862137,-73.8740777,320.481860805609
"Pending",539000,1,1,725,"Bayside, NY 11360","207-07 Estates Dr Unit 1Bayside, NY 11360","Queens County","Queens","207-7 Estates Dr #1, Bayside, NY 11360, USA",40.7865988,-73.7862803,743.448275862069
"Co-op for sale",370000,3,1,2184.207862,"New York, NY 10016","35 E 30th St Apt 6DNew York, NY 10016","New York County","New York","35 E 30th St #6d, New York, NY 10016, USA",40.7450423,-73.9839731,169.397796994103
"Townhouse for sale",1499000,9,6,2184.207862,"Brooklyn, NY 11223","2619 Shore PkwyBrooklyn, NY 11223","New York","Kings County","2619 Shore Pkwy, Brooklyn, NY 11223, USA",40.583514,-73.9738903,686.289993768002
"Co-op for sale",299000,1,1,2184.207862,"New York, NY 10018","318 W 36th St Apt 3ANew York, NY 10018","New York County","New York","318 W 36th St. #3a, New York, NY 10018, USA",40.7538054,-73.9935323,136.891733246586
"House for sale",2400000,5,4,3800,"Staten Island, NY 10306","57 Mace StStaten Island, NY 10306","New York","Richmond County","57 Mace St, Staten Island, NY 10306, USA",40.5752476,-74.1304878,631.578947368421
"Condo for sale",275000,1,1,850,"Brooklyn, NY 11229","3202 Nostrand Ave Apt 6EBrooklyn, NY 11229","Kings County","Brooklyn","3202 Nostrand Ave. #6e, Brooklyn, NY 11229, USA",40.6056272,-73.943238,323.529411764706
"Co-op for sale",1395000,3,3,1750,"Manhattan, NY 10025","789 W End Ave Unit 1A2Manhattan, NY 10025","New York County","New York","789 West End Ave #1a2, New York, NY 10025, USA",40.7971343,-73.9722076,797.142857142857
"Condo for sale",568000,2,1,550,"Brooklyn, NY 11204","1759 Bay Ridge Pkwy Unit 3EBrooklyn, NY 11204","Kings County","Brooklyn","1759 Bay Ridge Pkwy #3e, Brooklyn, NY 11204, USA",40.6141211,-73.9966616,1032.72727272727
"Multi-family home for sale",1049000,3,2,2184.207862,"Astoria, NY 11105","20-46 41st StAstoria, NY 11105","New York","Queens County","20-46 41st St, Astoria, NY 11105, USA",40.7751162,-73.902397,480.265646072471
"House for sale",899000,4,2,1200,"Whitestone, NY 11357","22-15 Whitestone ExpyWhitestone, NY 11357","New York","Queens County","22-15 Whitestone Expy, Whitestone, NY 11357, USA",40.7791608,-73.8257555,749.166666666667
"Co-op for sale",495000,1,1,2184.207862,"New York, NY 10024","257 W 86th St Unit 8CNew York, NY 10024","New York County","New York","257 W 86th St #8c, New York, NY 10024, USA",40.7885633,-73.9767931,226.626782465084
"House for sale",535000,3,3,1328,"Bronx, NY 10456","1303 College AveBronx, NY 10456","New York","Bronx County","1303 College Ave, Bronx, NY 10456, USA",40.8355073,-73.9119966,402.861445783133
"House for sale",799999,3,2,1596,"Staten Island, NY 10312","364 Mosely AveStaten Island, NY 10312","New York","Richmond County","364 Mosely Ave, Staten Island, NY 10312, USA",40.5419604,-74.1682869,501.252506265664
"Condo for sale",1989000,2,2,1274,"Manhattan, NY 10036","406 W 45th St Apt 3DManhattan, NY 10036","New York County","New York","406 W 45th St #3d, New York, NY 10036, USA",40.7603978,-73.9919328,1561.22448979592
"House for sale",699000,6,4,2223,"Bronx, NY 10459","873 Fox StBronx, NY 10459","New York","Bronx County","873 Fox St, Bronx, NY 10459, USA",40.818678,-73.8954715,314.439946018893
"Co-op for sale",369000,1,1,900,"Bronx, NY 10463","2400 Johnson Ave Apt 9CBronx, NY 10463","United States","New York","2400 Johnson Ave #9c, Bronx, NY 10463, USA",40.8763984,-73.9184692,410
"House for sale",599000,4,4,2100,"Far Rockaway, NY 11691","22-63 Nameoke AveFar Rockaway, NY 11691","New York","Queens County","22-63 Nameoke Ave, Far Rockaway, NY 11691, USA",40.6083635,-73.7565424,285.238095238095
"Co-op for sale",169000,1,1,680,"Brooklyn, NY 11229","2821 Kings Hwy Apt 1NBrooklyn, NY 11229","Kings County","Brooklyn","2821 Kings Hwy Apt 1n, Brooklyn, NY 11229, USA",40.6150193,-73.9464928,248.529411764706
"House for sale",749000,3,2,1600,"Bronx, NY 10461","1243 Rhinelander AveBronx, NY 10461","New York","Bronx County","1243 Rhinelander Ave, Bronx, NY 10461, USA",40.8544909,-73.8490394,468.125
"House for sale",1099000,5,4,3500,"Staten Island, NY 10312","310 Jefferson BlvdStaten Island, NY 10312","New York","Richmond County","310 Jefferson Blvd, Staten Island, NY 10312, USA",40.5457789,-74.1847061,314
"Townhouse for sale",475000,2,2,1364,"Staten Island, NY 10306","266 Corona AveStaten Island, NY 10306","New York","Richmond County","266 Corona Ave, Staten Island, NY 10306, USA",40.5634891,-74.1422664,348.240469208211
"Contingent",619000,3,2,1943,"Staten Island, NY 10312","170 Russek DrStaten Island, NY 10312","New York","Richmond County","170 Russek Dr, Staten Island, NY 10312, USA",40.5478529,-74.1993422,318.579516212043
"Contingent",599000,3,1,1008,"Staten Island, NY 10306","14 Cascade StStaten Island, NY 10306","New York","Richmond County","14 Cascade St, Staten Island, NY 10306, USA",40.5819307,-74.1025463,594.246031746032
"Contingent",689900,3,2,1486,"Staten Island, NY 10301","72 Campus RdStaten Island, NY 10301","New York","Richmond County","72 Campus Rd, Staten Island, NY 10301, USA",40.6126021,-74.0930021,464.266487213997
"Condo for sale",249000,2,1,815,"Bronx, NY 10462","1718 Purdy St Apt MbBronx, NY 10462","New York","Bronx County","1718 Purdy St, Bronx, NY 10462, USA",40.840962,-73.854142,305.521472392638
"Condo for sale",509000,3,1,2184.207862,"Jackson Heights, NY 11372","91-10 34th Ave Unit 5JJackson Heights, NY 11372","Queens County","Queens","91-10 34th Ave #5j, Jackson Heights, NY 11372, USA",40.7544029,-73.876343,233.036428837834
"Townhouse for sale",549000,3,2,1150,"Staten Island, NY 10307","51 Forest LnStaten Island, NY 10307","New York","Richmond County","51 Forest Ln, Staten Island, NY 10307, USA",40.5032035,-74.2388518,477.391304347826
"Townhouse for sale",2995000,4,6,2184.207862,"Brooklyn, NY 11233","221 Mac Donough St Unit TownhouseBrooklyn, NY 11233","New York","Kings County","221 MacDonough St, Brooklyn, NY 11233, USA",40.6819529,-73.9373297,1371.2064918847
"Multi-family home for sale",1999000,6,4,3850,"Bronx, NY 10471","6140 Delafield AveBronx, NY 10471","New York","Bronx County","6140 Delafield Ave, Bronx, NY 10471, USA",40.9110703,-73.9017893,519.220779220779
"Multi-family home for sale",350000,3,2.37386085796844,2184.207862,"Bronx, NY 10458","450 Cyrus PlBronx, NY 10458","New York","Bronx County","450 Cyrus Pl, Bronx, NY 10458, USA",40.8585142,-73.8918995,160.241159318746
"Co-op for sale",269000,1,1,2184.207862,"Astoria, NY 11105","21-57 33rd St Unit 5EAstoria, NY 11105","Queens County","Queens","21-57 33rd St #5e, Astoria, NY 11105, USA",40.7759232,-73.9087334,123.156776733551
"House for sale",7500000,6,2.37386085796844,2184.207862,"Bronx, NY 10471","5000 Iselin AveBronx, NY 10471","New York","Bronx County","5000 Iselin Ave, Bronx, NY 10471, USA",40.8982423,-73.904797,3433.73912825885
"Townhouse for sale",9950000,10,10,2184.207862,"New York, NY 10128","22 E 93rd StNew York, NY 10128","New York","New York County","22 E 93rd St, New York, NY 10128, USA",40.7852855,-73.9560385,4555.42724349007
"Condo for sale",2200000,3,4,1779,"Manhattan, NY 10021","530 E 76th St Unit 27CDManhattan, NY 10021","New York County","New York","530 E 76th St #27c, New York, NY 10021, USA",40.7685084,-73.9499965,1236.64980326026
"House for sale",479000,4,2,1800,"Springfield Gardens, NY 11413","140-27 183rd StSpringfield Gardens, NY 11413","New York","Queens County","140-27 183rd St, Jamaica, NY 11413, USA",40.6714818,-73.7606794,266.111111111111
"Co-op for sale",329000,1,1,2184.207862,"Forest Hills, NY 11375","6 Burns St Apt 111Forest Hills, NY 11375","Queens County","Queens","6 Burns St Apt 111, Forest Hills, NY 11375, USA",40.7193051,-73.8453248,150.626689759621
"Pending",1500000,5,7,4384,"New York, NY 10032","815 Riverside DrNew York, NY 10032","New York","New York County","815 Riverside Dr, New York, NY 10032, USA",40.8354875,-73.9459545,342.153284671533
"Multi-family home for sale",560000,3,2.37386085796844,2184.207862,"Brooklyn, NY 11210","819 E 22nd StBrooklyn, NY 11210","New York","Kings County","819 E 22nd St, Brooklyn, NY 11210, USA",40.632221,-73.955309,256.385854909994
"Townhouse for sale",588000,4,3,2160,"Bronx, NY 10463","2546 Bailey Ave Unit 2FAMBronx, NY 10463","Bronx County","The Bronx","2546 Bailey Ave #2f, Bronx, NY 10463, USA",40.8678944,-73.9078533,272.222222222222
"Condo for sale",3300000,2,2,1652,"New York, NY 10075","303 E 77th St Ph CNew York, NY 10075","New York","New York County","303 E 77th St, New York, NY 10075, USA",40.7720149,-73.9555341,1997.57869249395
"Co-op for sale",169999,2,1,2184.207862,"Corona, NY 11368","112-30 Northern Blvd Unit 4GCorona, NY 11368","Queens County","Queens","112-30 Northern Blvd #4b, Corona, NY 11368, USA",40.7579027,-73.8562374,77.8309624086501
"Co-op for sale",439000,1,1,950,"Staten Island, NY 10301","10 Bay Street Lndg Apt 5EStaten Island, NY 10301","Richmond County","Staten Island","10 Bay Street Landing #5e, Staten Island, NY 10301, USA",40.638118,-74.073964,462.105263157895
"House for sale",758000,3,2,1760,"Glendale, NY 11385","83-12 Doran AveGlendale, NY 11385","New York","Queens County","83-12 Doran Ave, Flushing, NY 11385, USA",40.708633,-73.865415,430.681818181818
"Co-op for sale",448000,3,1,2184.207862,"Whitestone, NY 11357","162-31 9th Ave Unit 6BWhitestone, NY 11357","Queens County","Queens","162-31 9th Ave #6b, Flushing, NY 11357, USA",40.7932677,-73.7984822,205.108683927995
"Townhouse for sale",2977000,4,4,2601,"Brooklyn, NY 11231","10 Carroll StBrooklyn, NY 11231","New York","Kings County","10 Carroll St, Brooklyn, NY 11231, USA",40.6834305,-74.005483,1144.55978469819
"Co-op for sale",385000,1,1,900,"Bronx, NY 10463","2500 Johnson Ave Apt 12MBronx, NY 10463","Bronx County","The Bronx","2500 Johnson Ave #12b, Bronx, NY 10463, USA",40.876794,-73.9177034,427.777777777778
"House for sale",1475000,5,4,1928,"Far Rockaway, NY 11691","911 Hicksville RdFar Rockaway, NY 11691","New York","Queens County","911 Hicksville Rd, Far Rockaway, NY 11691, USA",40.5999698,-73.7455103,765.041493775934
"House for sale",978000,3,2,2184.207862,"Fresh Meadows, NY 11365","48-49 196th StFresh Meadows, NY 11365","New York","Queens County","73-48 196th St, Flushing, NY 11366, USA",40.7337126,-73.7765367,447.759582324954
"Condo for sale",2700000,3,3,1398,"Brooklyn, NY 11222","21 India St Apt 36FBrooklyn, NY 11222","Kings County","Brooklyn","21 India St Apt 36d, Brooklyn, NY 11222, USA",40.7320824,-73.9610327,1931.330472103
"Co-op for sale",349000,2,1,900,"Bronx, NY 10463","629 Kappock St Apt 4ABronx, NY 10463","Bronx County","The Bronx","629 Kappock St #4a, Bronx, NY 10463, USA",40.8802558,-73.9168342,387.777777777778
"Townhouse for sale",790000,3,2,1596,"Flushing, NY 11354","25-23 120th StFlushing, NY 11354","New York","Queens County","25-23 120th St, Flushing, NY 11354, USA",40.7761945,-73.8477672,494.987468671679
"Condo for sale",750000,2,2,995,"Queens, NY 11360","2 Bay Club Dr Apt 17PQueens, NY 11360","Queens County","Queens","2 Bay Club Dr APT 17D, Flushing, NY 11360, USA",40.7784107,-73.7810479,753.768844221105
"Co-op for sale",1195000,3,3,995,"Bronx, NY 10463","3001 Henry Hudson West Parkway Pkwy W Unit 1FGBronx, NY 10463","Bronx County","The Bronx","3001 Henry Hudson Pkwy W #1f, Bronx, NY 10463, USA",40.8830898,-73.9165737,1201.00502512563
"Co-op for sale",1750000,3,3,995,"Manhattan, NY 10025","285 Riverside Dr Apt 5BManhattan, NY 10025","New York County","New York","285 Riverside Dr #5b, New York, NY 10025, USA",40.7989206,-73.9723967,1758.79396984925
"House for sale",874999,3,2,2868,"Staten Island, NY 10306","93 St Stephens PlStaten Island, NY 10306","New York","Richmond County","93 St Stephens Pl, Staten Island, NY 10306, USA",40.5771798,-74.119431,305.090306834031
"Co-op for sale",324900,1,1,900,"New York, NY 10034","251 Seaman Ave Apt 1CNew York, NY 10034","New York County","New York","251 Seaman Ave #1c, New York, NY 10034, USA",40.8716437,-73.9178483,361
"Condo for sale",2200000,2,2,2035,"Manhattan, NY 10021","15 E 70th St Unit 1AManhattan, NY 10021","New York County","New York","15 E 70th St #1a, New York, NY 10021, USA",40.7708684,-73.966733,1081.08108108108
"Contingent",999000,4,4,1798,"Staten Island, NY 10305","25 Piedmont AveStaten Island, NY 10305","New York","Richmond County","25 Piedmont Ave, Staten Island, NY 10305, USA",40.6032357,-74.0737747,555.617352614016
"House for sale",550000,2,2,995,"Bronx, NY 10465","3167 Wissman AveBronx, NY 10465","New York","Bronx County","3167 Wissman Ave, Bronx, NY 10465, USA",40.8209689,-73.8074205,552.763819095477
"Co-op for sale",519999,3,2,1100,"Jackson Heights, NY 11372","33-44 93rd St Unit 3SJackson Heights, NY 11372","Queens County","Queens","33-44 93rd St #3c, Jackson Heights, NY 11372, USA",40.7551143,-73.8752634,472.726363636364
"House for sale",729000,2,1,1100,"Staten Island, NY 10309","1700 Carlton AveStaten Island, NY 10309","New York","Richmond County","1700 Carlton Ave, Staten Island, NY 10309, USA",40.5343207,-74.1998415,662.727272727273
"Contingent",999999,12,6,3900,"Brooklyn, NY 11215","735 6th AveBrooklyn, NY 11215","New York","Kings County","735 6th Ave, Brooklyn, NY 11215, USA",40.6589824,-73.9920247,256.41
"House for sale",2898555,5,5,7200,"Staten Island, NY 10312","545 Arbutus AveStaten Island, NY 10312","New York","Richmond County","545 Arbutus Ave, Staten Island, NY 10312, USA",40.5203019,-74.1780566,402.577083333333
"House for sale",611999,3,2,2184.207862,"Cambria Heights, NY 11411","115-33 227th StCambria Heights, NY 11411","New York","Queens County","115-33 227th St, Cambria Heights, NY 11411, USA",40.6973209,-73.7315945,280.192655034038
"House for sale",1500000,3,3,2100,"Brooklyn, NY 11235","182 Kensington StBrooklyn, NY 11235","New York","Kings County","182 Kensington St, Brooklyn, NY 11235, USA",40.5786182,-73.9420211,714.285714285714
"House for sale",5600000,5,4,4959,"Brooklyn, NY 11229","2601 Avenue PBrooklyn, NY 11229","New York","Kings County","2601 Avenue P, Brooklyn, NY 11229, USA",40.611854,-73.9477154,1129.25993143779
"Co-op for sale",299999,2,1,857,"Bronx, NY 10465","44B Edgewater Park Unit 44BBronx, NY 10465","Bronx County","The Bronx","44 A Edgewater Park #44b, Bronx, NY 10465, USA",40.8227774,-73.8084775,350.057176196033
"House for sale",2358000,4,5,6300,"Staten Island, NY 10312","797 Woodrow RdStaten Island, NY 10312","New York","Richmond County","797 Woodrow Rd, Staten Island, NY 10312, USA",40.5467194,-74.1923203,374.285714285714
"House for sale",748888,2,2,1260,"Staten Island, NY 10314","40 Lander AveStaten Island, NY 10314","New York","Richmond County","40 Lander Ave, Staten Island, NY 10314, USA",40.6131085,-74.1603745,594.355555555556
"House for sale",630000,2,2,1450,"Staten Island, NY 10306","14 Buffalo StStaten Island, NY 10306","New York","Richmond County","14 Buffalo St, Staten Island, NY 10306, USA",40.5604211,-74.1344639,434.48275862069
"Condo for sale",1389000,2,2,1043,"New York, NY 10033","40 Pinehurst Ave Apt 8BNew York, NY 10033","New York County","New York","40 Pinehurst Ave #8b, New York, NY 10033, USA",40.849705,-73.94014,1331.73537871524
"Co-op for sale",319000,2,1,925,"Forest Hills, NY 11375","108-49 63rd Ave Unit 6FForest Hills, NY 11375","Queens County","Queens","108-49 63rd Ave #6f, Flushing, NY 11375, USA",40.7355842,-73.8491198,344.864864864865
"House for sale",319000,3,1,2184.207862,"Staten Island, NY 10302","20 Eldridge AveStaten Island, NY 10302","New York","Richmond County","20 Eldridge Ave, Staten Island, NY 10302, USA",40.6242127,-74.1357292,146.048370921943
"Pending",1250000,6,4,2184.207862,"Staten Island, NY 10307","318 Brighton StStaten Island, NY 10307","New York","Richmond County","318 Brighton St, Staten Island, NY 10307, USA",40.5022937,-74.2429452,572.289854709808
"Multi-family home for sale",1199000,4,3,1848,"Fresh Meadows, NY 11366","73-38 199th StFresh Meadows, NY 11366","New York","Queens County","73-38 199th St, Flushing, NY 11366, USA",40.7349473,-73.7733194,648.809523809524
"Multi-family home for sale",1500000,6,4,3328,"Staten Island, NY 10306","51 Jefferson AveStaten Island, NY 10306","New York","Richmond County","51 Jefferson Ave, Staten Island, NY 10306, USA",40.585111,-74.1036081,450.721153846154
"House for sale",780000,3,2,1320,"Brooklyn, NY 11236","1324 E 101st StBrooklyn, NY 11236","New York","Kings County","1324 E 101st St, Brooklyn, NY 11236, USA",40.6384339,-73.8899834,590.909090909091
"Co-op for sale",350000,2,1,2184.207862,"New York, NY 10031","655 Riverside Dr Apt 1ANew York, NY 10031","New York County","New York","655 Riverside Dr #1a, New York, NY 10031, USA",40.8255972,-73.9529963,160.241159318746
"Co-op for sale",255000,1,1,750,"Brooklyn, NY 11224","464 Neptune Ave Apt 4EBrooklyn, NY 11224","Kings County","Brooklyn","464 Neptune Ave #4e, Brooklyn, NY 11224, USA",40.5792324,-73.9713245,340
"Condo for sale",649000,2,2,905,"Brooklyn, NY 11214","217 Bay 49th St Unit 4ABrooklyn, NY 11214","New York","Kings County","217 Bay 49th St #4a, Brooklyn, NY 11214, USA",40.5855131,-73.9883977,717.127071823204
"House for sale",1480000,4,4,1596,"Flushing, NY 11354","30-07 143rd StFlushing, NY 11354","New York","Queens County","30-07 143rd St, Flushing, NY 11354, USA",40.7699832,-73.8257555,927.318295739348
"House for sale",628000,3,2,1824,"Staten Island, NY 10314","35 Lott LnStaten Island, NY 10314","New York","Richmond County","35 Lott Ln, Staten Island, NY 10314, USA",40.5755968,-74.1636272,344.298245614035
"Co-op for sale",190000,2,1,875,"Bronx, NY 10468","3065 Sedgwick Ave Apt 3EBronx, NY 10468","Bronx County","The Bronx","3065 Sedgwick Ave #3e, Bronx, NY 10468, USA",40.8766081,-73.8998497,217.142857142857
"Condo for sale",450000,2,1,2184.207862,"Flushing, NY 11355","132-50 Maple Ave Unit B4RFlushing, NY 11355","Queens County","Queens","132- 50 Maple Ave b4, Flushing, NY 11355, USA",40.7541793,-73.8310866,206.024347695531
"Contingent",2473888,4,6,5600,"Staten Island, NY 10312","284 Vineland AveStaten Island, NY 10312","New York","Richmond County","284 Vineland Ave, Staten Island, NY 10312, USA",40.5464716,-74.1880551,441.765714285714
"Contingent",785000,3,2,1950,"Staten Island, NY 10305","148 Major AveStaten Island, NY 10305","New York","Richmond County","148 Major Ave, Staten Island, NY 10305, USA",40.5990416,-74.0674289,402.564102564103
"House for sale",699900,3,2,1240,"Middle Village, NY 11379","62-22 65th StMiddle Village, NY 11379","New York","Queens County","62-22 65th St, Queens, NY 11379, USA",40.71397,-73.8970573,564.435483870968
"Multi-family home for sale",2495000,3,4,2184.207862,"Queens, NY 11370","69-04 Ditmars BlvdQueens, NY 11370","New York","Queens County","69-04 Ditmars Blvd, Flushing, NY 11370, USA",40.7679759,-73.899664,1142.29055000078
"Co-op for sale",149999,1,1,850,"Bronx, NY 10470","4295 Webster Ave Apt 4BBronx, NY 10470","Bronx County","The Bronx","4295 Webster Ave #4b, Bronx, NY 10470, USA",40.8992144,-73.8624103,176.469411764706
"Co-op for sale",208000,1,1,610,"Whitestone, NY 11357","159-04 16th Ave Unit 6-68Whitestone, NY 11357","New York County","New York","159 W 16th St 6 68, New York, NY 10011, USA",40.7398044,-73.9980373,340.983606557377
"Pending",172800,1,1,750,"Brooklyn, NY 11234","2010 E 58th St Unit 120BBrooklyn, NY 11234","Kings County","Brooklyn","2010 E 58th St # 120b, Brooklyn, NY 11234, USA",40.6149015,-73.9185548,230.4
"Multi-family home for sale",1768888,10,10,3933,"Brooklyn, NY 11220","5502 6th AveBrooklyn, NY 11220","New York","Kings County","5502 6th Ave, Brooklyn, NY 11220, USA",40.6410259,-74.0112793,449.755403000254
"Multi-family home for sale",1239998,4,4,2250,"Staten Island, NY 10309","664 Ramona AveStaten Island, NY 10309","New York","Richmond County","664 Ramona Ave, Staten Island, NY 10309, USA",40.5355587,-74.2075918,551.110222222222
"Multi-family home for sale",1699000,9,5,5500,"Bronx, NY 10467","3179 Rochambeau AveBronx, NY 10467","New York","Bronx County","3179 Rochambeau Ave, Bronx, NY 10467, USA",40.8754624,-73.8807502,308.909090909091
"House for sale",1350000,3,3,2184.207862,"Fresh Meadows, NY 11366","76-73 173rd StFresh Meadows, NY 11366","New York","Queens County","76-73 173rd St, Flushing, NY 11366, USA",40.724706,-73.7957477,618.073043086592
"House for sale",889000,3,2,2362,"Staten Island, NY 10312","107 S Railroad StStaten Island, NY 10312","New York","Richmond County","107 S Railroad St, Staten Island, NY 10312, USA",40.5395766,-74.1810757,376.375952582557
"Condo for sale",1300000,2,2,1100,"Brooklyn, NY 11231","529 Court St Apt 406Brooklyn, NY 11231","Kings County","Brooklyn","529 Court St APT 406, Brooklyn, NY 11231, USA",40.6746458,-73.9992831,1181.81818181818
"Co-op for sale",310000,2,1,675,"Bellerose, NY 11426","247-16A 76 Ave Unit 1FLBellerose, NY 11426","Queens County","Queens","247-16 76th Ave #1fl, Jamaica, NY 11426, USA",40.7444053,-73.7237661,459.259259259259
"Pending",1149000,7,4,3617,"Bronx, NY 10462","1949 Benedict AveBronx, NY 10462","New York","Bronx County","1949 Benedict Ave, Bronx, NY 10462, USA",40.8343858,-73.8590313,317.666574509262
"Co-op for sale",239900,1,1,585,"Glen Oaks, NY 11004","71-27 260th St Unit A2Glen Oaks, NY 11004","Queens County","Queens","71-27 260th St a2, Glen Oaks, NY 11004, USA",40.7516659,-73.7183001,410.08547008547
"Condo for sale",1090000,2,2,1860,"Bayside, NY 11360","207-15 Melissa Ct Unit 219LBayside, NY 11360","Queens County","Queens","207-15 Melissa Ct #219, Bayside, NY 11360, USA",40.7879226,-73.7863723,586.021505376344
"Multi-family home for sale",799999,6,2.37386085796844,2184.207862,"Brooklyn, NY 11234","1278 E 56th StBrooklyn, NY 11234","New York","Kings County","1278 E 56th St, Brooklyn, NY 11234, USA",40.6245872,-73.9219517,366.265049182393
"Townhouse for sale",2045000,6,4,3976,"New York, NY 10031","594 W 152nd StNew York, NY 10031","New York","New York County","594 W 152nd St, New York, NY 10031, USA",40.8305666,-73.9469641,514.336016096579
"Multi-family home for sale",1195000,3,2,2700,"Staten Island, NY 10312","72 Jeanette AveStaten Island, NY 10312","New York","Richmond County","72 Jeanette Ave, Staten Island, NY 10312, USA",40.5424657,-74.1746625,442.592592592593
"Co-op for sale",340000,2,1,900,"Bronx, NY 10471","6035 Broadway Apt 6NBronx, NY 10471","Bronx County","The Bronx","6035 Broadway #6b, Bronx, NY 10471, USA",40.8919476,-73.8973687,377.777777777778
"House for sale",1375000,6,2,1596,"Flushing, NY 11354","33-14 154th StFlushing, NY 11354","New York","Queens County","33-14 154th St, Flushing, NY 11354, USA",40.7681033,-73.8107752,861.528822055138
"House for sale",749000,3,1,1644,"Staten Island, NY 10310","668 Bard AveStaten Island, NY 10310","New York","Richmond County","668 Bard Ave, Staten Island, NY 10310, USA",40.6267035,-74.1052076,455.596107055961
"Pending",1399000,5,4,2184.207862,"Woodhaven, NY 11421","84-26 87th StWoodhaven, NY 11421","New York","Queens County","84-26 87th St, Woodhaven, NY 11421, USA",40.6960034,-73.8584205,640.506805391217
"Co-op for sale",775000,3,2,1880,"Manhattan, NY 10065","175 E 62nd St Apt 14AManhattan, NY 10065","New York County","New York","175 E 62nd St #14a, New York, NY 10065, USA",40.7636632,-73.9655082,412.234042553192
"Multi-family home for sale",948000,7,3,2184.207862,"Saint Albans, NY 11412","194-08 116th AveSaint Albans, NY 11412","New York","Queens County","194-08 116th Ave, Jamaica, NY 11412, USA",40.694328,-73.7581979,434.024625811918
"House for sale",880000,3,2,2184.207862,"Woodside, NY 11377","41-39 56th StWoodside, NY 11377","New York","Queens County","41-39 56th St, Woodside, NY 11377, USA",40.7439956,-73.908547,402.892057715705
"Co-op for sale",699000,1,1,600,"New York, NY 10023","170 W 74th St Apt 607New York, NY 10023","New York County","New York","170 W 74th St Apt 607, New York, NY 10023, USA",40.7794608,-73.979919,1165
"Co-op for sale",2250000,4,3,2184.207862,"Manhattan, NY 10024","225 Central Park W Unit 422423Manhattan, NY 10024","New York","New York County","225 Central Park W, New York, NY 10024, USA",40.7830893,-73.9713177,1030.12173847765
"Co-op for sale",319000,3,1,2184.207862,"Manhattan, NY 10037","36 W 138th St Apt 51Manhattan, NY 10037","New York County","New York","36 W 138th St #51, New York, NY 10037, USA",40.8153009,-73.9380717,146.048370921943
"Multi-family home for sale",1300000,6,3,2184.207862,"Brooklyn, NY 11234","1309 E 56th StBrooklyn, NY 11234","New York","Kings County","1309 E 56th St, Brooklyn, NY 11234, USA",40.6236835,-73.9213087,595.1814488982
"Multi-family home for sale",729000,3,3,1800,"Brooklyn, NY 11236","8424 Glenwood RdBrooklyn, NY 11236","New York","Kings County","8424 Glenwood Rd, Brooklyn, NY 11236, USA",40.6391205,-73.9112362,405
"Condo for sale",425000,2,2,800,"Bronx, NY 10463","3240 Netherland Ave Apt 6ABronx, NY 10463","Bronx County","The Bronx","3240 Netherland Ave #6a, Bronx, NY 10463, USA",40.8848915,-73.9110436,531.25
"Co-op for sale",399000,1,1,2184.207862,"New York, NY 10028","521 E 81st St Apt 4CNew York, NY 10028","New York County","New York","521 E 81st St #4c, New York, NY 10028, USA",40.7723985,-73.9482206,182.674921623371
"Co-op for sale",625000,3,1,652,"Brooklyn, NY 11201","28 Old Fulton St Apt 6MBrooklyn, NY 11201","Brooklyn","Brooklyn Heights","Eagle Warehouse & Storage Company, 28 Old Fulton St #6m, Brooklyn, NY 11201, USA",40.702334,-73.9937463,958.588957055215
"Co-op for sale",269000,1,1,700,"Rego Park, NY 11374","97-37 63 Rd Unit 5FRego Park, NY 11374","Queens County","Queens","97-37 63rd Rd #5f, Rego Park, NY 11374, USA",40.7318958,-73.8599645,384.285714285714
"Condo for sale",449000,2,2,1440,"Staten Island, NY 10314","1722 Forest Hill RdStaten Island, NY 10314","New York","Richmond County","1722 Forest Hill Rd, Staten Island, NY 10314, USA",40.580134,-74.154154,311.805555555556
"Multi-family home for sale",699000,8,5,2300,"Bronx, NY 10457","1998 Clinton AveBronx, NY 10457","New York","Bronx County","1998 Clinton Ave, Bronx, NY 10457, USA",40.8460907,-73.8887912,303.913043478261
"Co-op for sale",550000,3,2,1250,"Manhattan, NY 10035","2041 5th Ave Apt 2BManhattan, NY 10035","New York County","New York","2041 5th Ave #2b, New York, NY 10027, USA",40.8071957,-73.941821,440
"Townhouse for sale",799900,3,2.37386085796844,2058,"Staten Island, NY 10309","25 Flagship CirStaten Island, NY 10309","New York","Richmond County","25 Flagship Cir, Staten Island, NY 10309, USA",40.5147701,-74.2022363,388.678328474247
"House for sale",758000,3,1,1200,"Brooklyn, NY 11214","86 Bay 46th StBrooklyn, NY 11214","United States","New York","86 Bay 46th St, Brooklyn, NY 11214, USA",40.5908794,-73.9865956,631.666666666667
"House for sale",829000,4,2,1680,"Howard Beach, NY 11414","159-31 80th StHoward Beach, NY 11414","New York","Queens County","159-31 80th St, Jamaica, NY 11414, USA",40.6565796,-73.8516349,493.452380952381
"Condo for sale",789000,2,2,1230,"Brooklyn, NY 11235","40 Oceana Dr W Unit 1CBrooklyn, NY 11235","Kings County","Brooklyn","40 Oceana Dr W #1c, Brooklyn, NY 11235, USA",40.577533,-73.958513,641.463414634146
"House for sale",2250000,6,4,2184.207862,"Brooklyn, NY 11222","144 Nassau AveBrooklyn, NY 11222","New York","Kings County","144 Nassau Ave, Brooklyn, NY 11222, USA",40.7246592,-73.9475691,1030.12173847765
"Co-op for sale",359000,1,1,2184.207862,"Manhattan, NY 10028","229 E 81st St Unit GhManhattan, NY 10028","New York","New York County","229 E 81st St, New York, NY 10028, USA",40.7751786,-73.9550168,164.361646272657
"House for sale",1439000,6,4,1440,"Brooklyn, NY 11219","1019 58th StBrooklyn, NY 11219","New York","Kings County","1019 58th St, Brooklyn, NY 11219, USA",40.6337561,-74.003307,999.305555555556
"Multi-family home for sale",1050000,7,4,3280,"Bronx, NY 10472","1135 Croes AveBronx, NY 10472","New York","Bronx County","1135 Croes Ave, Bronx, NY 10472, USA",40.8282228,-73.8706372,320.121951219512
"House for sale",270000,4,2,2000,"Bronx, NY 10458","2417 Cambreleng AveBronx, NY 10458","New York","Bronx County","2417 Cambreleng Ave, Bronx, NY 10458, USA",40.8550515,-73.8852304,135
"Multi-family home for sale",2280000,6,5,2184.207862,"Flushing, NY 11355","137-06 Oak AveFlushing, NY 11355","New York","Queens County","137-06 Oak Ave, Flushing, NY 11355, USA",40.7472951,-73.8164494,1043.85669499069
"Co-op for sale",278999,1,1,2184.207862,"Little Neck, NY 11362","5811 251st St Unit UpperLittle Neck, NY 11362","New York","Queens County","58- 11 251st St, Little Neck, NY 11362, USA",40.7601741,-73.728329,127.734637739345
"Multi-family home for sale",625000,5,2,2184.207862,"Brooklyn, NY 11221","371 Kosciuszko StBrooklyn, NY 11221","New York","Kings County","371 Kosciuszko St, Brooklyn, NY 11221, USA",40.6921071,-73.9400823,286.144927354904
"Foreclosure",605000,4,2,1344,"Staten Island, NY 10305","253 Father Capodanno BlvdStaten Island, NY 10305","New York","Richmond County","253 Father Capodanno Blvd, Staten Island, NY 10305, USA",40.5909939,-74.0662942,450.14880952381
"House for sale",529000,3,2,1150,"Staten Island, NY 10302","1524 Castleton AveStaten Island, NY 10302","New York","Richmond County","1524 Castleton Ave, Staten Island, NY 10302, USA",40.635324,-74.133679,460
"Townhouse for sale",1050000,4,1,2184.207862,"Brooklyn, NY 11225","1023 Union StBrooklyn, NY 11225","New York","Kings County","1023 Union St, Brooklyn, NY 11225, USA",40.6701878,-73.9595284,480.723477956239
"Co-op for sale",225000,3,1,2184.207862,"Manhattan, NY 10026","11 St Nicholas Ave Unit 4DManhattan, NY 10026","New York County","New York","11 St Nicholas Ave #4b, New York, NY 10026, USA",40.7992319,-73.9526079,103.012173847765
"Townhouse for sale",1049000,3,1,1224,"Forest Hills, NY 11375","67101 Dartmouth StForest Hills, NY 11375","New York","Queens County","67-101 Dartmouth St, Flushing, NY 11375, USA",40.7207542,-73.8537801,857.02614379085
"Co-op for sale",259000,1,1,2184.207862,"Jackson Heights, NY 11372","37-30 73 St Unit 1HJackson Heights, NY 11372","Queens County","Queens","3730 73rd St Apt 1h, Jackson Heights, NY 11372, USA",40.7488599,-73.8926999,118.578457895872
"House for sale",599000,3,2,2184.207862,"Brooklyn, NY 11207","425 Snediker AveBrooklyn, NY 11207","New York","Kings County","425 Snediker Ave, Brooklyn, NY 11207, USA",40.6645719,-73.8995034,274.24129837694
"Contingent",675000,3,1,1316,"Staten Island, NY 10301","192 Hart BlvdStaten Island, NY 10301","New York","Richmond County","192 Hart Blvd, Staten Island, NY 10301, USA",40.630475,-74.100665,512.917933130699
"Condo for sale",3595000,3,3,1862,"New York, NY 10013","475 Greenwich St Apt 2ANew York, NY 10013","New York County","New York","475 Greenwich St #2a, New York, NY 10013, USA",40.7241961,-74.0091487,1930.71965628357
"Contingent",789000,4,2,1871,"Staten Island, NY 10309","19 Goff AveStaten Island, NY 10309","New York","Richmond County","19 Goff Ave, Staten Island, NY 10309, USA",40.5248784,-74.2121776,421.699625868519
"Multi-family home for sale",998000,6,3,1872,"Ridgewood, NY 11385","59-38 Linden StRidgewood, NY 11385","New York","Queens County","59-38 Linden St, Flushing, NY 11385, USA",40.7086372,-73.9026067,533.119658119658
"Multi-family home for sale",889000,6,2,2280,"Bronx, NY 10461","1349 Herschell StBronx, NY 10461","New York","Bronx County","1349 Herschell St, Bronx, NY 10461, USA",40.8368581,-73.8449273,389.912280701754
"House for sale",825000,2,2,1820,"Brooklyn, NY 11204","1666 73rd StBrooklyn, NY 11204","New York","Kings County","1666 73rd St, Brooklyn, NY 11204, USA",40.6163169,-73.9981652,453.296703296703
"Multi-family home for sale",599999,6,2,3490,"Brooklyn, NY 11208","919 Crescent StBrooklyn, NY 11208","New York","Kings County","919 Crescent St., Brooklyn, NY 11208, USA",40.6649303,-73.8670719,171.919484240688
"Townhouse for sale",10999000,5,7,2184.207862,"New York, NY 10024","132 W 81st StNew York, NY 10024","New York","New York County","132 W 81st St, New York, NY 10024, USA",40.7836212,-73.9759437,5035.69288956254
"House for sale",2750000,4,2.37386085796844,2184.207862,"Bronx, NY 10471","4570 Delafield AveBronx, NY 10471","New York","Bronx County","4570 Delafield Ave, Bronx, NY 10471, USA",40.8930548,-73.9067416,1259.03768036158
"House for sale",649000,3,2,1064,"Brooklyn, NY 11234","2051 E 73rd StBrooklyn, NY 11234","New York","Kings County","2051 E 73rd St, Brooklyn, NY 11234, USA",40.6215026,-73.9066372,609.962406015038
"Multi-family home for sale",989000,8,5,3960,"Bronx, NY 10466","3535 Ely AveBronx, NY 10466","New York","Bronx County","3535 Ely Ave, Bronx, NY 10466, USA",40.8807579,-73.8418489,249.747474747475
"Condo for sale",357000,3,1,1100,"Bronx, NY 10462","5 Metropolitan Oval Apt 10FBronx, NY 10462","Bronx County","The Bronx","5 Metropolitan Oval #10f, Bronx, NY 10462, USA",40.8389829,-73.8601515,324.545454545455
"Multi-family home for sale",1099999,4,2,2185,"Bronx, NY 10465","3186 Tierney PlBronx, NY 10465","New York","Bronx County","3186 Tierney Pl, Bronx, NY 10465, USA",40.8135939,-73.8019007,503.432036613272
"House for sale",749000,2,1,2184.207862,"Fresh Meadows, NY 11366","164-30 77th RdFresh Meadows, NY 11366","New York","Queens County","164-30 77th Rd, Flushing, NY 11366, USA",40.7236718,-73.8030548,342.916080942117
"Multi-family home for sale",589999,4,2,1680,"Staten Island, NY 10302","393 Heberton AveStaten Island, NY 10302","New York","Richmond County","393 Heberton Ave, Staten Island, NY 10302, USA",40.6314894,-74.1348461,351.189880952381
"House for sale",749000,3,2,1332,"Staten Island, NY 10314","206 Watchogue RdStaten Island, NY 10314","New York","Richmond County","206 Watchogue Rd, Staten Island, NY 10314, USA",40.6155772,-74.1364517,562.312312312312
"Condo for sale",499000,3,2,1156,"Ozone Park, NY 11417","86-10 Dumont Ave Unit 5COzone Park, NY 11417","Queens County","Queens","86-10 Dumont Ave #5c, Ozone Park, NY 11417, USA",40.6726721,-73.8496745,431.660899653979
"House for sale",859000,3,3,2184.207862,"Hollis, NY 11423","100-03 205th PlHollis, NY 11423","New York","Queens County","100-03 205th Pl, Jamaica, NY 11423, USA",40.71176,-73.753743,393.27758815658
"Pending",599999,2,2,2184.207862,"Brooklyn, NY 11235","2601 E 24th St Apt 3BBrooklyn, NY 11235","Kings County","Brooklyn","2601 E 24th St #3b, Brooklyn, NY 11235, USA",40.5887895,-73.9452357,274.698672428824
"House for sale",899000,3,2,1324,"Brooklyn, NY 11234","2277 National DrBrooklyn, NY 11234","New York","Kings County","2277 National Dr, Brooklyn, NY 11234, USA",40.6055237,-73.9143161,679.003021148036
"Co-op for sale",315000,2,1,850,"Brooklyn, NY 11234","5640 Avenue T Unit 84FBrooklyn, NY 11234","Kings County","Brooklyn","5640 Avenue T #84, Brooklyn, NY 11234, USA",40.6142504,-73.9196974,370.588235294118
"House for sale",1999999,5,2.37386085796844,5301,"Staten Island, NY 10304","220 Douglas RdStaten Island, NY 10304","New York","Richmond County","220 Douglas Rd, Staten Island, NY 10301, USA",40.6071393,-74.097086,377.287115638559
"House for sale",950000,4,3,1746,"Queens Village, NY 11429","104-02 223rd StQueens Village, NY 11429","New York","Queens County","104-02 223rd St, Jamaica, NY 11429, USA",40.7107548,-73.7320869,544.100801832761
"Townhouse for sale",13950000,6,6,6798,"Manhattan, NY 10003","135 E 19th StManhattan, NY 10003","New York","New York County","135 E 19th St, New York, NY 10003, USA",40.736891,-73.985669,2052.07413945278
"House for sale",1399000,5,3,3375,"Howard Beach, NY 11414","91-09 165th AveHoward Beach, NY 11414","New York","Queens County","91-09 165th Ave, Jamaica, NY 11414, USA",40.6491159,-73.8389887,414.518518518519
"Condo for sale",595000,3,1,660,"Manhattan, NY 10005","55 Wall St Apt 714Manhattan, NY 10005","New York County","New York","55 Wall St APT 714, New York, NY 10005, USA",40.7059312,-74.0093393,901.515151515152
"House for sale",1618000,5,2,2200,"Brooklyn, NY 11234","2247 E 66th StBrooklyn, NY 11234","New York","Kings County","2247 E 66th St, Brooklyn, NY 11234, USA",40.6148883,-73.9078973,735.454545454545
"Pending",485000,6,3,2184.207862,"Bronx, NY 10469","1311 Needham AveBronx, NY 10469","New York","Bronx County","1311 Needham Ave, Bronx, NY 10469, USA",40.8781862,-73.8523657,222.048463627405
"Contingent",748000,3,2,1592,"Staten Island, NY 10309","476 Darlington AveStaten Island, NY 10309","New York","Richmond County","476 Darlington Ave, Staten Island, NY 10309, USA",40.5342218,-74.2016301,469.849246231156
"Multi-family home for sale",1100000,3,2,1928,"Staten Island, NY 10307","307 Ellis StStaten Island, NY 10307","New York","Richmond County","307 Ellis St, Staten Island, NY 10307, USA",40.5142085,-74.2505102,570.539419087137
"Townhouse for sale",3995000,8,8,5046,"Manhattan, NY 10025","322 W 104th StManhattan, NY 10025","New York","New York County","322 W 104th St, New York, NY 10025, USA",40.80059,-73.97071,791.716210860087
"Multi-family home for sale",1099000,6,3,2018,"Corona, NY 11368","58-15 Granger StCorona, NY 11368","New York","Queens County","58-15 Granger St, Flushing, NY 11368, USA",40.7385519,-73.8545527,544.598612487611
"Condo for sale",319000,2,2,1102,"Bronx, NY 10473","135 Sunset Blvd Unit 10135Bronx, NY 10473","New York","Bronx County","135 Sunset Blvd, Bronx, NY 10473, USA",40.806951,-73.853401,289.473684210526
"Multi-family home for sale",999000,9,3,3168,"Bronx, NY 10453","1670 Nelson AveBronx, NY 10453","New York","Bronx County","1670 Nelson Ave, Bronx, NY 10453, USA",40.8474641,-73.9177608,315.340909090909
"Co-op for sale",398000,3,2,1571,"Jamaica, NY 11432","170-40 Highland Ave Unit 107Jamaica, NY 11432","Queens County","Queens","17040 Highland Ave Apt 107, Jamaica, NY 11432, USA",40.7125699,-73.79318,253.341820496499
"Co-op for sale",249000,3,1,500,"New York, NY 10034","100 Park Terrace Ter W Unit 1HNew York, NY 10034","New York County","New York","100 Park Terrace W #1h, New York, NY 10034, USA",40.8717961,-73.916064,498
"Multi-family home for sale",1299000,3,2,2648,"Flushing, NY 11355","149-19 46th AveFlushing, NY 11355","New York","Queens County","149-19 46th Ave, Flushing, NY 11355, USA",40.7544269,-73.8114185,490.558912386707
"Townhouse for sale",8950000,3,6,6336,"New York, NY 10016","209 E 31st StNew York, NY 10016","New York","New York County","209 E 31st St, New York, NY 10016, USA",40.7437415,-73.978774,1412.56313131313
"House for sale",750000,5,3,1500,"South Ozone Park, NY 11436","13035 146th StSouth Ozone Park, NY 11436","New York","Queens County","130-35 146th St, Jamaica, NY 11436, USA",40.6693291,-73.7924388,500
"Multi-family home for sale",1100000,5,3,1916,"Brooklyn, NY 11234","1720 E 51st StBrooklyn, NY 11234","New York","Kings County","1720 E 51st St, Brooklyn, NY 11234, USA",40.6183626,-73.9260392,574.112734864301
"House for sale",1275000,3,4,2380,"Staten Island, NY 10309","47 Brookside LoopStaten Island, NY 10309","New York","Richmond County","47 Brookside Lp, Staten Island, NY 10309, USA",40.5393625,-74.214287,535.714285714286
"House for sale",689000,2,2,750,"Brooklyn, NY 11235","2848 Brighton 4th StBrooklyn, NY 11235","New York","Kings County","2848 Brighton 4th St, Brooklyn, NY 11235, USA",40.5817208,-73.9645608,918.666666666667
"Co-op for sale",320000,1,1,2184.207862,"Forest Hills, NY 11375","2 Dartmouth St Apt M28Forest Hills, NY 11375","New York","Queens County","2 Dartmouth St, Forest Hills, NY 11375, USA",40.7192438,-73.8499268,146.506202805711
"Townhouse for sale",3995000,5,6,2184.207862,"Brooklyn, NY 11217","37 Prospect Pl Unit TownhouseBrooklyn, NY 11217","New York","Kings County","37 Prospect Pl, Brooklyn, NY 11217, USA",40.6799381,-73.9764616,1829.03837565255
"Multi-family home for sale",1399000,6,5,2500,"Jamaica, NY 11436","128-17 143rd StJamaica, NY 11436","New York","Queens County","128-17 143rd St, Jamaica, NY 11436, USA",40.6717866,-73.7955639,559.6
"House for sale",395000,2,2,1089,"Bronx, NY 10473","111 Sunset BlvdBronx, NY 10473","New York","Bronx County","111 Sunset Blvd, Bronx, NY 10473, USA",40.807051,-73.853819,362.718089990817
"House for sale",1250000,4,2,2273,"Bronx, NY 10471","5037 Fieldston RdBronx, NY 10471","New York","Bronx County","5037 Fieldston Rd, Bronx, NY 10471, USA",40.8976524,-73.9019402,549.93400791905
"Co-op for sale",719000,3,2,1440,"Forest Hills, NY 11375","110-11 72nd Ave Unit 4BForest Hills, NY 11375","Queens County","Queens","110-11 72nd Ave #4b, Forest Hills, NY 11375, USA",40.721289,-73.8403901,499.305555555556
"Multi-family home for sale",795000,3,4,1171,"Bronx, NY 10463","3121 Corlear AveBronx, NY 10463","New York","Bronx County","3121 Corlear Ave, Bronx, NY 10463, USA",40.8809803,-73.9074446,678.906917164816
"Multi-family home for sale",1175000,6,5,2184.207862,"Jamaica, NY 11436","115-11 142nd StJamaica, NY 11436","New York","Queens County","115-11 142nd St, Jamaica, NY 11436, USA",40.6820237,-73.800217,537.952463427219
"Condo for sale",4250000,3,4,2054,"Manhattan, NY 10021","255 E 74th St Apt 16CManhattan, NY 10021","New York","Manhattan","Casa 74, 255 E 74th St #16c, New York, NY 10021, USA",40.7704759,-73.9574549,2069.13339824732
"Townhouse for sale",2500000,3,4,2201,"New York, NY 10016","240 E 29th StNew York, NY 10016","New York","New York County","240 E 29th St, New York, NY 10016, USA",40.741725,-73.9786641,1135.84734211722
"Multi-family home for sale",850000,3,2.37386085796844,1600,"Brooklyn, NY 11224","3836 Laurel AveBrooklyn, NY 11224","New York","Kings County","3836 Laurel Ave, Brooklyn, NY 11224, USA",40.5776897,-74.0072206,531.25
"House for sale",1350000,4,2,2948,"Bronx, NY 10461","1932 Narragansett AveBronx, NY 10461","New York","Bronx County","1932 Narragansett Ave, Bronx, NY 10461, USA",40.8548137,-73.8500157,457.937584803256
"House for sale",929000,5,2.37386085796844,2200,"Staten Island, NY 10306","314 Montreal AveStaten Island, NY 10306","New York","Richmond County","314 Montreal Ave, Staten Island, NY 10306, USA",40.5592121,-74.1263587,422.272727272727
"Townhouse for sale",549990,3,2,2184.207862,"Staten Island, NY 10306","216 Hett AveStaten Island, NY 10306","New York","Richmond County","216 Hett Ave, Staten Island, NY 10306, USA",40.5610279,-74.1050355,251.802957753478
"Multi-family home for sale",1550000,6,6,2184.207862,"Brooklyn, NY 11224","4409 Atlantic AveBrooklyn, NY 11224","New York","Kings County","4409 Atlantic Ave, Brooklyn, NY 11224, USA",40.5757051,-74.0098832,709.639419840162
"Co-op for sale",265000,1,1,2184.207862,"Manhattan, NY 10035","1777 Madison Ave Apt 32Manhattan, NY 10035","New York County","New York","1777 Madison Ave Apt 32, New York, NY 10035, USA",40.8003865,-73.9443376,121.325449198479
"House for sale",879000,4,2.37386085796844,1630,"Fresh Meadows, NY 11366","164-47 73rd AveFresh Meadows, NY 11366","New York","Queens County","164-47 73rd Ave, Flushing, NY 11366, USA",40.7282179,-73.8032584,539.263803680982
"Land for sale",1200000,3,2.37386085796844,2184.207862,"New York, NY 10035","2316 1st AveNew York, NY 10035","New York","New York County","2316 1st Ave., New York, NY 10035, USA",40.797735,-73.933806,549.398260521416
"Townhouse for sale",7500000,4,2,4250,"New York, NY 10075","167 E 80th StNew York, NY 10075","New York","New York County","167 E 80th St, New York, NY 10075, USA",40.77551,-73.957627,1764.70588235294
"Co-op for sale",325000,2,1,2184.207862,"New Hyde Park, NY 11040","268-25 82nd Ave Unit 279BNew Hyde Park, NY 11040","Queens County","Queens","26825 82nd Ave # 279b, Queens, NY 11040, USA",40.7427699,-73.70245,148.79536222455
"House for sale",755000,2,2,2184.207862,"Bayside, NY 11361","202-24 45th RdBayside, NY 11361","New York","Queens County","202-24 45th Rd, Flushing, NY 11361, USA",40.7565607,-73.7796734,345.663072244724
"Co-op for sale",325000,2,2,2184.207862,"Bronx, NY 10463","3875 Waldo Ave Apt 2EBronx, NY 10463","Bronx County","The Bronx","3875 Waldo Ave #2e, Bronx, NY 10463, USA",40.8890553,-73.9033819,148.79536222455
"Co-op for sale",1395000,2,1,2184.207862,"New York, NY 10007","258 Broadway Apt 3DNew York, NY 10007","New York County","New York","258 Broadway #3d, New York, NY 10007, USA",40.7134524,-74.0070904,638.675477856145
"House for sale",649000,3,2,980,"Staten Island, NY 10312","1056 Arden AveStaten Island, NY 10312","New York","Richmond County","1056 Arden Ave, Staten Island, NY 10312, USA",40.5434215,-74.174846,662.244897959184
"House for sale",499999,2,1,800,"Staten Island, NY 10314","118 Cannon AveStaten Island, NY 10314","New York","Richmond County","118 Cannon Ave, Staten Island, NY 10314, USA",40.594453,-74.1889609,624.99875
"Multi-family home for sale",999998,4,4,2720,"Staten Island, NY 10314","220 Nome AveStaten Island, NY 10314","New York","Richmond County","220 Nome Ave, Staten Island, NY 10314, USA",40.5862681,-74.1585168,367.646323529412
"Multi-family home for sale",1358000,6,3,2184.207862,"Bedford Stuyvesant, NY 11221","1016 Putnam AveBedford Stuyvesant, NY 11221","New York","Kings County","1016 Putnam Ave, Brooklyn, NY 11221, USA",40.6871306,-73.9215141,621.735698156735
"House for sale",1650000,5,4,2184.207862,"Bronx, NY 10463","617 W 227th StBronx, NY 10463","New York","Bronx County","617 W 227th St, Bronx, NY 10463, USA",40.8806865,-73.9157055,755.422608216946
"Co-op for sale",680000,1,1,2184.207862,"Brooklyn, NY 11201","299 Henry St Unit D1Brooklyn, NY 11201","Kings County","Brooklyn","299 Henry St d1, Brooklyn, NY 11201, USA",40.6915357,-73.9956516,311.325680962135
"Co-op for sale",258888,1,1,650,"Brooklyn, NY 11209","9031 Fort Hamilton Pkwy Apt 6CBrooklyn, NY 11209","Kings County","Brooklyn","9031 Fort Hamilton Pkwy #6c, Brooklyn, NY 11209, USA",40.617279,-74.0267532,398.289230769231
"Townhouse for sale",660000,3,2.37386085796844,1283,"Bronx, NY 10461","1761 Tenbroeck AveBronx, NY 10461","New York","Bronx County","1761 Tenbroeck Ave, Bronx, NY 10461, USA",40.851494,-73.8492232,514.419329696025
"Co-op for sale",3e+05,1,1,2184.207862,"New York, NY 10075","315 E 77th St Apt 4DNew York, NY 10075","New York County","New York","315 E 77th St #4d, New York, NY 10075, USA",40.7719231,-73.955157,137.349565130354
"Townhouse for sale",318888,2,2,1270,"Staten Island, NY 10303","42 Post LnStaten Island, NY 10303","New York","Richmond County","42 Post Ln, Staten Island, NY 10303, USA",40.6384591,-74.1646633,251.092913385827
"Co-op for sale",330000,1,2,2184.207862,"Manhattan, NY 10022","303 E 57th St Apt 19BManhattan, NY 10022","New York County","New York","303 E 57th St #19b, New York, NY 10022, USA",40.7595774,-73.964779,151.084521643389
"Condo for sale",747000,11,1,747,"New York, NY 10025","400 Central Park W Apt 8HNew York, NY 10025","New York County","New York","400 Central Park W #8h, New York, NY 10025, USA",40.7942099,-73.9636725,1000
"House for sale",699000,2,2,2184.207862,"Glendale, NY 11385","78-18 74th StGlendale, NY 11385","New York","Queens County","78-18 74th St, Flushing, NY 11385, USA",40.7037872,-73.8752532,320.024486753724
"Co-op for sale",875000,1,1,2184.207862,"Manhattan, NY 10023","15 W 72nd St Apt 5TManhattan, NY 10023","New York County","New York","15 W 72nd St #5b, New York, NY 10023, USA",40.7769649,-73.9769247,400.602898296865
"Co-op for sale",385000,2,2,1100,"Bronx, NY 10463","640 W 231st St Apt 7CBronx, NY 10463","Bronx County","The Bronx","640 W 231st St #7c, Bronx, NY 10463, USA",40.8827696,-73.9148245,350
"Co-op for sale",985000,3,2,2184.207862,"Queens, NY 11372","84-12 35th Ave Unit 4CQueens, NY 11372","Queens","Jackson Heights","The Belvedere, 84-12 35th Ave #4c, Jackson Heights, NY 11372, USA",40.7518439,-73.8822788,450.964405511329
"Co-op for sale",349000,1,1,1017,"Brooklyn, NY 11694","13811 Beach Channel Dr Unit 8CBrooklyn, NY 11694","Queens County","Queens","13811 Beach Channel Dr #8c, Rockaway Park, NY 11694, USA",40.5781687,-73.8586706,343.166175024582
"Townhouse for sale",5950000,4,4,2184.207862,"New York, NY 10028","422 E 84th StNew York, NY 10028","New York","New York County","422 E 84th St, New York, NY 10028, USA",40.7750765,-73.9495633,2724.09970841869
"House for sale",968000,3,2,1344,"Rego Park, NY 11374","61-23 Booth StRego Park, NY 11374","New York","Queens County","61-23 Booth St, Flushing, NY 11374, USA",40.7309404,-73.8683812,720.238095238095
"Condo for sale",569000,2,2,2184.207862,"Forest Hills, NY 11375","64-34 Grand Central Pkwy Unit 2AForest Hills, NY 11375","Queens County","Queens","64-34 Grand Central Pkwy #2a, Forest Hills, NY 11375, USA",40.7332174,-73.8448704,260.506341863904
"Condo for sale",238000,1,1,650,"Staten Island, NY 10305","20 Cliff St Apt 8FStaten Island, NY 10305","Richmond County","Staten Island","20 Cliff St #8f, Staten Island, NY 10305, USA",40.6109595,-74.060351,366.153846153846
"Multi-family home for sale",1200000,6,6,5712,"Glendale, NY 11385","71-12 66th StGlendale, NY 11385","New York","Queens County","71-12 66th St, Flushing, NY 11385, USA",40.7023326,-73.8891107,210.084033613445
"Co-op for sale",4995000,4,3,2184.207862,"New York, NY 10024","255 W 90th St Apt 9CNew York, NY 10024","New York County","New York","255 W 90th St #9c, New York, NY 10024, USA",40.7910972,-73.9748583,2286.87025942039
"House for sale",911600,3,2,1596,"Flushing, NY 11354","32-26 Parsons BlvdFlushing, NY 11354","New York","Queens County","32-26 Parsons Blvd, Flushing, NY 11354, USA",40.7685072,-73.8246067,571.177944862155
"House for sale",598000,3,2,1144,"Bronx, NY 10463","3088 Heath AveBronx, NY 10463","New York","Bronx County","3088 Heath Ave, Bronx, NY 10463, USA",40.87796,-73.9011666,522.727272727273
"Condo for sale",472000,1,1,700,"Elmhurst, NY 11373","85-28 Grand Ave Unit 4CElmhurst, NY 11373","Queens County","Queens","85-28 Grand Ave #4c, Elmhurst, NY 11373, USA",40.73531,-73.8812513,674.285714285714
"House for sale",549000,1,2,2184.207862,"South Ozone Park, NY 11420","133-38 130th StSouth Ozone Park, NY 11420","New York","Queens County","133-38 130th St, Jamaica, NY 11420, USA",40.669243,-73.809973,251.349704188548
"House for sale",1085000,5,3,1200,"Brooklyn, NY 11204","1625 71st StBrooklyn, NY 11204","New York","Kings County","1625 71st St, Brooklyn, NY 11204, USA",40.618311,-73.997597,904.166666666667
"Multi-family home for sale",680000,3,2,1535,"Brooklyn, NY 11208","664 Crescent StBrooklyn, NY 11208","New York","Kings County","664 Crescent St., Brooklyn, NY 11208, USA",40.6713695,-73.869277,442.99674267101
"Condo for sale",2e+05,1,2.37386085796844,637,"Bronx, NY 10462","1561 Unionport Rd Apt TdBronx, NY 10462","New York","Bronx County","1561 Unionport Rd, Bronx, NY 10462, USA",40.8389649,-73.8613485,313.971742543171
"Co-op for sale",210000,2,1,1000,"Flushing, NY 11367","144-55 Melbourne Ave Unit 1HFlushing, NY 11367","Queens County","Queens","144-55 Melbourne Ave #1g, Flushing, NY 11367, USA",40.734848,-73.8232512,210
"Townhouse for sale",525000,2,2,996,"Staten Island, NY 10312","51 Anaconda StStaten Island, NY 10312","New York","Richmond County","51 Anaconda St, Staten Island, NY 10312, USA",40.546286,-74.195582,527.10843373494
"Multi-family home for sale",999000,5,3,2184.207862,"Brooklyn, NY 11234","7312 Avenue UBrooklyn, NY 11234","New York","Kings County","7312 Avenue U, Brooklyn, NY 11234, USA",40.6207744,-73.9055089,457.374051884078
"Multi-family home for sale",1799000,3,1,5400,"Staten Island, NY 10306","2401-2407 Richmond Rd Unit AStaten Island, NY 10306","Richmond County","Staten Island","2401 Richmond Rd #2407, Staten Island, NY 10306, USA",40.5767317,-74.1187369,333.148148148148
"Townhouse for sale",1900000,9,5,5000,"New York, NY 10035","2074 Fifth AveNew York, NY 10035","New York","New York County","2074 5th Ave, New York, NY 10035, USA",40.8082842,-73.9412356,380
"House for sale",519000,3,2,1200,"Howard Beach, NY 11414","99-50 164th AveHoward Beach, NY 11414","New York","Queens County","9950 164th Ave, Jamaica, NY 11414, USA",40.651735,-73.830298,432.5
"House for sale",728900,4,1,960,"Staten Island, NY 10314","305 S Greenleaf AveStaten Island, NY 10314","New York","Richmond County","305 S Greenleaf Ave, Staten Island, NY 10314, USA",40.6163157,-74.1248333,759.270833333333
"Co-op for sale",549000,2,1,2184.207862,"Queens, NY 11375","110-11 Queens Blvd Unit 6LQueens, NY 11375","New York","Queens County","110-11 Queens Blvd, Forest Hills, NY 11375, USA",40.7201292,-73.8398387,251.349704188548
"Pending",2300000,6,2.37386085796844,4346,"Staten Island, NY 10312","490 Jansen StStaten Island, NY 10312","New York","Richmond County","490 Jansen St, Staten Island, NY 10312, USA",40.5274146,-74.179841,529.222273354809
"Co-op for sale",299999,2,2,1300,"Bayside, NY 11360","1835 Corporal Kennedy St Apt 2FBayside, NY 11360","Queens County","Queens","18-35 Corporal Kennedy St #2f, Bayside, NY 11360, USA",40.7808597,-73.7834998,230.768461538462
"Pending",1800000,7,4,2832,"Brooklyn, NY 11230","729 E 18th StBrooklyn, NY 11230","New York","Kings County","729 E 18th St, Brooklyn, NY 11230, USA",40.6331671,-73.9597006,635.593220338983
"Co-op for sale",1195000,2,2,2184.207862,"New York, NY 10011","25 W 13th St Apt 1ONNew York, NY 10011","New York County","New York","25 W 13th St #1a, New York, NY 10011, USA",40.7361476,-73.9955368,547.109101102576
"Co-op for sale",2e+05,1,1,2184.207862,"Queens, NY 11373","86-16 60th Ave Unit 2NQueens, NY 11373","Queens County","Queens","8616 60th Ave Apt 2n, Elmhurst, NY 11373, USA",40.7304899,-73.8735933,91.5663767535692
"Condo for sale",599000,2,2,1095,"Brooklyn, NY 11224","2818 W 17th St Apt 1BBrooklyn, NY 11224","Kings County","Brooklyn","2818 W 17th St #1b, Brooklyn, NY 11224, USA",40.5784256,-73.9853674,547.03196347032
"Pending",7500000,3,4,3050,"Brooklyn, NY 11205","329 Vanderbilt AveBrooklyn, NY 11205","New York","Kings County","329 Vanderbilt Ave, Brooklyn, NY 11205, USA",40.6883185,-73.9686154,2459.01639344262
"Co-op for sale",1775000,2,2,2184.207862,"Manhattan, NY 10012","124 Thompson St Unit 27/28Manhattan, NY 10012","New York County","New York","124 Thompson St #27, New York, NY 10012, USA",40.7261696,-74.0013901,812.651593687927
"Multi-family home for sale",1059000,6,3,2184.207862,"Brooklyn, NY 11208","124 Norwood AveBrooklyn, NY 11208","New York","Kings County","124 Norwood Ave, Brooklyn, NY 11208, USA",40.6830732,-73.8797396,484.843964910149
"House for sale",1288888,3,4,1672,"Staten Island, NY 10301","661 Ocean TerStaten Island, NY 10301","New York","Richmond County","661 Ocean Terrace, Staten Island, NY 10301, USA",40.6069525,-74.1016936,770.866028708134
"Multi-family home for sale",1299999,8,4,3448,"Brooklyn, NY 11234","1210 E 72nd StBrooklyn, NY 11234","New York","Kings County","1210 E 72nd St, Brooklyn, NY 11234, USA",40.6259736,-73.9141206,377.029872389791
"House for sale",1399999,3,2,2700,"Staten Island, NY 10307","316 Brehaut AveStaten Island, NY 10307","New York","Richmond County","316 Brehaut Ave, Staten Island, NY 10307, USA",40.5116874,-74.2388187,518.518148148148
"House for sale",725000,3,2,2410,"Bronx, NY 10466","4316 Ely AveBronx, NY 10466","New York","Bronx County","4316 Ely Ave, Bronx, NY 10466, USA",40.8965547,-73.8476725,300.829875518672
"Co-op for sale",232500,1,1,2184.207862,"Kew Gardens, NY 11415","123-35 82nd Rd Unit 3RKew Gardens, NY 11415","Queens County","Queens","123-35 82nd Rd #3r, Kew Gardens, NY 11415, USA",40.7121373,-73.8277084,106.445912976024
"Co-op for sale",250000,3,1,2184.207862,"Manhattan, NY 10026","11 St Nicholas Ave Unit 3EManhattan, NY 10026","New York County","New York","11 St Nicholas Ave #3, New York, NY 10026, USA",40.7992319,-73.9526079,114.457970941962
"House for sale",639000,2,2,862,"Brooklyn, NY 11234","1755 E 51st StBrooklyn, NY 11234","New York","Kings County","1755 E 51st St, Brooklyn, NY 11234, USA",40.6175251,-73.9255226,741.299303944316
"House for sale",950000,4,4,2060,"College Point, NY 11356","115-14 10th AveCollege Point, NY 11356","New York","Queens County","115-14 10th Ave, Flushing, NY 11356, USA",40.7884912,-73.8515778,461.165048543689
"Condo for sale",12500000,3,2,4000,"Manhattan, NY 10013","47 Mercer St Apt 2Manhattan, NY 10013","New York County","New York","47 Mercer St APT 2, New York, NY 10013, USA",40.7217614,-74.0013329,3125
"Co-op for sale",430000,2,1,2184.207862,"Woodside, NY 11377","65-15 38th Ave Unit 3DWoodside, NY 11377","Queens County","Queens","65-15 38th Ave #3f, Flushing, NY 11377, USA",40.7472542,-73.8978152,196.867710020174
"Co-op for sale",299000,3,1,2184.207862,"New York, NY 10017","5 Tudor City Pl Apt 1426New York, NY 10017","United States","New York","Tudor City, New York, NY 10017, USA",40.7488491,-73.9716161,136.891733246586
"Co-op for sale",279000,3,1,1400,"Bronx, NY 10462","2199 Holland Ave Unit LeBronx, NY 10462","New York","Bronx County","2199 Holland Ave, Bronx, NY 10462, USA",40.8563536,-73.865974,199.285714285714
"House for sale",1725000,3,2,1508,"Brooklyn, NY 11209","132 91st StBrooklyn, NY 11209","New York","Kings County","132 91st St, Brooklyn, NY 11209, USA",40.6208655,-74.036863,1143.89920424403
"Multi-family home for sale",1698000,4,4,3620,"Staten Island, NY 10312","66 Archwood AveStaten Island, NY 10312","New York","Richmond County","66 Archwood Ave, Staten Island, NY 10312, USA",40.5357703,-74.1849822,469.060773480663
"House for sale",438000,2,2,1354,"Staten Island, NY 10312","123 Jamie LnStaten Island, NY 10312","New York","Richmond County","123 Jamie Ln, Staten Island, NY 10312, USA",40.5628043,-74.1853825,323.485967503693
"Co-op for sale",299000,1,1,2184.207862,"Jackson Heights, NY 11372","37-20 81st St Unit 2EJackson Heights, NY 11372","Queens County","Queens","3720 81st St Apt 2e, Jackson Heights, NY 11372, USA",40.7490984,-73.8849909,136.891733246586
"Condo for sale",625000,2,2,995,"Bayside, NY 11360","2 Bay Club Rd Unit 1MBayside, NY 11360","Queens County","Queens","2 Bay Club Dr #1u, Bayside, NY 11360, USA",40.7780359,-73.7808993,628.140703517588
"House for sale",350000,3,2.37386085796844,1520,"Brooklyn, NY 11208","399 Linwood StBrooklyn, NY 11208","New York","Kings County","399 Linwood St, Brooklyn, NY 11208, USA",40.6758271,-73.8828978,230.263157894737
"Co-op for sale",699999,3,2,2184.207862,"Crown Heights, NY 11213","1040 Carroll St Unit 6BCrown Heights, NY 11213","Kings County","Brooklyn","1040 Carroll St Apartment 6e, Brooklyn, NY 11225, USA",40.6672186,-73.9566539,320.481860805609
"Co-op for sale",529000,1,1,2184.207862,"New York, NY 10010","301 E 22nd St Apt 2RNew York, NY 10010","New York County","New York","301 E 22nd St #2r, New York, NY 10010, USA",40.7371253,-73.9806613,242.193066513191
"House for sale",599000,3,2,1208,"Jamaica, NY 11421","88-20 78th StJamaica, NY 11421","New York","Queens County","88-20 78th St, Jamaica, NY 11421, USA",40.6892122,-73.8634426,495.860927152318
"Co-op for sale",279900,1,1,900,"Bronx, NY 10451","1020 Grand Concourse Apt 14DBronx, NY 10451","Bronx County","The Bronx","1020 Grand Concourse #14d, Bronx, NY 10451, USA",40.8301222,-73.9202611,311
"Co-op for sale",165000,1,1,875,"Bronx, NY 10470","205 E 238th St Apt 1JBronx, NY 10470","Bronx County","The Bronx","205 E 238th St #1j, Bronx, NY 10470, USA",40.8994229,-73.8706379,188.571428571429
"Co-op for sale",270000,1,1,2184.207862,"Brooklyn, NY 11214","2155 82nd St Apt 5OBrooklyn, NY 11214","Kings County","Brooklyn","2155 82nd St #5o, Brooklyn, NY 11214, USA",40.6047809,-73.9920476,123.614608617318
"Condo for sale",625000,2,1,825,"Long Island City, NY 11109","4-74 48 Ave Ph 3CLong Island City, NY 11109","Queens County","Queens","474 48th Ave Ph 3h, Long Island City, NY 11109, USA",40.744346,-73.957101,757.575757575758
"Pending",1970000,4,4,3111,"Douglaston, NY 11363","303 Knollwood AveDouglaston, NY 11363","New York","Queens County","303 Knollwood Ave, Douglaston, NY 11363, USA",40.7800183,-73.7514697,633.236901317904
"Multi-family home for sale",580000,5,2,1780,"Brooklyn, NY 11235","49 3 Brighton CtBrooklyn, NY 11235","New York","Kings County","3 Brighton Ct, Brooklyn, NY 11223, USA",40.5874424,-73.9675716,325.842696629213
"Condo for sale",979000,3,2,1272,"Brooklyn, NY 11209","324 77th St Apt 2CBrooklyn, NY 11209","Kings County","Brooklyn","324 77th St #2c, Brooklyn, NY 11209, USA",40.6295982,-74.0275565,769.654088050314
"Co-op for sale",269000,2,1,2184.207862,"New York, NY 10037","2090 Madison Ave Apt 3DNew York, NY 10037","New York County","New York","2090 Madison Ave #3d, New York, NY 10037, USA",40.8099353,-73.9377818,123.156776733551
"House for sale",1700000,3,4,2184.207862,"Jamaica, NY 11436","137-25 133rd AveJamaica, NY 11436","New York","Queens County","137-25 133rd Ave, Jamaica, NY 11436, USA",40.6693668,-73.7996259,778.314202405339
"Co-op for sale",499000,2,2,2184.207862,"New York, NY 10128","519 E 87th St Apt DNew York, NY 10128","New York County","New York","519 E 87th St d, New York, NY 10128, USA",40.7762825,-73.9453865,228.458110000155
"House for sale",1699888,3,3,2275,"Howard Beach, NY 11414","160-14 83rd StHoward Beach, NY 11414","New York","Queens County","160-14 83rd St, Jamaica, NY 11414, USA",40.6556445,-73.848959,747.203516483517
"House for sale",3100000,6,4,2184.207862,"Far Rockaway, NY 11691","555 Oak DrFar Rockaway, NY 11691","New York","Queens County","555 Oak Dr, Far Rockaway, NY 11691, USA",40.6021451,-73.7401761,1419.27883968032
"House for sale",499000,4,2,1752,"Bronx, NY 10463","2712 Heath AveBronx, NY 10463","New York","Bronx County","2712 Heath Ave, Bronx, NY 10463, USA",40.8717268,-73.9050847,284.817351598174
"Multi-family home for sale",1250000,6,2.37386085796844,3312,"Elmhurst, NY 11373","95-18 42 AveElmhurst, NY 11373","New York","Queens County","95-18 42nd Ave, Elmhurst, NY 11373, USA",40.7459265,-73.868944,377.415458937198
"Co-op for sale",245000,2,1,900,"Brooklyn, NY 11229","2260 Burnett St Apt 1FBrooklyn, NY 11229","Kings County","Brooklyn","2260 Burnett St #1f, Brooklyn, NY 11229, USA",40.6014996,-73.9324298,272.222222222222
"Townhouse for sale",5800000,7,5,6360,"Brooklyn, NY 11217","39 S Portland AveBrooklyn, NY 11217","New York","Kings County","39 S Portland Ave, Brooklyn, NY 11217, USA",40.6884736,-73.9747288,911.949685534591
"House for sale",2350000,5,4,4270,"Staten Island, NY 10309","144 Dunham StStaten Island, NY 10309","New York","Richmond County","144 Dunham St, Staten Island, NY 10309, USA",40.5251737,-74.2176044,550.351288056206
"House for sale",799000,3,2,2340,"Staten Island, NY 10314","825 Rockland AveStaten Island, NY 10314","New York","Richmond County","825 Rockland Ave, Staten Island, NY 10314, USA",40.5887913,-74.1444799,341.452991452991
"Multi-family home for sale",725000,4,2,1700,"Brooklyn, NY 11208","445 Milford St Unit 04457-0058Brooklyn, NY 11208","New York","Kings County","445 Milford St, Brooklyn, NY 11208, USA",40.6681943,-73.8749046,426.470588235294
"Co-op for sale",3695000,2,2,1697,"Manhattan, NY 10012","292 Lafayette St Apt 2EManhattan, NY 10012","New York County","New York","292 Lafayette St #2a, New York, NY 10012, USA",40.7246503,-73.9960912,2177.37183264585
"Pending",3100000,4,2.37386085796844,3600,"Whitestone, NY 11357","145-38 3rd AveWhitestone, NY 11357","New York","Queens County","145-38 3rd Ave, Flushing, NY 11357, USA",40.7956412,-73.8246757,861.111111111111
"House for sale",1499999,5,3,2184.207862,"Richmond Hill, NY 11418","114-15 91st AveRichmond Hill, NY 11418","New York","Queens County","114-15 91st Ave, Jamaica, NY 11418, USA",40.695043,-73.832656,686.747367819886
"House for sale",1250000,4,3,2184.207862,"Flushing, NY 11358","32-15 168th StFlushing, NY 11358","New York","Queens County","32-15 168th St, Flushing, NY 11358, USA",40.7684367,-73.7969886,572.289854709808
"House for sale",1199000,4,1,1840,"Brooklyn, NY 11228","7702 15th AveBrooklyn, NY 11228","New York","Kings County","7702 15th Ave, Brooklyn, NY 11228, USA",40.6165131,-74.0045846,651.630434782609
"Condo for sale",719000,3,2,2184.207862,"Whitestone, NY 11357","154-11 Riverside Dr Unit 17BWhitestone, NY 11357","Queens County","Queens","15411 Riverside Dr # 17b, Beechhurst, NY 11357, USA",40.7964178,-73.8058096,329.181124429081
"Co-op for sale",169000,3,1,2184.207862,"Forest Hills, NY 11375","72-61 113 St Unit 4BForest Hills, NY 11375","Queens County","Queens","72-61 113th St #4b, Forest Hills, NY 11375, USA",40.7205894,-73.8359422,77.373588356766
"House for sale",399000,3,2.37386085796844,1601,"Queens, NY 11429","104-06 212 StQueens, NY 11429","New York","Queens County","104-06 212th St, Jamaica, NY 11417, USA",40.7115495,-73.7464296,249.219237976265
"Condo for sale",1300000,2,2,1140,"New York, NY 10025","392 Central Park W Apt 1RNew York, NY 10025","New York County","New York","392 Central Park W #1r, New York, NY 10025, USA",40.7945469,-73.9649582,1140.35087719298
"Multi-family home for sale",888000,5,4,2184.207862,"Brooklyn, NY 11207","527 Glenmore AveBrooklyn, NY 11207","New York","Kings County","527 Glenmore Ave, Brooklyn, NY 11207, USA",40.6741308,-73.8908415,406.554712785847
"Multi-family home for sale",1308888,4,3,2184.207862,"Whitestone, NY 11357","17-20 150th StWhitestone, NY 11357","New York","Queens County","17-20 150th St, Whitestone, NY 11357, USA",40.7836228,-73.8141298,599.250658681129
"House for sale",1265000,3,2,2184.207862,"Middle Village, NY 11379","64-30 72nd StMiddle Village, NY 11379","New York","Queens County","64-30 72nd St, Flushing, NY 11379, USA",40.7151328,-73.8834603,579.157332966325
"Condo for sale",558000,1,1,751,"Brooklyn, NY 11209","346 91st St Apt 307Brooklyn, NY 11209","Kings County","Brooklyn","346 91st St APT 307, Brooklyn, NY 11209, USA",40.619526,-74.0311577,743.009320905459
"House for sale",1280000,4,2,2340,"Douglaston, NY 11363","240-67 Poplar StDouglaston, NY 11363","New York","Queens County","240-67 Poplar St, Flushing, NY 11363, USA",40.7690548,-73.7444989,547.008547008547
"Co-op for sale",429000,2,2,1450,"Bronx, NY 10463","3515 Henry Hudson Pkwy Apt 3DBronx, NY 10463","The Bronx","Riverdale","The Briarcliff, 3515 Henry Hudson Pkwy #3d, Bronx, NY 10463, USA",40.8868607,-73.9129726,295.862068965517
"Condo for sale",399900,2,2,853,"Staten Island, NY 10314","120 Wellington Ct Apt 1BStaten Island, NY 10314","Richmond County","Staten Island","120 Wellington Ct #1b, Staten Island, NY 10314, USA",40.5803785,-74.1578058,468.815943728019
"House for sale",499900,3,1,1040,"Staten Island, NY 10303","334 Harbor RdStaten Island, NY 10303","New York","Richmond County","334 Harbor Rd, Staten Island, NY 10303, USA",40.6281869,-74.1606727,480.673076923077
"Multi-family home for sale",2489000,4,4,2334,"Brooklyn, NY 11215","230 7th StBrooklyn, NY 11215","New York","Kings County","230 7th St, Brooklyn, NY 11215, USA",40.671985,-73.9889397,1066.40959725793
"Condo for sale",255500,1,1,950,"Staten Island, NY 10305","422 Maryland Ave Apt 3DStaten Island, NY 10305","Richmond County","Staten Island","422 Maryland Ave #3b, Staten Island, NY 10305, USA",40.6077498,-74.0743086,268.947368421053
"Condo for sale",395000,3,1,2184.207862,"Manhattan, NY 10028","233 E 86th St Apt 5DManhattan, NY 10028","New York County","New York","233 East 86th St #5b, New York, NY 10028, USA",40.778484,-73.9524912,180.843594088299
"Multi-family home for sale",1090000,5,3,2184.207862,"College Point, NY 11356","507 127th StCollege Point, NY 11356","New York","Queens County","507 127th St, Flushing, NY 11356, USA",40.7922364,-73.8405165,499.036753306952
"Multi-family home for sale",471300,4,2,2175,"Brooklyn, NY 11207","672 Van Siclen AveBrooklyn, NY 11207","New York","Kings County","672 Van Siclen Ave, Brooklyn, NY 11207, USA",40.6629386,-73.8878146,216.689655172414
"Condo for sale",9450000,2,3,3918,"New York, NY 10012","60 Greene St Apt 4New York, NY 10012","New York County","New York","60 Greene St APT 4, New York, NY 10012, USA",40.7228178,-74.00088,2411.94486983155
"House for sale",1089000,4,2,1720,"Brooklyn, NY 11209","649 Bay Ridge PkwyBrooklyn, NY 11209","New York","Kings County","649 Bay Ridge Pkwy, Brooklyn, NY 11209, USA",40.6275081,-74.018889,633.139534883721
"Co-op for sale",220000,1,1,500,"Brooklyn, NY 11213","767 Eastern Pkwy Apt 1ABrooklyn, NY 11213","Kings County","Brooklyn","767 Eastern Pkwy #1a, Brooklyn, NY 11213, USA",40.6699448,-73.9429395,440
"Townhouse for sale",9950000,10,10,8000,"Manhattan, NY 10003","120 E 19th StManhattan, NY 10003","New York","New York County","120 E 19th St, New York, NY 10003, USA",40.7369927,-73.9868876,1243.75
"Co-op for sale",295000,2,1,950,"Rosedale, NY 11422","234-18 131st Ave Unit LowerRosedale, NY 11422","New York","Queens County","234-18 131st Ave, Rosedale, NY 11422, USA",40.6778447,-73.7335012,310.526315789474
"House for sale",1375000,5,4,2704,"Staten Island, NY 10314","19 Bascom PlStaten Island, NY 10314","New York","Richmond County","19 Bascom Pl, Staten Island, NY 10314, USA",40.606711,-74.1447092,508.505917159763
"Co-op for sale",399000,2,2,1050,"Brooklyn, NY 11224","2944 W 5th St Apt 19CBrooklyn, NY 11224","Kings County","Brooklyn","2944 W 5th St #19c, Brooklyn, NY 11224, USA",40.5776924,-73.9737314,380
"Co-op for sale",219999,2,1,800,"Bronx, NY 10463","3240 Riverdale Ave Apt 4BBronx, NY 10463","Bronx County","The Bronx","3240 Riverdale Ave #4b, Bronx, NY 10463, USA",40.8833792,-73.907461,274.99875
"Co-op for sale",329000,1,1,2184.207862,"Queens, NY 11104","48-17 42nd St Unit 4BQueens, NY 11104","Queens County","Queens","48-17 42nd St #4b, Woodside, NY 11377, USA",40.739059,-73.9229803,150.626689759621
"House for sale",639000,4,2,1856,"Staten Island, NY 10306","2341 Richmond RdStaten Island, NY 10306","New York","Richmond County","2341 Richmond Rd, Staten Island, NY 10306, USA",40.5774962,-74.1181004,344.288793103448
"Contingent",750000,4,4,1240,"Staten Island, NY 10312","114 McArthur AveStaten Island, NY 10312","New York","Richmond County","114 Mc Arthur Ave, Staten Island, NY 10312, USA",40.5546832,-74.1780566,604.838709677419
"House for sale",499999,3,2,1763,"Staten Island, NY 10304","12 Irving PlStaten Island, NY 10304","New York","Richmond County","12 Irving Pl, Staten Island, NY 10304, USA",40.6175808,-74.0858322,283.606920022689
"Co-op for sale",560000,2,2,2184.207862,"Forest Hills, NY 11375","110-20 71 Ave Unit 330Forest Hills, NY 11375","Queens County","Queens","11020 71st Ave Apt 330, Forest Hills, NY 11375, USA",40.7223099,-73.84153,256.385854909994
"Townhouse for sale",1268000,3,2,1513,"Forest Hills, NY 11375","102-37 68th AveForest Hills, NY 11375","New York","Queens County","102-37 68th Ave, Flushing, NY 11375, USA",40.7240812,-73.8521227,838.070059484468
"House for sale",1899000,7,4,2800,"Brooklyn, NY 11234","2719 Whitman DrBrooklyn, NY 11234","New York","Kings County","2719 Whitman Dr, Brooklyn, NY 11234, USA",40.6049921,-73.9106532,678.214285714286
"Co-op for sale",888000,3,2,1600,"Forest Hills, NY 11375","69-10 108 St Unit 4CForest Hills, NY 11375","Queens County","Queens","69-10 108th St #4c, Forest Hills, NY 11375, USA",40.724514,-73.8458441,555
"Multi-family home for sale",2100000,20,8,7200,"Brooklyn, NY 11209","7222 3rd AveBrooklyn, NY 11209","New York","Kings County","7222 3rd Ave, Brooklyn, NY 11209, USA",40.6330213,-74.0274188,291.666666666667
"House for sale",2900000,5,2.37386085796844,6707,"Staten Island, NY 10304","29 Annfield CtStaten Island, NY 10304","New York","Richmond County","29 Annfield Ct, Staten Island, NY 10304, USA",40.6000344,-74.1064235,432.384076338154
"House for sale",1250000,4,2.37386085796844,2184.207862,"Flushing, NY 11355","146-11 Delaware AveFlushing, NY 11355","New York","Queens County","146-11 Delaware Ave, Flushing, NY 11355, USA",40.7562704,-73.8180817,572.289854709808
"Condo for sale",1078000,3,2,2184.207862,"Forest Hills, NY 11375","100-25 Queens Blvd Unit 4BBForest Hills, NY 11375","Queens County","Queens","100-25 Queens Blvd #4b, Forest Hills, NY 11375, USA",40.7270139,-73.8523359,493.542770701738
"House for sale",3200000,4,4,2950,"Brooklyn, NY 11209","70 81st StBrooklyn, NY 11209","New York","Kings County","70 81st St, Brooklyn, NY 11209, USA",40.6286854,-74.0372417,1084.74576271186
"Co-op for sale",555555,1,1,2184.207862,"Manhattan, NY 10024","622 W End Ave Apt 4EManhattan, NY 10024","New York County","New York","622 West End Ave #4a, New York, NY 10024, USA",40.7914938,-73.9756337,254.350792186646
"Co-op for sale",293900,1,1,2184.207862,"Jackson Heights, NY 11372","35-31 85th St Unit 6CJackson Heights, NY 11372","Queens County","Queens","35-31 85th St #6c, Jackson Heights, NY 11372, USA",40.7512505,-73.8814433,134.55679063937
"House for sale",1175000,3,2,1192,"Brooklyn, NY 11220","6810 Madeline CtBrooklyn, NY 11220","New York","Kings County","6810 Madeline Ct, Brooklyn, NY 11220, USA",40.6369819,-74.0276787,985.738255033557
"Land for sale",160000,3,2.37386085796844,2184.207862,"Queens Village, NY 11429","110-42 213th StQueens Village, NY 11429","New York","Queens County","110-42 213th St, Queens Village, NY 11429, USA",40.7066981,-73.7439122,73.2531014028554
"Contingent",999999,3,2,1880,"Brooklyn, NY 11220","560 Bay Ridge AveBrooklyn, NY 11220","New York","Kings County","560 Bay Ridge Ave, Brooklyn, NY 11220, USA",40.6325838,-74.0194607,531.914361702128
"House for sale",1448000,5,4,2000,"Bellerose, NY 11426","84-19 253rd StBellerose, NY 11426","New York","Queens County","84-19 253rd St, Jamaica, NY 11426, USA",40.735335,-73.7142031,724
"House for sale",2950000,6,5,5436,"Brooklyn, NY 11234","2390 National DrBrooklyn, NY 11234","New York","Kings County","2390 National Dr, Brooklyn, NY 11234, USA",40.6037688,-73.9113665,542.678440029433
"Co-op for sale",150000,3,1,600,"Corona, NY 11368","99-10 60 Ave Unit 5LCorona, NY 11368","Queens County","Queens","99-10 60th Ave #5l, Corona, NY 11368, USA",40.7364499,-73.8584826,250
"Condo for sale",354900,2,1,673,"Brooklyn, NY 11209","160 72nd St Apt 713Brooklyn, NY 11209","Kings County","Brooklyn","160 72nd St Apt 713, Brooklyn, NY 11209, USA",40.6343667,-74.0311335,527.340267459138
"Condo for sale",580000,2,2,2184.207862,"Jackson Heights, NY 11372","93-05 37th Ave Unit 5AJackson Heights, NY 11372","New York","Queens County","93-05 37th Ave, Jackson Heights, NY 11372, USA",40.7510826,-73.8738365,265.542492585351
"House for sale",969000,3,2,1776,"Middle Village, NY 11379","63-44 72nd StMiddle Village, NY 11379","New York","Queens County","63-44 72nd St, Flushing, NY 11379, USA",40.7165988,-73.883495,545.608108108108
"Condo for sale",530000,1,1,538,"Brooklyn, NY 11214","2286 Cropsey Ave Unit 6DBrooklyn, NY 11214","New York","Kings County","2286 Cropsey Ave #6d, Brooklyn, NY 11214, USA",40.5954596,-73.9968422,985.130111524164
"House for sale",3900000,5,6,7723,"Malba, NY 11357","14458 BoulevardMalba, NY 11357","New York","Queens County","144-58 Boulevard, Malba, NY 11357, USA",40.7924353,-73.8258362,504.98510941344
"Condo for sale",624999,3,2,2184.207862,"Brooklyn, NY 11234","1070 E 73rd St Unit 4CBrooklyn, NY 11234","Kings County","Brooklyn","1070 E 73rd St #4c, Brooklyn, NY 11234, USA",40.6283771,-73.9175027,286.14446952302
"House for sale",551000,3,2.37386085796844,2184.207862,"Brooklyn, NY 11234","1606 E 45th StBrooklyn, NY 11234","New York","Kings County","1606 E 45th St, Brooklyn, NY 11234, USA",40.6214749,-73.932287,252.265367956083
"Townhouse for sale",14800000,8,10,2184.207862,"New York, NY 10003","135 E 15th StNew York, NY 10003","New York","New York County","135 E 15th St, New York, NY 10003, USA",40.7345123,-73.9874441,6775.91187976412
"House for sale",450000,3,2.37386085796844,1122,"Bronx, NY 10464","102 Pilot StBronx, NY 10464","New York","Bronx County","102 Pilot St, Bronx, NY 10464, USA",40.8408308,-73.7856681,401.069518716578
"Condo for sale",475000,2,1,1296,"Staten Island, NY 10308","26 Katan Loop Unit BStaten Island, NY 10308","New York","Richmond County","26 Katan Loop, Staten Island, NY 10308, USA",40.5527755,-74.1539297,366.512345679012
"Condo for sale",995000,3,2,2184.207862,"New York, NY 10025","100 Manhattan Ave Apt 4ANew York, NY 10025","New York County","New York","100 Manhattan Ave #4a, New York, NY 10025, USA",40.7974456,-73.9620195,455.542724349007
"Co-op for sale",650000,1,1,2184.207862,"New York, NY 10022","411 E 57th St Apt 16BNew York, NY 10022","New York County","New York","411 E 57th St #16b, New York, NY 10022, USA",40.7582795,-73.9624506,297.5907244491
"Co-op for sale",250000,2,1,2184.207862,"Woodhaven, NY 11421","83-55 Woodhaven Blvd Unit 6KWoodhaven, NY 11421","Queens County","Queens","83-55 Woodhaven Blvd #6k, Woodhaven, NY 11421, USA",40.700309,-73.8535466,114.457970941962
"Co-op for sale",2200000,3,3,2195,"Manhattan, NY 10025","336 Central Park W Apt 3BManhattan, NY 10025","New York County","New York","336 Central Park W #3b, New York, NY 10025, USA",40.7904197,-73.966175,1002.27790432802
"Condo for sale",925000,2,1,2184.207862,"New York, NY 10012","200 Bowery Apt 2CNew York, NY 10012","New York County","New York","200 Bowery #2c, New York, NY 10012, USA",40.7213854,-73.9939529,423.494492485258
"House for sale",639000,3,2,2184.207862,"Brooklyn, NY 11234","2072 E 74th StBrooklyn, NY 11234","New York","Kings County","2072 E 74th St, Brooklyn, NY 11234, USA",40.6214608,-73.905805,292.554573727654
"House for sale",215000,3,2.37386085796844,1509,"Saint Albans, NY 11412","114-06 194 StSaint Albans, NY 11412","New York","Queens County","114-06 194th St, Jamaica, NY 11412, USA",40.6982271,-73.7605874,142.478462557985
"House for sale",2050000,6,6,5600,"Staten Island, NY 10304","254 Flagg PlStaten Island, NY 10304","New York","Richmond County","254 Flagg Pl, Staten Island, NY 10304, USA",40.5856353,-74.1068594,366.071428571429
"Co-op for sale",279000,2,2,1050,"Bronx, NY 10470","4320 Van Cortlandt Park E Apt RBronx, NY 10470","New York","Bronx County","4320 Van Cortlandt Park E, Bronx, NY 10470, USA",40.898666,-73.8738365,265.714285714286
"Condo for sale",785000,2,2,968,"Brooklyn, NY 11214","16 Bay 25th St Unit 4ABrooklyn, NY 11214","Kings County","Brooklyn","16 Bay 25th St #4a, Brooklyn, NY 11214, USA",40.6039146,-73.9980848,810.95041322314
"House for sale",669000,3,2,1312,"Staten Island, NY 10314","72 Boone StStaten Island, NY 10314","New York","Richmond County","72 Boone St, Staten Island, NY 10314, USA",40.6013797,-74.1380964,509.908536585366
"Multi-family home for sale",3650000,4,4,2880,"Brooklyn, NY 11201","35 Joralemon StBrooklyn, NY 11201","New York","Kings County","35 Joralemon St, Brooklyn, NY 11201, USA",40.6938815,-73.9983127,1267.36111111111
"Townhouse for sale",6700000,4,4,3740,"New York, NY 10025","51 W 95th StNew York, NY 10025","New York","New York County","51 W 95th St, New York, NY 10025, USA",40.7918625,-73.9667605,1791.44385026738
"Multi-family home for sale",681000,6,3,2184.207862,"Brooklyn, NY 11207","694 Ashford StBrooklyn, NY 11207","New York","Kings County","694 Ashford St, Brooklyn, NY 11207, USA",40.6648825,-73.8826911,311.783512845903
"Multi-family home for sale",530000,2,2,1672,"Staten Island, NY 10303","87 Murdock PlStaten Island, NY 10303","New York","Richmond County","87 Murdock Pl, Staten Island, NY 10303, USA",40.6268626,-74.1476451,316.985645933014
"Condo for sale",1700000,2,2,1580,"Brooklyn, NY 11216","984 Bergen Residence St Apt 1Brooklyn, NY 11216","Kings County","Brooklyn","984 Bergen St #1, Brooklyn, NY 11216, USA",40.6763522,-73.9543474,1075.94936708861
"Co-op for sale",339000,1,1,1085,"Brooklyn, NY 11209","9437 Shore Rd Apt C8Brooklyn, NY 11209","Kings County","Brooklyn","9437 Shore Rd Apt C8, Brooklyn, NY 11209, USA",40.6171201,-74.0385203,312.442396313364
"House for sale",8e+05,3,2,1224,"Old Mill Basin, NY 11234","1883 E 53rd StOld Mill Basin, NY 11234","New York","Kings County","1883 E 53rd St, Brooklyn, NY 11234, USA",40.6125589,-73.9230425,653.59477124183
"Co-op for sale",189000,1,1,700,"Bronx, NY 10471","6535 Broadway Apt 1GBronx, NY 10471","Bronx County","The Bronx","6535 Broadway #1g, Bronx, NY 10471, USA",40.906568,-73.8968047,270
"Co-op for sale",4995000,2,2,2184.207862,"Manhattan, NY 10021","14 E 75th St Unit 9DManhattan, NY 10021","New York County","New York","14 E 75th St #9d, New York, NY 10021, USA",40.7737635,-73.9644574,2286.87025942039
"Contingent",835000,5,2,2050,"Staten Island, NY 10306","393 Guyon AveStaten Island, NY 10306","New York","Richmond County","393 Guyon Ave, Staten Island, NY 10306, USA",40.5582716,-74.1160817,407.317073170732
"House for sale",999999,2,2,1198,"New York, NY 10128","333 E 91st St Apt 10BNew York, NY 10128","New York County","New York","333 E 91st St #10b, New York, NY 10128, USA",40.7803429,-73.947266,834.723706176962
"Condo for sale",575000,3,2,877,"Ridgewood, NY 11385","61-20 71st Ave Unit F2ARidgewood, NY 11385","Queens County","Queens","61-20 71st Ave #2f, Ridgewood, NY 11385, USA",40.7019793,-73.8942094,655.644241733181
"Pending",349750,1,1,2184.207862,"Brooklyn, NY 11215","483 17th St # 2LBrooklyn, NY 11215","Kings County","Brooklyn","483 17th St #2l, Brooklyn, NY 11215, USA",40.6585622,-73.9825211,160.126701347804
"Co-op for sale",385000,1,1,2184.207862,"New York, NY 10033","116 Pinehurst Ave Apt B52New York, NY 10033","New York","New York County","116 Pinehurst Ave, New York, NY 10033, USA",40.8522694,-73.939181,176.265275250621
"Townhouse for sale",7950000,4,2,3397,"Manhattan, NY 10014","20 Jones StManhattan, NY 10014","New York","New York County","20 Jones St, New York, NY 10014, USA",40.7319485,-74.0025061,2340.30026493965
"Pending",324900,2,2,1100,"Bronx, NY 10471","5715 Mosholu Ave Apt 6BBronx, NY 10471","Bronx County","The Bronx","5715 Mosholu Ave #6b, Bronx, NY 10471, USA",40.9057959,-73.90002,295.363636363636
"Co-op for sale",175000,3,1,2184.207862,"Brooklyn, NY 11230","275 Webster Ave Apt 6GBrooklyn, NY 11230","Kings County","Brooklyn","275 Webster Ave #6g, Brooklyn, NY 11230, USA",40.6329634,-73.9709274,80.1205796593731
"Multi-family home for sale",915999,5,3,2184.207862,"East Elmhurst, NY 11369","26-39 93rd StEast Elmhurst, NY 11369","New York","Queens County","26-39 93rd St, Flushing, NY 11369, USA",40.7618985,-73.8758538,419.373547699463
"Multi-family home for sale",1850000,12,8,5250,"Brooklyn, NY 11229","1727 E 14th StBrooklyn, NY 11229","New York","Kings County","1727 E 14th St, Brooklyn, NY 11229, USA",40.6074371,-73.9588281,352.380952380952
"Co-op for sale",175000,1,1,800,"Bronx, NY 10458","190 E Mosholu Pkwy S Apt 3BBronx, NY 10458","Bronx County","The Bronx","190 E Mosholu Pkwy S #3b, Bronx, NY 10458, USA",40.8742949,-73.883753,218.75
"Pending",850000,2,1,775,"New York, NY 10003","236 E 6th St Apt 3WNew York, NY 10003","New York County","New York","236 E 6th St #3w, New York, NY 10003, USA",40.7274335,-73.9892241,1096.77419354839
"House for sale",729000,4,2,2184.207862,"Cambria Heights, NY 11411","118-18 225th StCambria Heights, NY 11411","New York","Queens County","118-18 225th St, Jamaica, NY 11411, USA",40.6917538,-73.7370978,333.75944326676
"Townhouse for sale",5995000,6,4,4000,"Brooklyn, NY 11231","136 Kane StBrooklyn, NY 11231","New York","Kings County","136 Kane St, Brooklyn, NY 11231, USA",40.6868209,-73.9988226,1498.75
"Co-op for sale",480000,2,1,2184.207862,"Forest Hills, NY 11375","66-36 Yellowstone Blvd Unit 22BForest Hills, NY 11375","Queens County","Queens","6636 Yellowstone Blvd Apt 22f, Forest Hills, NY 11375, USA",40.7291499,-73.84944,219.759304208566
"House for sale",4200000,5,4,4480,"New York, NY 10024","164 W 88th StNew York, NY 10024","New York","New York County","164 W 88th St, New York, NY 10024, USA",40.788437,-73.9731887,937.5
"Townhouse for sale",1198000,4,2,2184.207862,"Queens, NY 11375","68-09 Olcott StQueens, NY 11375","New York","Queens County","68-09 Olcott St, Forest Hills, NY 11375, USA",40.7129312,-73.8561994,548.48259675388
"House for sale",1848000,6,2.37386085796844,3676,"Brooklyn, NY 11226","976 Ocean AveBrooklyn, NY 11226","New York","Kings County","976 Ocean Ave, Brooklyn, NY 11226, USA",40.6386251,-73.9591955,502.72034820457
"Co-op for sale",285000,1,1,750,"Brooklyn, NY 11230","1293 E 5th St Apt 6BBrooklyn, NY 11230","Kings County","Brooklyn","1293 E 5th St #6b, Brooklyn, NY 11230, USA",40.6195811,-73.9706361,380
"Multi-family home for sale",849000,5,3,2460,"Far Rockaway, NY 11691","43-06 Rockaway Beach BlvdFar Rockaway, NY 11691","New York","Queens County","43-06 Rockaway Beach Blvd, Far Rockaway, NY 11691, USA",40.5939428,-73.7748361,345.121951219512
"House for sale",549000,3,2,1250,"Bronx, NY 10453","1764 Undercliff AveBronx, NY 10453","New York","Bronx County","1764 Undercliff Ave, Bronx, NY 10453, USA",40.8515331,-73.9197862,439.2
"Co-op for sale",729000,2,2,1700,"Floral Park, NY 11005","26910 Grand Central Pkwy Apt 12OFloral Park, NY 11005","Queens County","Queens","26910 Grand Central Pkwy #12o, Queens, NY 11005, USA",40.7577991,-73.7159564,428.823529411765
"Co-op for sale",199999,1,1,2184.207862,"Bayside, NY 11361","209-10 41st Ave Unit 1FBayside, NY 11361","Queens County","Queens","209-10 41st Ave #1f, Bayside, NY 11361, USA",40.762788,-73.7768814,91.5659189216855
"Multi-family home for sale",6e+05,4,2,1728,"Bronx, NY 10466","4217 Seton AveBronx, NY 10466","New York","Bronx County","4217 Seton Ave, Bronx, NY 10466, USA",40.896179,-73.839487,347.222222222222
"House for sale",599000,3,1,1340,"Jamaica, NY 11435","111-20 145th StJamaica, NY 11435","New York","Queens County","11120 145th St, Jamaica, NY 11435, USA",40.6860975,-73.7998859,447.014925373134
"Multi-family home for sale",599000,5,2,2268,"Brooklyn, NY 11233","716 Decatur StBrooklyn, NY 11233","New York","Kings County","716 Decatur St, Brooklyn, NY 11233, USA",40.6835248,-73.9141078,264.109347442681
"Condo for sale",725000,3,2,1185,"Brooklyn, NY 11230","1322 E 14th St Apt 4BBrooklyn, NY 11230","Kings County","Brooklyn","1322 E 14th St #4b, Brooklyn, NY 11230, USA",40.6172572,-73.9611011,611.814345991561
"Multi-family home for sale",1295000,3,2,2600,"Brooklyn, NY 11234","2506 E 65th StBrooklyn, NY 11234","New York","Kings County","2506 E 65th St, Brooklyn, NY 11234, USA",40.609816,-73.9084026,498.076923076923
"Multi-family home for sale",798888,3,2,1500,"Staten Island, NY 10309","849 Rossville AveStaten Island, NY 10309","New York","Richmond County","849 Rossville Ave, Staten Island, NY 10309, USA",40.5474933,-74.2098503,532.592
"House for sale",529000,3,1,1800,"Queens, NY 11427","89-22 210th PlQueens, NY 11427","New York","Queens County","89-22 210th Pl, Queens Village, NY 11427, USA",40.7212998,-73.7544395,293.888888888889
"Multi-family home for sale",999998,3,2.37386085796844,2400,"Staten Island, NY 10307","327 Brehaut AveStaten Island, NY 10307","New York","Richmond County","327 Brehaut Ave, Staten Island, NY 10307, USA",40.5114943,-74.2382685,416.665833333333
"Pending",499000,1,1,615,"Manhattan, NY 10027","265 W 131st St Apt 5Manhattan, NY 10027","New York County","New York","265 W 131st St #5, New York, NY 10027, USA",40.8138919,-73.9476673,811.382113821138
"Multi-family home for sale",1550000,12,7,3000,"Staten Island, NY 10309","174-176 Camden AveStaten Island, NY 10309","New York","Richmond County","174 Camden Ave, Staten Island, NY 10309, USA",40.5083446,-74.2299349,516.666666666667
"Co-op for sale",319000,2,1,2184.207862,"Forest Hills, NY 11375","67-41 Burns St Unit 414Forest Hills, NY 11375","Queens County","Queens","6741 Burns St Apt 414, Forest Hills, NY 11375, USA",40.7230399,-73.85628,146.048370921943
"Contingent",759000,3,4,1424,"Staten Island, NY 10308","419 Ogorman AveStaten Island, NY 10308","New York","Richmond County","419 O'Gorman Ave, Staten Island, NY 10308, USA",40.552359,-74.14076,533.005617977528
"Multi-family home for sale",1249000,5,3,1548,"Brooklyn, NY 11223","2171 W 7th StBrooklyn, NY 11223","New York","Kings County","2171 W 7th St, Brooklyn, NY 11223, USA",40.5946329,-73.9779295,806.847545219638
"Condo for sale",455000,2,1,939,"Staten Island, NY 10306","449 Medina St Apt 2CStaten Island, NY 10306","Richmond County","Staten Island","449 Medina St #2c, Staten Island, NY 10306, USA",40.5599528,-74.1198255,484.558040468584
"Multi-family home for sale",999900,4,2,2024,"Brooklyn, NY 11228","29 Bay 10th StBrooklyn, NY 11228","New York","Kings County","29 Bay 10th St, Brooklyn, NY 11228, USA",40.6101839,-74.009209,494.021739130435
"House for sale",395000,2,1,666,"Staten Island, NY 10306","170 Baden PlStaten Island, NY 10306","New York","Richmond County","170 Baden Pl, Staten Island, NY 10306, USA",40.5724498,-74.0909716,593.093093093093
"Multi-family home for sale",1295000,4,2.37386085796844,3264,"Staten Island, NY 10312","643 Huguenot AveStaten Island, NY 10312","New York","Richmond County","643 Huguenot Ave, Staten Island, NY 10312, USA",40.5389259,-74.195072,396.752450980392
"Condo for sale",849000,3,2,1241,"Brooklyn, NY 11223","398 Kings Hwy Unit 308Brooklyn, NY 11223","Kings County","Brooklyn","398 Kings Hwy #308, Brooklyn, NY 11223, USA",40.604405,-73.9751935,684.125705076551
"Co-op for sale",8995000,5,4,5500,"New York, NY 10010","38 W 26th St Unit 9THNew York, NY 10010","New York County","New York","38 W 26th St #9d, New York, NY 10010, USA",40.7442721,-73.9907621,1635.45454545455
"Co-op for sale",650000,3,1,2184.207862,"Brooklyn, NY 11238","116 Cambridge Pl Apt 3CBrooklyn, NY 11238","Kings County","Brooklyn","116 Cambridge Pl #3c, Brooklyn, NY 11238, USA",40.6837918,-73.9631445,297.5907244491
"Condo for sale",2995000,2,2,1452,"Manhattan, NY 10128","120 E 87th St Apt R26BManhattan, NY 10128","New York County","New York","120 E 87th St #26b, New York, NY 10128, USA",40.7803919,-73.9558923,2062.67217630854
"Condo for sale",495000,2,1,800,"Kew Gardens, NY 11418","83-71 116th St Unit 4EKew Gardens, NY 11418","Queens County","Queens","83-71 116th St #4e, Richmond Hill, NY 11418, USA",40.7045515,-73.8356118,618.75
"House for sale",675000,3,2,1222,"Staten Island, NY 10304","7 Norwood CtStaten Island, NY 10304","New York","Richmond County","7 Norwood Ct, Staten Island, NY 10304, USA",40.6277171,-74.0860272,552.373158756138
"Condo for sale",999000,3,1,600,"Manhattan, NY 10023","10 W End Ave Apt 8JManhattan, NY 10023","New York County","New York","10 West End Ave #8j, New York, NY 10023, USA",40.7717454,-73.9900505,1665
"Condo for sale",2250000,2,2,1334,"Brooklyn, NY 11217","415 DE Graw St Unit PhBrooklyn, NY 11217","New York","Kings County","415 Degraw St, Brooklyn, NY 11217, USA",40.6819719,-73.9903277,1686.65667166417
"Multi-family home for sale",1299000,9,4,3720,"Bronx, NY 10473","790 Olmstead AveBronx, NY 10473","New York","Bronx County","790 Olmstead Ave, Bronx, NY 10473, USA",40.8227297,-73.8517272,349.193548387097
"Condo for sale",429000,1,1,640,"Brooklyn, NY 11224","501 Surf Ave Apt 9DBrooklyn, NY 11224","Brooklyn","Coney Island","Brightwater Towers East, 501 Surf Ave #9d, Brooklyn, NY 11224, USA",40.5755355,-73.9735905,670.3125
"House for sale",649999,3,2,2184.207862,"Rosedale, NY 11422","139-32 Laurelton PkwyRosedale, NY 11422","New York","Queens County","139-32 Laurelton Pkwy, Jamaica, NY 11422, USA",40.6670008,-73.7409018,297.590266617216
"Townhouse for sale",2050000,5,4,3000,"Brooklyn, NY 11225","26 Rutland Rd Unit TownhouseBrooklyn, NY 11225","New York","Kings County","26 Rutland Rd, Brooklyn, NY 11225, USA",40.6586603,-73.9595973,683.333333333333
"Pending",1299000,4,2,1456,"Manhattan, NY 10026","100 W 119th St Apt 3AManhattan, NY 10026","New York County","New York","100 W 119th St #3a, New York, NY 10026, USA",40.8040587,-73.9487622,892.17032967033
"House for sale",1075000,6,2,2200,"Brooklyn, NY 11230","1455 E 15th StBrooklyn, NY 11230","New York","Kings County","1455 E 15th St, Brooklyn, NY 11230, USA",40.6141979,-73.9591151,488.636363636364
"Co-op for sale",174000,1,1,800,"Brooklyn, NY 11229","3105 Avenue V Apt 1HBrooklyn, NY 11229","Kings County","Brooklyn","3105 Ave V #1h, Brooklyn, NY 11229, USA",40.5997081,-73.9344974,217.5
"House for sale",1193000,2,2,1518,"Staten Island, NY 10304","1085 Todt Hill RdStaten Island, NY 10304","New York","Richmond County","1085 Todt Hill Rd, Staten Island, NY 10304, USA",40.5839283,-74.1113788,785.902503293808
"House for sale",4995000,4,4,2184.207862,"Brooklyn, NY 11215","464 1st StBrooklyn, NY 11215","New York","Kings County","464 1st St, Brooklyn, NY 11215, USA",40.6712943,-73.9771145,2286.87025942039
"House for sale",898000,5,4,2828,"Brooklyn, NY 11207","185 Highland BlvdBrooklyn, NY 11207","New York","Kings County","185 Highland Blvd, Brooklyn, NY 11207, USA",40.6816001,-73.8948525,317.538896746818
"Multi-family home for sale",1288000,5,3,1500,"Whitestone, NY 11357","147-18 16th RdWhitestone, NY 11357","New York","Queens County","147-18 16th Rd, Flushing, NY 11357, USA",40.7849809,-73.8178033,858.666666666667
"House for sale",1749999,4,4,2600,"Staten Island, NY 10304","106 Overlook AveStaten Island, NY 10304","New York","Richmond County","106 Overlook Ave, Staten Island, NY 10304, USA",40.595688,-74.0982331,673.076538461538
"Condo for sale",575000,2,2,1253,"Rockaway Park, NY 11694","101-02 Shore Front Pkwy Unit 26ARockaway Park, NY 11694","Queens County","Queens","10102 Shore Front Pkwy # 26a, Far Rockaway, NY 11694, USA",40.5824866,-73.8213437,458.898643256185
"Condo for sale",5100000,4,2,2183,"New York, NY 10011","201 W 17th St Ph FNew York, NY 10011","New York","New York County","201 W 17th St, New York, NY 10011, USA",40.7408109,-73.998475,2336.23453962437
"Condo for sale",2e+06,1,2,1321,"Manhattan, NY 10013","108 Reade St Unit 4WManhattan, NY 10013","New York County","New York","108 Reade St #4b, New York, NY 10013, USA",40.7159753,-74.0083683,1514.00454201363
"Co-op for sale",170000,2,1,850,"Bronx, NY 10467","3555 Kings College Pl Apt 2GBronx, NY 10467","Bronx County","The Bronx","3555 Kings College Pl #2g, Bronx, NY 10467, USA",40.8813916,-73.8757001,200
"Co-op for sale",1295000,2,2,2100,"Brooklyn, NY 11201","28 Old Fulton St # ThfBrooklyn, NY 11201","Kings County","Brooklyn","Eagle Warehouse & Storage Company, 28 Old Fulton St, Brooklyn, NY 11201, USA",40.702334,-73.9937463,616.666666666667
"House for sale",749000,3,2,1332,"Staten Island, NY 10301","767 Brighton AveStaten Island, NY 10301","New York","Richmond County","767 Brighton Ave, Staten Island, NY 10301, USA",40.6333903,-74.0969828,562.312312312312
"Multi-family home for sale",1848000,3,4,3640,"Brooklyn, NY 11214","1862 84th AveBrooklyn, NY 11214","New York","Kings County","1862 84th St, Brooklyn, NY 11214, USA",40.607214,-73.9998636,507.692307692308
"Co-op for sale",465000,2,2,2184.207862,"Manhattan, NY 10022","420 E 51st St Apt 10CManhattan, NY 10022","New York County","New York","420 E 51st St Apartment 10e, New York, NY 10022, USA",40.754032,-73.965157,212.891825952048
"Co-op for sale",298999,2,1,2184.207862,"Queens Village, NY 11427","229-17 87th Ave Unit UpperQueens Village, NY 11427","New York","Queens County","229-17 87th Ave, Queens Village, NY 11427, USA",40.7317712,-73.739171,136.891275414702
"Co-op for sale",209900,1,1,780,"Brooklyn, NY 11235","3845 Shore Pkwy Apt 5HBrooklyn, NY 11235","Kings County","Brooklyn","3845 Shore Pkwy #5h, Brooklyn, NY 11235, USA",40.586901,-73.932949,269.102564102564
"Co-op for sale",539000,1,1,2184.207862,"Brooklyn, NY 11226","385 E 18th St Apt 6JBrooklyn, NY 11226","Kings County","Brooklyn","385 E 18th St #6j, Brooklyn, NY 11226, USA",40.6419847,-73.9614428,246.771385350869
"House for sale",2975000,3,2,2184.207862,"Brooklyn, NY 11238","474 Sterling PlBrooklyn, NY 11238","New York","Kings County","474 Sterling Pl, Brooklyn, NY 11238, USA",40.674276,-73.9626129,1362.04985420934
"Multi-family home for sale",2099000,6,5,2184.207862,"Rego Park, NY 11374","97-19 63rd DrRego Park, NY 11374","New York","Queens County","97-19 63rd Dr, Rego Park, NY 11374, USA",40.7308373,-73.8599677,960.989124028709
"Co-op for sale",199900,1,1,925,"Bronx, NY 10468","55 E 190th St Apt 3Bronx, NY 10468","Bronx County","The Bronx","55 E 190th St Apt 3, Bronx, NY 10468, USA",40.863113,-73.8983227,216.108108108108
"Co-op for sale",789000,2,1,2184.207862,"Manhattan, NY 10075","400 E 77th St Apt 4EManhattan, NY 10075","New York County","New York","400 E 77th St #4a, New York, NY 10075, USA",40.7707244,-73.9533267,361.229356292831
"House for sale",919000,3,2,1565,"Brooklyn, NY 11230","941 Newkirk AveBrooklyn, NY 11230","New York","Kings County","941 Newkirk Ave, Brooklyn, NY 11230, USA",40.6335949,-73.9678166,587.220447284345
"House for sale",815599,3,2,2184.207862,"Brooklyn, NY 11234","3708 Avenue MBrooklyn, NY 11234","New York","Kings County","3708 Avenue K, Brooklyn, NY 11210, USA",40.6254509,-73.9395115,373.407226569172
"Multi-family home for sale",1050000,4,4,3305,"Staten Island, NY 10309","97 Excelsior AveStaten Island, NY 10309","New York","Richmond County","97 Excelsior Ave, Staten Island, NY 10309, USA",40.5209862,-74.2084631,317.700453857791
"Co-op for sale",289999,1,1,830,"Bronx, NY 10463","2550 Independence Ave Apt 3CBronx, NY 10463","Bronx County","The Bronx","2550 Independence Ave #3c, Bronx, NY 10463, USA",40.8799897,-73.919862,349.396385542169
"Co-op for sale",4050000,4,3,2184.207862,"New York, NY 10128","1060 Fifth Ave Unit 3CNew York, NY 10128","New York County","New York","1060 5th Ave #3c, New York, NY 10128, USA",40.7822029,-73.959633,1854.21912925978
"Townhouse for sale",7750000,3,2.37386085796844,3375,"Brooklyn, NY 11219","5622 14th AveBrooklyn, NY 11219","New York","Kings County","5622 14th Ave, Brooklyn, NY 11219, USA",40.629467,-73.994672,2296.2962962963
"Multi-family home for sale",1998000,6,3,3192,"Brooklyn, NY 11209","578 Ovington AveBrooklyn, NY 11209","New York","Kings County","578 Ovington Ave, Brooklyn, NY 11209, USA",40.631406,-74.0193512,625.93984962406
"Condo for sale",1250000,3,2,1281,"Brooklyn, NY 11215","425 14th St Unit D1 /D2Brooklyn, NY 11215","New York County","New York","425 E 14th St d1, New York, NY 10009, USA",40.7308035,-73.9808981,975.800156128025
"Condo for sale",680000,2,2,1058,"Beechhurst, NY 11357","167-09 Powell Cove Blvd Unit 26Beechhurst, NY 11357","Queens County","Queens","16709 Powells Cove Blvd #26, Flushing, NY 11357, USA",40.7942255,-73.7950678,642.722117202268
"House for sale",1299000,4,2,2184.207862,"Brooklyn, NY 11204","2066 66th StBrooklyn, NY 11204","New York","Kings County","2066 66th St, Brooklyn, NY 11204, USA",40.6147583,-73.9849887,594.723617014432
"Multi-family home for sale",899000,4,2.37386085796844,2184.207862,"South Ozone Park, NY 11420","109-06 112th StSouth Ozone Park, NY 11420","New York","Queens County","109-06 112th St, Jamaica, NY 11420, USA",40.6803198,-73.8281794,411.590863507294
"Condo for sale",845000,3,2,2184.207862,"Kew Gardens, NY 11415","83-09 Talbot St Unit 5NKew Gardens, NY 11415","Queens County","Queens","83-9 Talbot St #5n, Kew Gardens, NY 11415, USA",40.7095418,-73.8286658,386.86794178383
"House for sale",2098000,5,4,1200,"Flushing, NY 11357","147-48 8th AveFlushing, NY 11357","New York","Queens County","147-48 8th Ave, Flushing, NY 11357, USA",40.7928436,-73.8190811,1748.33333333333
"Co-op for sale",899000,2,2,1300,"Brooklyn, NY 11209","9201 Shore Rd Apt C507Brooklyn, NY 11209","Kings County","Brooklyn","9201 Shore Rd #507, Brooklyn, NY 11209, USA",40.620502,-74.0396973,691.538461538462
"House for sale",758888,3,1,2184.207862,"Bayside, NY 11361","203-03 34th AveBayside, NY 11361","New York","Queens County","203-03 34th Ave, Flushing, NY 11361, USA",40.7676985,-73.7850344,347.443122608813
"Co-op for sale",650000,2,1,2184.207862,"New York, NY 10025","332 W 101st St Apt 2RNew York, NY 10025","New York County","New York","332 W 101st St #2r, New York, NY 10025, USA",40.798761,-73.9721556,297.5907244491
"Co-op for sale",169000,1,1,850,"Jamaica, NY 11432","165-20 Highland Ave Unit 105Jamaica, NY 11432","Queens County","Queens","16520 Highland Ave Apt 105, Jamaica, NY 11432, USA",40.7106599,-73.7986899,198.823529411765
"Multi-family home for sale",1350000,5,3,2184.207862,"Middle Village, NY 11379","58-16 83rd PlMiddle Village, NY 11379","New York","Queens County","58-16 83rd Pl, Flushing, NY 11379, USA",40.728555,-73.8780858,618.073043086592
"Co-op for sale",695000,2,2,2184.207862,"Jackson Heights, NY 11372","35-25 77th St Unit A16Jackson Heights, NY 11372","Queens County","Queens","Berkeley Apartments, 35-25 77th St, Flushing, NY 11372, USA",40.7507718,-73.8890157,318.193159218653
"Multi-family home for sale",1499000,5,2,2280,"Brooklyn, NY 11207","18 Covert StBrooklyn, NY 11207","New York","Kings County","18 Covert St., Brooklyn, NY 11207, USA",40.6852121,-73.9131299,657.456140350877
"Co-op for sale",445000,1,1,2184.207862,"New York, NY 10017","25 Tudor City Pl Apt 419New York, NY 10017","United States","New York","Tudor City, New York, NY 10017, USA",40.7488491,-73.9716161,203.735188276692
"Townhouse for sale",499000,3,2,1400,"Staten Island, NY 10303","181 Morningstar RdStaten Island, NY 10303","New York","Richmond County","181 Morningstar Rd, Staten Island, NY 10303, USA",40.633314,-74.145909,356.428571428571
"Co-op for sale",449000,3,1,2184.207862,"Manhattan, NY 10022","440 E 56th St Apt 4DManhattan, NY 10022","New York County","New York","440 E 56th St #4b, New York, NY 10022, USA",40.7568629,-73.9621341,205.566515811763
"House for sale",649000,4,2,1120,"Staten Island, NY 10306","2760 Amboy RdStaten Island, NY 10306","New York","Richmond County","2760 Amboy Rd, Staten Island, NY 10306, USA",40.5694974,-74.1237437,579.464285714286
"Co-op for sale",335000,1,1,756,"Brooklyn, NY 11209","7901 4th Ave Apt E5Brooklyn, NY 11209","Kings County","Brooklyn","7901 4th Ave e5, Brooklyn, NY 11209, USA",40.6273371,-74.0262024,443.121693121693
"Multi-family home for sale",838000,8,4,2184.207862,"Jamaica, NY 11433","155-17/19 113th AveJamaica, NY 11433","New York","Queens County","155-17 113th Ave, Jamaica, NY 11433, USA",40.6880649,-73.7919272,383.663118597455
"Condo for sale",1495000,2,2,1098,"Brooklyn, NY 11201","84 Front St Apt 2BBrooklyn, NY 11201","Kings County","Brooklyn","84 Front St #2b, Brooklyn, NY 11201, USA",40.702357,-73.9892037,1361.5664845173
"Multi-family home for sale",980000,4,4,3068,"Bronx, NY 10473","262 Zerega AveBronx, NY 10473","New York","Bronx County","262 Zerega Ave, Bronx, NY 10473, USA",40.8129128,-73.8461841,319.426336375489
"House for sale",688000,3,2,1344,"Brooklyn, NY 11224","2805 W 28th StBrooklyn, NY 11224","New York","Kings County","2805 W 28th St, Brooklyn, NY 11224, USA",40.5773399,-73.9943294,511.904761904762
"Multi-family home for sale",679000,6,3,2184.207862,"Brooklyn, NY 11236","1319 E 96th StBrooklyn, NY 11236","New York","Kings County","1319 E 96th St, Brooklyn, NY 11236, USA",40.6398004,-73.8974592,310.867849078368
"Pending",999888,4,2,1900,"Flushing, NY 11358","29-31 159th StFlushing, NY 11358","New York","Queens County","29-31 159th St, Flushing, NY 11358, USA",40.7701584,-73.8052147,526.256842105263
"Co-op for sale",375000,1,1,500,"New York, NY 10022","240 E 55th St Apt 8ENew York, NY 10022","New York County","New York","240 E 55th St #8e, New York, NY 10022, USA",40.7581216,-73.9670704,750
"House for sale",848724,2,2,2184.207862,"Woodside, NY 11377","53-15 37th RdWoodside, NY 11377","New York","Queens County","53-15 37th Rd, Flushing, NY 11377, USA",40.7511112,-73.9089639,388.572907718982
"Townhouse for sale",1595000,3,8,2184.207862,"Manhattan, NY 10031","511 W 144th St Unit TownhouseManhattan, NY 10031","New York","New York County","511 W 144th St, New York, NY 10031, USA",40.8250069,-73.9486453,730.241854609715
"Condo for sale",568000,2,2,1253,"Rockaway Park, NY 11694","164 Beach 101st St Unit 15ARockaway Park, NY 11694","Queens County","Queens","164 Beach 101st St #15a, Rockaway Park, NY 11694, USA",40.5828044,-73.8210807,453.312051077414
"Multi-family home for sale",1153000,4,2.37386085796844,3980,"Staten Island, NY 10307","7739 Amboy RdStaten Island, NY 10307","New York","Richmond County","7739 Amboy Rd, Staten Island, NY 10307, USA",40.5078915,-74.2530332,289.698492462312
"Multi-family home for sale",2399000,10,5,2184.207862,"Bayside, NY 11361","3505 214th PlBayside, NY 11361","New York","Queens County","35-05 214th Pl, Flushing, NY 11361, USA",40.7693956,-73.7708144,1098.33868915906
"Co-op for sale",349000,1,1,800,"Kensington, NY 11218","510 Ocean Pkwy Apt 4DKensington, NY 11218","New York","Kings County","510 Ocean Pkwy, Brooklyn, NY 11218, USA",40.6358249,-73.973308,436.25
"Multi-family home for sale",2999990,5,6,3600,"Brooklyn, NY 11215","226 12th StBrooklyn, NY 11215","New York","Kings County","226 12th St, Brooklyn, NY 11215, USA",40.6681258,-73.9897865,833.330555555556
"Townhouse for sale",899000,3,2,1400,"Woodside, NY 11377","50-07 63rd StWoodside, NY 11377","New York","Queens County","50-07 63rd St, Flushing, NY 11377, USA",40.7368055,-73.9026152,642.142857142857
"Co-op for sale",169000,1,1,2184.207862,"Astoria, NY 11105","21-57 33rd St Unit 5DAstoria, NY 11105","Queens County","Queens","21-57 33rd St #5d, Astoria, NY 11105, USA",40.7759232,-73.9087334,77.373588356766
"House for sale",449999,4,3,1217,"Staten Island, NY 10310","46 Elizabeth StStaten Island, NY 10310","New York","Richmond County","46 Elizabeth St, Staten Island, NY 10310, USA",40.6329023,-74.120945,369.760887428102
"Foreclosure",886545,6,4,2116,"Howard Beach, NY 11208","133-29 Amber StHoward Beach, NY 11208","New York","Queens County","133- 38 Amber St, Howard Beach, NY 11414, USA",40.6719007,-73.8590006,418.972117202268
"Townhouse for sale",495000,3,2,1280,"Staten Island, NY 10310","75 N Burgher AveStaten Island, NY 10310","New York","Richmond County","75 N Burgher Ave, Staten Island, NY 10310, USA",40.6396483,-74.1151985,386.71875
"House for sale",749000,4,3,2150,"Staten Island, NY 10303","142 Dixon AveStaten Island, NY 10303","New York","Richmond County","142 Dixon Ave, Staten Island, NY 10303, USA",40.6278109,-74.146957,348.372093023256
"House for sale",875000,4,3,2129,"Glen Oaks, NY 11004","79-26 268th StGlen Oaks, NY 11004","New York","Queens County","79-26 268th St, Queens, NY 11004, USA",40.7474641,-73.704456,410.991075622358
"Multi-family home for sale",1630000,11,6,2184.207862,"Elmhurst, NY 11373","42-32 81st StElmhurst, NY 11373","New York","Queens County","42-32 81st St, Elmhurst, NY 11373, USA",40.7424172,-73.8842849,746.265970541589
"Condo for sale",849000,2,1,720,"Manhattan, NY 10019","150 W 51st St Apt 808Manhattan, NY 10019","New York County","New York","150 W 51st St #808, New York, NY 10019, USA",40.761427,-73.982584,1179.16666666667
"Pending",299999,2,1,650,"Brooklyn, NY 11208","124-21 Flatlands Ave Unit 8BBrooklyn, NY 11208","Kings County","Brooklyn","12421 Flatlands Ave #8b, Brooklyn, NY 11208, USA",40.657696,-73.8764091,461.536923076923
"Co-op for sale",335000,3,2,2184.207862,"Bayside, NY 11360","18-50 211 St Unit 3DBayside, NY 11360","Queens County","Queens","18-50 211th St #3d, Bayside, NY 11360, USA",40.7805732,-73.7825806,153.373681062228
"Co-op for sale",549000,3,1,1200,"Brooklyn, NY 11209","7002 Ridge Blvd Apt D11Brooklyn, NY 11209","Kings County","Brooklyn","7002 Ridge Blvd Apt D11, Brooklyn, NY 11209, USA",40.6358323,-74.0291372,457.5
"Co-op for sale",445000,3,2,1250,"Brooklyn, NY 11214","2483 W 16th St Apt 3CBrooklyn, NY 11214","New York","Kings County","2483 W 16th St #3c, Brooklyn, NY 11214, USA",40.5871907,-73.9840965,356
"Contingent",459000,2,1,1188,"Staten Island, NY 10307","382 Sprague AveStaten Island, NY 10307","New York","Richmond County","382 Sprague Ave, Staten Island, NY 10307, USA",40.5019991,-74.2372284,386.363636363636
"House for sale",399998,4,2,1252,"Staten Island, NY 10304","73 Irving PlStaten Island, NY 10304","New York","Richmond County","73 Irving Pl, Staten Island, NY 10304, USA",40.6171678,-74.0837135,319.487220447284
"Condo for sale",9500000,4,4,3655,"Brooklyn, NY 11201","1 John St # EBrooklyn, NY 11201","Kings County","Brooklyn","John Street Park, 1 John St, Brooklyn, NY 11201, USA",40.7046228,-73.9878238,2599.17920656635
"Pending",999000,4,2,1957,"Brooklyn, NY 11209","121 86th StBrooklyn, NY 11209","New York","Kings County","121 86th St, Brooklyn, NY 11209, USA",40.6248041,-74.0355778,510.475217169136
"House for sale",650000,4,2,1482,"Brooklyn, NY 11203","954 Brooklyn AveBrooklyn, NY 11203","New York","Kings County","954 Brooklyn Ave, Brooklyn, NY 11203, USA",40.6503361,-73.9440072,438.59649122807
"House for sale",880000,3,4,2100,"Staten Island, NY 10312","20 Gabriele CtStaten Island, NY 10312","New York","Richmond County","20 Gabrielle Ct, Staten Island, NY 10312, USA",40.551314,-74.1670026,419.047619047619
"House for sale",1350000,5,3,2082,"Hollis, NY 11432","80-31 188th StHollis, NY 11432","New York","Queens County","80-31 188th St, Hollis, NY 11423, USA",40.7284032,-73.7803984,648.414985590778
"Condo for sale",599000,2,2,2184.207862,"Flushing, NY 11355","131-19 Fowler Ave Unit 2CFlushing, NY 11355","Queens County","Queens","131-19 Fowler Ave #2c, Flushing, NY 11355, USA",40.7517561,-73.8344347,274.24129837694
"Co-op for sale",225000,1,1,2184.207862,"Bayside, NY 11361","35-45 204 St Unit 399Bayside, NY 11361","Queens County","Queens","3545 204th St # 399, Auburndale, NY 11361, USA",40.7664499,-73.78359,103.012173847765
"Co-op for sale",220000,3,1,2184.207862,"New York, NY 10040","273 Bennett Ave Apt 6ENew York, NY 10040","New York County","New York","273 Bennett Ave #6e, New York, NY 10040, USA",40.8590729,-73.9322176,100.723014428926
"Co-op for sale",289000,3,1,2184.207862,"Bronx, NY 10462","2199 Holland Ave Apt 5NBronx, NY 10462","Bronx County","The Bronx","2199 Holland Ave #5n, Bronx, NY 10462, USA",40.8563536,-73.865974,132.313414408908
"Pending",350000,1,1,2184.207862,"New York, NY 10037","2088 Madison Ave Apt 1ANew York, NY 10037","New York County","New York","2088 Madison Ave #1a, New York, NY 10037, USA",40.8099146,-73.9379084,160.241159318746
"House for sale",719999,3,2,2184.207862,"Corona, NY 11368","108-16 36 AveCorona, NY 11368","New York","Queens County","108-16 36th Ave, Queens, NY 11368, USA",40.754545,-73.859675,329.638498480965
"Condo for sale",1100000,2,1,807,"Brooklyn, NY 11211","170 Broadway Apt 6ABrooklyn, NY 11211","Kings County","Brooklyn","170 Broadway #6a, Brooklyn, NY 11211, USA",40.709905,-73.962869,1363.07311028501
"Co-op for sale",259000,2,1,950,"Bronx, NY 10451","800 Grand Concourse Ave Unit GjnBronx, NY 10451","New York","Bronx County","800 Grand Concourse, Bronx, NY 10451, USA",40.8248699,-73.9229829,272.631578947368
"Multi-family home for sale",1699999,6,3,2754,"Brooklyn, NY 11233","370 Marion StBrooklyn, NY 11233","New York","Kings County","370 Marion St, Brooklyn, NY 11233, USA",40.681189,-73.9146606,617.283587509078
"House for sale",669000,4,2,2184.207862,"Rosedale, NY 11422","134-25 241st StRosedale, NY 11422","New York","Queens County","134-25 241st St, Jamaica, NY 11422, USA",40.6729779,-73.7330064,306.289530240689
"House for sale",3400000,6,6,6290,"Bronx, NY 10471","5000 Goodridge AveBronx, NY 10471","New York","Bronx County","5000 Goodridge Ave, Bronx, NY 10471, USA",40.8969575,-73.9032123,540.540540540541
"Condo for sale",549000,3,2,2184.207862,"Ozone Park, NY 11417","86-02 Dumont Ave Unit 1BOzone Park, NY 11417","Queens County","Queens","86-2 Dumont Ave #1b, Ozone Park, NY 11417, USA",40.6726474,-73.8499883,251.349704188548
"Land for sale",250000,3,2.37386085796844,2184.207862,"Bronx, NY 10462","1818 Unionport RdBronx, NY 10462","New York","Bronx County","1818 Unionport Rd, Bronx, NY 10462, USA",40.8453241,-73.8684042,114.457970941962
"Co-op for sale",299000,3,1,2184.207862,"New York, NY 10034","579 W 215th St Apt 9DNew York, NY 10034","New York County","New York","579 W 215th St #9d, New York, NY 10034, USA",40.8718895,-73.9188667,136.891733246586
"House for sale",1288000,5,2.37386085796844,2184.207862,"Whitestone, NY 11357","146-06 13th AveWhitestone, NY 11357","New York","Queens County","146-06 13th Ave, Flushing, NY 11357, USA",40.7886657,-73.8207928,589.687466292986
"Condo for sale",3345000,2,2,1875,"New York, NY 10013","158 Franklin St Fl 3New York, NY 10013","New York County","New York","158 Franklin St FL 3, New York, NY 10013, USA",40.7194435,-74.0081022,1784
"Multi-family home for sale",1198000,6,5,2184.207862,"Springfield Gardens, NY 11413","132-31 219th StSpringfield Gardens, NY 11413","New York","Queens County","132-31 219th St, Jamaica, NY 11413, USA",40.6811645,-73.7493264,548.48259675388
"House for sale",897888,3,2,1260,"Maspeth, NY 11378","69-29 54th AveMaspeth, NY 11378","New York","Queens County","69-29 54th Ave, Flushing, NY 11378, USA",40.7292895,-73.8945367,712.609523809524
"House for sale",575000,4,2,1604,"Brooklyn, NY 11208","190 Crystal StBrooklyn, NY 11208","New York","Kings County","190 Crystal St, Brooklyn, NY 11208, USA",40.6740009,-73.8743074,358.478802992519
"Co-op for sale",230000,1,1,2184.207862,"Douglaston, NY 11363","43-25 Douglaston Pkwy Unit 6DDouglaston, NY 11363","Queens County","Queens","4325 Douglaston Pkwy Apt 6d, Douglaston, NY 11363, USA",40.7670699,-73.74642,105.301333266605
"Co-op for sale",775000,1,1,2184.207862,"Manhattan, NY 10024","401 W End Ave Unit 3EManhattan, NY 10024","New York County","New York","401 West End Ave # 3d, New York, NY 10024, USA",40.7845412,-73.981249,354.819709920081
"House for sale",2100000,4,3,3512,"Whitestone, NY 11357","150-123 Powells Cove BlvdWhitestone, NY 11357","New York","Queens County","150-123 Powells Cove Blvd, Whitestone, NY 11357, USA",40.7974719,-73.8143638,597.949886104784
"House for sale",1080000,6,3,3600,"Staten Island, NY 10314","47 Wheeler AveStaten Island, NY 10314","New York","Richmond County","47 Wheeler Ave, Staten Island, NY 10314, USA",40.6110496,-74.1309465,300
"Condo for sale",378888,1,1,718,"Staten Island, NY 10301","966 Clove Rd Unit H1Staten Island, NY 10301","Richmond County","Staten Island","966 Clove Rd H1, Staten Island, NY 10301, USA",40.6204781,-74.1109257,527.699164345404
"Condo for sale",750000,3,2,1027,"New York, NY 10029","2132 2nd Ave Unit 7BNew York, NY 10029","New York County","New York","2132 2nd Ave #7b, New York, NY 10029, USA",40.7929253,-73.9404138,730.282375851996
"Co-op for sale",7495000,6,4,2184.207862,"Manhattan, NY 10075","151 E 79th St Fl 11Manhattan, NY 10075","New York County","New York","151 E 79th St Fl 11, New York, NY 10075, USA",40.775111,-73.958515,3431.44996884001
"House for sale",698888,3,2,1440,"Staten Island, NY 10306","160 New Dorp PlzStaten Island, NY 10306","New York","Richmond County","160 New Dorp Plaza, Staten Island, NY 10306, USA",40.571472,-74.1193966,485.338888888889
"Condo for sale",850000,1,1,626,"Brooklyn, NY 11222","158 India St Apt 3Brooklyn, NY 11222","Kings County","Brooklyn","158 India St APT 3, Brooklyn, NY 11222, USA",40.7322099,-73.9535842,1357.82747603834
"Townhouse for sale",2999999,4,3,2800,"Brooklyn, NY 11238","465 Saint Johns PlBrooklyn, NY 11238","New York","Kings County","465 St Johns Pl, Brooklyn, NY 11238, USA",40.6736636,-73.9623858,1071.42821428571
"Multi-family home for sale",1149999,6,3,2184.207862,"Floral Park, NY 11001","86-58 261st StFloral Park, NY 11001","New York","Queens County","86-58 261st St, Queens, NY 11001, USA",40.7320002,-73.7055812,526.506208501139
"Townhouse for sale",2025000,2,2,1500,"Brooklyn, NY 11231","204 Richards Street Richards St Unit 204Brooklyn, NY 11231","New York","Kings County","204 Richards St, Brooklyn, NY 11231, USA",40.6756128,-74.0124872,1350
"Townhouse for sale",2695000,3,2,1950,"Brooklyn, NY 11211","338 Humboldt StBrooklyn, NY 11211","New York","Kings County","338 Humboldt St, Brooklyn, NY 11211, USA",40.7135237,-73.942354,1382.05128205128
"Co-op for sale",192500,1,1,2184.207862,"Bronx, NY 10463","555 Kappock St Apt 12FBronx, NY 10463","Bronx County","The Bronx","555 Kappock St #12f, Bronx, NY 10463, USA",40.878087,-73.9170513,88.1326376253104
"Co-op for sale",395000,1,1,550,"New York, NY 10024","170 W 85th St Apt 4NWNew York, NY 10024","New York County","New York","170 W 85th St #4n, New York, NY 10024, USA",40.7867652,-73.9753353,718.181818181818
"Multi-family home for sale",1200000,7,2.37386085796844,2184.207862,"Brooklyn, NY 11234","1278 E 70th StBrooklyn, NY 11234","New York","Kings County","1278 E 70th St, Brooklyn, NY 11234, USA",40.6243164,-73.9136042,549.398260521416
"Co-op for sale",699000,2,1,800,"New York, NY 10025","7 W 92nd St Apt 5GNew York, NY 10025","New York County","New York","7 W 92nd St #5g, New York, NY 10025, USA",40.7896573,-73.9673229,873.75
"Multi-family home for sale",649000,4,2,2184.207862,"Arverne, NY 11692","616 Beach 69th StArverne, NY 11692","New York","Queens County","616 Beach 69th St, Arverne, NY 11692, USA",40.5974508,-73.7983993,297.132892565332
"House for sale",689000,3,2,1484,"Staten Island, NY 10302","414 Herberton AveStaten Island, NY 10302","New York","Richmond County","414 Heberton Ave, Staten Island, NY 10302, USA",40.6313071,-74.1356833,464.285714285714
"Co-op for sale",1895000,3,2,2184.207862,"Brooklyn, NY 11215","378 4th St Apt 4Brooklyn, NY 11215","Kings County","Brooklyn","378 4th St #4, Brooklyn, NY 11215, USA",40.6708384,-73.9812037,867.591419740069
"Condo for sale",668000,2,2,2184.207862,"Kew Gardens, NY 11418","83-75 117th St Unit 7AKew Gardens, NY 11418","Queens County","Queens","83-75 117th St #7a, Richmond Hill, NY 11418, USA",40.7046248,-73.8349003,305.831698356921
"Condo for sale",2550000,3,2,1525,"New York, NY 10019","422 W 49th St Apt 4ANew York, NY 10019","New York County","New York","422 W 49th St #4a, New York, NY 10019, USA",40.7631417,-73.9906014,1672.13114754098
"Townhouse for sale",5500000,8,6,5925,"Manhattan, NY 10027","34 MT Morris Park WManhattan, NY 10027","New York","New York County","34 Mt Morris Park W, New York, NY 10027, USA",40.806166,-73.9448308,928.270042194093
"House for sale",1680000,1,1,3536,"New York, NY 10030","314 W 138th StNew York, NY 10030","New York","New York County","314 W 138th St, New York, NY 10030, USA",40.8186279,-73.9460737,475.113122171946
"Condo for sale",799000,1,1,684,"New York, NY 10016","155 E 34th St Apt 20ANew York, NY 10016","New York County","New York","155 E 34th St #20a, New York, NY 10016, USA",40.746232,-73.978689,1168.12865497076
"House for sale",680000,3,2,2200,"Staten Island, NY 10308","54 E Augusta AveStaten Island, NY 10308","New York","Richmond County","54 E Augusta Ave, Staten Island, NY 10308, USA",40.5529274,-74.159159,309.090909090909
"Co-op for sale",1650000,1,2,1000,"Manhattan, NY 10014","92 Horatio St Apt 1LManhattan, NY 10014","New York County","New York","92 Horatio St #1b, New York, NY 10014, USA",40.7385868,-74.0078404,1650
"Condo for sale",6750000,3,3,3000,"New York, NY 10011","525 W 22nd St Apt 2FNew York, NY 10011","New York County","New York","525 W 22nd St #2f, New York, NY 10011, USA",40.7476234,-74.0057263,2250
"House for sale",580000,6,3,2940,"Brooklyn, NY 11212","801 Thomas S Boyland StBrooklyn, NY 11212","New York","Kings County","801 Thomas S Boyland St, Brooklyn, NY 11212, USA",40.6609696,-73.9111929,197.278911564626
"Townhouse for sale",7e+05,4,2,2266,"Brooklyn, NY 11203","5473 Kings HwyBrooklyn, NY 11203","New York","Kings County","5473 Kings Hwy, Brooklyn, NY 11203, USA",40.6430292,-73.9248566,308.91438658429
"House for sale",550000,3,2,1410,"Staten Island, NY 10304","690 N Railroad AveStaten Island, NY 10304","New York","Richmond County","690 N Railroad Ave, Staten Island, NY 10304, USA",40.5882303,-74.0975793,390.070921985816
"Townhouse for sale",315000,3,2,1344,"Staten Island, NY 10303","2806 Richmond TerStaten Island, NY 10303","New York","Richmond County","2806 Richmond Terrace, Staten Island, NY 10303, USA",40.6364,-74.154146,234.375
"Condo for sale",1695000,2,2,1117,"Brooklyn, NY 11211","175 Jackson St Apt 4DBrooklyn, NY 11211","Kings County","Brooklyn","175 Jackson St #4d, Brooklyn, NY 11211, USA",40.7169665,-73.94377,1517.45747538048
"Co-op for sale",385000,2,1,2184.207862,"Brooklyn, NY 11220","420 44th St Apt 3Brooklyn, NY 11220","Kings County","Brooklyn","420 44th St #3, Brooklyn, NY 11220, USA",40.649346,-74.0086998,176.265275250621
"Townhouse for sale",2e+06,5,3,3024,"Manhattan, NY 10027","246 W 123rd St Unit TownhouseManhattan, NY 10027","New York","New York County","246 W 123rd St, New York, NY 10027, USA",40.808174,-73.951091,661.375661375661
"Co-op for sale",249999,2,1,750,"Old Mill Basin, NY 11234","2018 E 59th St Unit 159DOld Mill Basin, NY 11234","Kings County","Brooklyn","2018 E 59th St # 159f, Brooklyn, NY 11234, USA",40.6152328,-73.9176941,333.332
"House for sale",749000,3,2,2184.207862,"Bronx, NY 10473","2225 Seward AveBronx, NY 10473","New York","Bronx County","2225 Seward Ave, Bronx, NY 10473, USA",40.821432,-73.8474428,342.916080942117
"House for sale",220000,3,2.37386085796844,1396,"Brooklyn, NY 11234","1800 Troy AveBrooklyn, NY 11234","New York","Kings County","1800 Troy Ave, Brooklyn, NY 11234, USA",40.628358,-73.9339729,157.593123209169
"Co-op for sale",270000,1,1,2184.207862,"Bayside, NY 11360","18-75 Corporal Kennedy St Unit 5JBayside, NY 11360","Queens County","Queens","18-75 Corporal Kennedy St #5j, Bayside, NY 11360, USA",40.779366,-73.7827644,123.614608617318
"House for sale",998000,4,2,2184.207862,"Bayside, NY 11361","214-39 45th DrBayside, NY 11361","New York","Queens County","214-39 45th Dr, Flushing, NY 11361, USA",40.7593442,-73.7673557,456.916220000311
"Multi-family home for sale",1150000,12,6,4125,"Brooklyn, NY 11237","254 Jefferson StBrooklyn, NY 11237","New York","Kings County","254 Jefferson St, Brooklyn, NY 11237, USA",40.702987,-73.9273005,278.787878787879
"House for sale",799999,5,4,2288,"Staten Island, NY 10308","57 Middle Loop RdStaten Island, NY 10308","New York","Richmond County","57 Middle Loop Rd, Staten Island, NY 10308, USA",40.5546818,-74.1625533,349.649912587413
"Co-op for sale",395000,3,1,2184.207862,"New York, NY 10011","69 W 9th St Apt 4CNew York, NY 10011","New York County","New York","69 W 9th St #4c, New York, NY 10011, USA",40.734266,-73.9987024,180.843594088299
"Condo for sale",2800000,2,2,1188,"New York, NY 10025","15 W 96th St Unit 14BNew York, NY 10025","New York County","New York","15 W 96th St #14b, New York, NY 10025, USA",40.792204,-73.9655642,2356.90235690236
"Co-op for sale",329888,3,1,2184.207862,"Bayside, NY 11360","210-15 23 Ave Unit 1Bayside, NY 11360","Queens County","Queens","21015 23rd Ave Apt 1b, Bayside, NY 11360, USA",40.7790999,-73.78125,151.033244472407
"Co-op for sale",311000,1,1,780,"Brooklyn, NY 11235","40 Brighton 1 Rd Unit 6BBrooklyn, NY 11235","Kings County","Brooklyn","40 Brighton 1st Rd #6b, Brooklyn, NY 11235, USA",40.5756277,-73.9667833,398.717948717949
"Condo for sale",649000,3,2,804,"Brooklyn, NY 11237","326 Melrose St Apt 1ABrooklyn, NY 11237","Kings County","Brooklyn","326 Melrose St #1a, Brooklyn, NY 11237, USA",40.7031635,-73.9282437,807.213930348259
"Co-op for sale",159000,1,1,800,"Bronx, NY 10463","2630 Kingsbridge Ter Apt 7YBronx, NY 10463","Bronx County","The Bronx","2630 Kingsbridge Terrace #7b, Bronx, NY 10463, USA",40.8697508,-73.905391,198.75
"House for sale",1148000,3,2,1890,"Brooklyn, NY 11209","334 100th StBrooklyn, NY 11209","New York","Kings County","334 100th St, Brooklyn, NY 11209, USA",40.6130693,-74.0344829,607.407407407407
"Co-op for sale",669000,3,2,1480,"Brooklyn, NY 11235","3901 Nostrand Ave Apt 6PBrooklyn, NY 11235","New York","Kings County","3901 Nostrand Ave., Brooklyn, NY 11235, USA",40.5894827,-73.9395372,452.027027027027
"Co-op for sale",305000,1,1,750,"Brooklyn, NY 11209","7259 Shore Rd Apt 3GBrooklyn, NY 11209","Kings County","Brooklyn","7259 Shore Rd #3g, Brooklyn, NY 11209, USA",40.6347271,-74.036817,406.666666666667
"Co-op for sale",599000,3,2,2184.207862,"Bayside, NY 11360","18-15 215 St Unit 2DBayside, NY 11360","Queens County","Queens","1815 215th St Apt 2m, Bayside, NY 11360, USA",40.7839299,-73.77643,274.24129837694
"House for sale",1375000,3,2,1960,"Brooklyn, NY 11215","417 17th StBrooklyn, NY 11215","New York","Kings County","417 17th St, Brooklyn, NY 11215, USA",40.6600309,-73.9848315,701.530612244898
"Co-op for sale",339000,2,2,906,"Bronx, NY 10465","86C Edgewater Park Unit CBronx, NY 10465","New York","Bronx County","86 Edgewater Park, Bronx, NY 10465, USA",40.8224723,-73.81106,374.172185430464
"Condo for sale",849500,2,2,975,"Manhattan, NY 10029","161 E 110th St Apt 7AManhattan, NY 10029","New York County","New York","161-169 E 110th St # 7e, New York, NY 10029, USA",40.7946402,-73.9434163,871.282051282051
"Contingent",379000,4,1,1200,"Staten Island, NY 10301","20 Bay St Lndg Unit 3JStaten Island, NY 10301","Richmond County","Staten Island","20 Bay Street Landing #3j, Staten Island, NY 10301, USA",40.6384907,-74.0740254,315.833333333333
"Condo for sale",699000,2,2,967,"Flushing, NY 11354","31-38 137 St Unit 8AFlushing, NY 11354","Queens County","Queens","31-38 137th St #8c, Flushing, NY 11354, USA",40.7684458,-73.8313888,722.854188210962
"Co-op for sale",565000,1,1,2184.207862,"Manhattan, NY 10023","107 W 70th St Apt 4FManhattan, NY 10023","New York County","New York","107 W 70th St #4f, New York, NY 10023, USA",40.776443,-73.979985,258.675014328833
"Pending",750000,4,3,2184.207862,"Cambria Heights, NY 11411","116-46 233rd StCambria Heights, NY 11411","New York","Queens County","116-46 233rd St, Jamaica, NY 11411, USA",40.6921975,-73.7287999,343.373912825885
"Multi-family home for sale",1250000,9,3,3234,"Bronx, NY 10462","1847 Barnes AveBronx, NY 10462","New York","Bronx County","1847 Barnes Ave, Bronx, NY 10462, USA",40.8473243,-73.8633392,386.518243661101
"Condo for sale",999000,2,2,1262,"New York, NY 10032","775 Riverside Dr Apt 5HNew York, NY 10032","New York County","New York","775 Riverside Dr #5h, New York, NY 10032, USA",40.834716,-73.9481517,791.600633914422
"House for sale",1350000,6,4,2184.207862,"Far Rockaway, NY 11691","380 Beach 13th StFar Rockaway, NY 11691","New York","Queens County","380 Beach 13th St, Far Rockaway, NY 11691, USA",40.5997298,-73.7467974,618.073043086592
"House for sale",669900,3,2,1376,"Hollis, NY 11423","181-10 93rd AveHollis, NY 11423","New York","Queens County","181-10 93rd Ave, Jamaica, NY 11423, USA",40.7077562,-73.7787888,486.845930232558
"Co-op for sale",399000,3,1,2184.207862,"New York, NY 10001","36 W 35th St Apt 5DNew York, NY 10001","New York County","New York","36 W 35th St #5d, New York, NY 10001, USA",40.7497074,-73.9859244,182.674921623371
"Pending",779000,5,3,2000,"Jamaica, NY 11413","193-06 122nd AveJamaica, NY 11413","New York","Queens County","193-06 122nd Ave, Jamaica, NY 11413, USA",40.6857875,-73.7538304,389.5
"Multi-family home for sale",1200000,5,2,2184.207862,"Brooklyn, NY 11235","2546 E 29th StBrooklyn, NY 11235","New York","Kings County","2546 E 29th St, Brooklyn, NY 11235, USA",40.590395,-73.9412863,549.398260521416
"Co-op for sale",895000,2,1,2184.207862,"Manhattan, NY 10065","55 E 65th St Apt 4AManhattan, NY 10065","New York County","New York","55 E 65th St #4a, New York, NY 10065, USA",40.7669715,-73.9674377,409.759535972222
"Condo for sale",369000,3,1,2184.207862,"Brooklyn, NY 11220","720 57th St Apt 4CBrooklyn, NY 11220","Kings County","Brooklyn","720 57th St #4c, Brooklyn, NY 11220, USA",40.637981,-74.009565,168.939965110335
"Co-op for sale",299000,1,1,750,"Brooklyn, NY 11209","7119 Shore Rd Apt 2CBrooklyn, NY 11209","Kings County","Brooklyn","7119 Shore Rd #2c, Brooklyn, NY 11209, USA",40.636031,-74.0365302,398.666666666667
"Pending",1780000,4,3,2184.207862,"Bronx, NY 10471","735 Ladd RdBronx, NY 10471","New York","Bronx County","735 Ladd Rd, Bronx, NY 10471, USA",40.9055018,-73.909935,814.940753106766
"House for sale",988000,5,2,3244,"Brooklyn, NY 11203","211 E 53rd StBrooklyn, NY 11203","New York","Kings County","211 E 53rd St, Brooklyn, NY 11203, USA",40.6548876,-73.9275423,304.562268803946
"Co-op for sale",279000,2,1,810,"Fresh Meadows, NY 11365","196-44 69th Ave Unit 1STFresh Meadows, NY 11365","Queens County","Queens","196-44 69th Ave #1, Fresh Meadows, NY 11365, USA",40.7365683,-73.7763893,344.444444444444
"Co-op for sale",285000,3,1,2184.207862,"New York, NY 10128","417 E 87th St Apt 3BNew York, NY 10128","New York County","New York","417 E 87th St #3b, New York, NY 10128, USA",40.7772709,-73.9477614,130.482086873836
"House for sale",988000,3,3,1311,"East Elmhurst, NY 11369","31-20 Buell StEast Elmhurst, NY 11369","New York","Queens County","31-20 Buell St, Flushing, NY 11369, USA",40.7615431,-73.8621447,753.623188405797
"Co-op for sale",735000,1,1,800,"Manhattan, NY 10025","205 W 95th St Apt 3BManhattan, NY 10025","New York County","New York","205 W 95th St #3b, New York, NY 10025, USA",40.7938201,-73.9713411,918.75
"Co-op for sale",2950000,2,2,2184.207862,"New York, NY 10012","20 Bond St Apt 2New York, NY 10012","New York County","New York","20 Bond St Apt 2, New York, NY 10012, USA",40.7267495,-73.9938034,1350.60405711515
"Co-op for sale",899000,2,1,2184.207862,"Manhattan, NY 10019","345 W 55th St Apt 6BManhattan, NY 10019","New York County","New York","345 W 55th St #6b, New York, NY 10019, USA",40.7661581,-73.985324,411.590863507294
"House for sale",850000,4,2,2184.207862,"Fresh Meadows, NY 11365","49-12 167th StFresh Meadows, NY 11365","New York","Queens County","49-12 167th St, Flushing, NY 11365, USA",40.7485831,-73.8010787,389.157101202669
"Multi-family home for sale",670000,3,2,2184.207862,"Brooklyn, NY 11203","5514 Tilden AveBrooklyn, NY 11203","New York","Kings County","5514 Tilden Ave, Brooklyn, NY 11203, USA",40.6482878,-73.9246615,306.747362124457
"House for sale",968000,4,2,2550,"Bronx, NY 10461","1705 Hone AveBronx, NY 10461","New York","Bronx County","1705 Hone Ave, Bronx, NY 10461, USA",40.8475868,-73.853875,379.607843137255
"Co-op for sale",320000,2,2,1200,"Bronx, NY 10461","3121 Middletown Rd Apt 2KBronx, NY 10461","Bronx County","The Bronx","3121 Middletown Rd #2k, Bronx, NY 10461, USA",40.8455961,-73.8264218,266.666666666667
"Co-op for sale",228888,1,1,900,"Briarwood, NY 11435","85-15 Main St Unit 7ABriarwood, NY 11435","Queens County","Queens","85-15 Main St #7a, Jamaica, NY 11435, USA",40.7097347,-73.8188287,254.32
"Co-op for sale",199888,2,1,2184.207862,"Howard Beach, NY 11414","151-25 88 St Unit 4EHoward Beach, NY 11414","Queens County","Queens","151-25 88th St #4e, Howard Beach, NY 11414, USA",40.667401,-73.8470063,91.5150995825872
"Co-op for sale",5995000,4,4,2184.207862,"New York, NY 10013","110 Franklin St Unit 1New York, NY 10013","New York County","New York","110 Franklin St #1, New York, NY 10013, USA",40.7187102,-74.005987,2744.70214318824
"Multi-family home for sale",1430000,6,4,2840,"Bronx, NY 10465","242 Balcom AveBronx, NY 10465","New York","Bronx County","242 Balcom Ave, Bronx, NY 10465, USA",40.8152387,-73.8219875,503.521126760563
"Multi-family home for sale",1350888,4,3,2184.207862,"Middle Village, NY 11379","61-26 69th LnMiddle Village, NY 11379","New York","Queens County","61-26 69th Ln, Flushing, NY 11379, USA",40.7197495,-73.888525,618.479597799378
"Co-op for sale",699000,2,1,1100,"Brooklyn, NY 11225","125 Ocean Ave Apt 1JBrooklyn, NY 11225","Kings County","Brooklyn","125 Ocean Ave #1j, Brooklyn, NY 11225, USA",40.6599761,-73.9622977,635.454545454545
"House for sale",699000,3,2,1296,"Brooklyn, NY 11234","2526 Ralph AveBrooklyn, NY 11234","New York","Kings County","2526 Ralph Ave, Brooklyn, NY 11234, USA",40.616513,-73.9172382,539.351851851852
"Co-op for sale",2e+06,3,2,1800,"Manhattan, NY 10028","106 E 85th St Apt 5SManhattan, NY 10028","New York County","New York","106 E 85th St #5c, New York, NY 10028, USA",40.779073,-73.957175,1111.11111111111
"Co-op for sale",538888,3,2,1500,"Bayside, NY 11360","23-55 Bell Blvd Unit 6GBayside, NY 11360","Queens County","Queens","23-55 Bell Blvd #6f, Bayside, NY 11360, USA",40.7807824,-73.7743544,359.258666666667
"Townhouse for sale",2450000,5,2.37386085796844,2982,"Brooklyn, NY 11233","274 Bainbridge StBrooklyn, NY 11233","New York","Kings County","274 Bainbridge St., Brooklyn, NY 11233, USA",40.6813525,-73.9261641,821.596244131455
"House for sale",574999,3,2,1040,"Staten Island, NY 10304","190 Vanderbilt AveStaten Island, NY 10304","New York","Richmond County","190 Vanderbilt Ave, Staten Island, NY 10304, USA",40.6194786,-74.077813,552.883653846154
"Co-op for sale",275000,1,1,2184.207862,"Forest Hills, NY 11375","65-15 Yellowstone Blvd Unit 5HForest Hills, NY 11375","Queens County","Queens","65-15 Yellowstone Blvd #5h, Forest Hills, NY 11375, USA",40.7305839,-73.8503144,125.903768036158
"House for sale",1499888,4,3,2688,"Bayside, NY 11360","209-35 30th AveBayside, NY 11360","New York","Queens County","209-35 30th Ave, Flushing, NY 11360, USA",40.7735601,-73.7795242,557.994047619048
"House for sale",675000,4,3,1832,"Bronx, NY 10469","2760 Hone AveBronx, NY 10469","New York","Bronx County","2760 Hone Ave, Bronx, NY 10469, USA",40.8672248,-73.8574241,368.449781659389
"Co-op for sale",149000,1,1,750,"Bronx, NY 10470","4380 Vireo Ave Apt 6RBronx, NY 10470","Bronx County","The Bronx","4380 Vireo Ave #6r, Bronx, NY 10470, USA",40.9010021,-73.8627053,198.666666666667
"Co-op for sale",299999,2,1,863,"Bronx, NY 10465","120B Edgewater Park Unit 120BBronx, NY 10465","Bronx County","The Bronx","120 Edgewater Park #120, Bronx, NY 10465, USA",40.822441,-73.8110424,347.623406720742
"Co-op for sale",595000,3,2,2184.207862,"Brooklyn, NY 11221","775 Lafayette Ave Apt 6DBrooklyn, NY 11221","Kings County","Brooklyn","775 Lafayette Ave #6d, Brooklyn, NY 11221, USA",40.6912661,-73.9418745,272.409970841869
"Co-op for sale",536000,2,2,1200,"Bronx, NY 10463","3671 Hudson Manor Ter Apt 14JBronx, NY 10463","Bronx County","The Bronx","3671 Hudson Manor Terrace #14j, Bronx, NY 10463, USA",40.8881345,-73.9162336,446.666666666667
"Co-op for sale",288000,2,1,2184.207862,"Bayside, NY 11361","47-31 216th St Unit 3BBayside, NY 11361","Queens County","Queens","47-31 216th St #3b, Bayside, NY 11361, USA",40.7567043,-73.764352,131.85558252514
"Townhouse for sale",6995000,4,4,3400,"Brooklyn, NY 11201","36 Schermerhorn StBrooklyn, NY 11201","New York","Kings County","36 Schermerhorn St, Brooklyn, NY 11201, USA",40.6910365,-73.9924723,2057.35294117647
"House for sale",799000,3,2,2050,"Brooklyn, NY 11234","2034 E 36th StBrooklyn, NY 11234","New York","Kings County","2034 E 36th St, Brooklyn, NY 11234, USA",40.6090065,-73.9307581,389.756097560976
"Condo for sale",4e+06,4,4,3704,"Manhattan, NY 10038","247 Water St Unit PhManhattan, NY 10038","New York","New York County","247 Water St, PECK SLIP, NY 10038, USA",40.70799,-74.0021707,1079.91360691145
"Co-op for sale",165000,1,1,625,"Bronx, NY 10462","1922 McGraw Ave Apt 6EBronx, NY 10462","Bronx County","The Bronx","1922 McGraw Ave #6e, Bronx, NY 10462, USA",40.8344985,-73.8605246,264
"Condo for sale",1475000,2,2,1048,"Brooklyn, NY 11249","429 Kent Ave Unit 902Brooklyn, NY 11249","Kings County","Brooklyn","429 Kent Ave #902, Brooklyn, NY 11249, USA",40.7095127,-73.9677693,1407.4427480916
"Condo for sale",595000,3,1,721,"Roosevelt Island, NY 10044","595 Main St Apt 410Roosevelt Island, NY 10044","New York County","New York","595 Main St #410, New York, NY 10044, USA",40.7630313,-73.9492357,825.242718446602
"Townhouse for sale",3500000,10,8,6201,"Manhattan, NY 10025","313 W 92nd StManhattan, NY 10025","New York","New York County","313 W 92nd St, New York, NY 10025, USA",40.793104,-73.975651,564.42509272698
"Multi-family home for sale",1090000,12,6,4875,"Ridgewood, NY 11385","17-25 Menahan StRidgewood, NY 11385","New York","Queens County","17-25 Menahan St, Flushing, NY 11385, USA",40.7042392,-73.9113817,223.589743589744
"Pending",2499000,6,2.37386085796844,4500,"Brooklyn, NY 11204","1694 54th StBrooklyn, NY 11204","New York","Kings County","1694 54th St, Brooklyn, NY 11204, USA",40.6266809,-73.9862742,555.333333333333
"House for sale",699999,5,2,2218,"Bronx, NY 10467","2318 Holland AveBronx, NY 10467","New York","Bronx County","2318 Holland Ave, Bronx, NY 10467, USA",40.8602009,-73.8653147,315.59918845807
"House for sale",899000,4,2,1672,"Jamaica, NY 11435","140-95 Burden CresJamaica, NY 11435","New York","Queens County","140-95 Burden Crescent, Jamaica, NY 11435, USA",40.7114945,-73.8152211,537.679425837321
"House for sale",549000,3,2,1152,"Staten Island, NY 10314","15 Astor AveStaten Island, NY 10314","New York","Richmond County","15 Astor Ave, Staten Island, NY 10314, USA",40.6144686,-74.1592392,476.5625
"Townhouse for sale",3700000,6,4,2400,"Brooklyn, NY 11211","14 Fillmore PlBrooklyn, NY 11211","New York","Kings County","14 Fillmore Pl, Brooklyn, NY 11211, USA",40.7140718,-73.958911,1541.66666666667
"House for sale",768000,5,2,1870,"Staten Island, NY 10302","18 Albion PlStaten Island, NY 10302","New York","Richmond County","18 Albion Pl, Staten Island, NY 10302, USA",40.6329148,-74.1328734,410.695187165775
"House for sale",949000,4,2,2476,"Staten Island, NY 10314","61 Park Dr NStaten Island, NY 10314","New York","Richmond County","61 Park Dr N, Staten Island, NY 10314, USA",40.6006101,-74.1671861,383.279483037157
"Multi-family home for sale",980000,6,3,2184.207862,"Brooklyn, NY 11208","1139 Grant AveBrooklyn, NY 11208","New York","Kings County","1139 Grant Ave, Brooklyn, NY 11208, USA",40.6615804,-73.8615475,448.675246092489
"Multi-family home for sale",849000,8,3,4428,"Bronx, NY 10467","660 Magenta StBronx, NY 10467","New York","Bronx County","660 Magenta St, Bronx, NY 10467, USA",40.8751331,-73.8687602,191.734417344173
"Co-op for sale",269000,1,1,2184.207862,"Forest Hills, NY 11375","67-66 108th St Unit B68Forest Hills, NY 11375","New York","Queens County","67-66 108th St, Forest Hills, NY 11375, USA",40.7272034,-73.8471901,123.156776733551
"House for sale",150000,3,2.37386085796844,2184.207862,"Bronx Ny, NY 10458","2862 Briggs AveBronx Ny, NY 10458","New York","Bronx County","2862 Briggs Ave, Bronx, NY 10458, USA",40.8693539,-73.8883183,68.6747825651769
"Co-op for sale",770000,2,1,2184.207862,"New York, NY 10024","66 W 84th St Apt 4ANew York, NY 10024","New York County","New York","66 W 84th St #4a, New York, NY 10024, USA",40.7849377,-73.9729247,352.530550501242
"Multi-family home for sale",750000,1,1,630,"New York, NY 10025","504 W 110th St Apt 9CNew York, NY 10025","New York County","New York","504 W 110th St #9c, New York, NY 10025, USA",40.8032133,-73.9648078,1190.47619047619
"House for sale",638000,3,2,1728,"Nyc, NY 10465","154 Revere Ave Unit 5589/141Nyc, NY 10465","Bronx County","The Bronx","154 Revere Ave #5589, Bronx, NY 10465, USA",40.814845,-73.8159564,369.212962962963
"Co-op for sale",199000,1,1,2184.207862,"Flushing, NY 11367","138-69 Jewel Ave Unit AFlushing, NY 11367","Queens County","Queens","13869 Jewel Ave # A, Flushing, NY 11367, USA",40.7288599,-73.82754,91.1085448698014
"Co-op for sale",239000,1,1,801,"Floral Park, NY 11005","26910 Grand Central Pkwy Apt 7PFloral Park, NY 11005","Queens County","Queens","26910 Grand Central Pkwy #7p, Queens, NY 11005, USA",40.7577991,-73.7159564,298.377028714107
"Townhouse for sale",6999500,5,2.37386085796844,4065,"Manhattan, NY 10011","446 W 22nd StManhattan, NY 10011","New York","New York County","446 W 22nd St, New York, NY 10011, USA",40.7463287,-74.0034571,1721.89421894219
"House for sale",693000,4,2,2184.207862,"Springfield Gardens, NY 11413","220-19 135th AveSpringfield Gardens, NY 11413","New York","Queens County","220-19 135th Ave, Jamaica, NY 11413, USA",40.6775526,-73.7497393,317.277495451117
"Multi-family home for sale",1150000,5,3,2184.207862,"Elmhurst, NY 11373","79-10 Grand AveElmhurst, NY 11373","New York","Queens County","79-10 Grand Ave, Elmhurst, NY 11373, USA",40.7313782,-73.8848912,526.506666333023
"Co-op for sale",549000,1,1,2184.207862,"New York, NY 10014","56 Jane St Apt 1BNew York, NY 10014","New York County","New York","56 Jane St #1b, New York, NY 10014, USA",40.7380264,-74.0053843,251.349704188548
"House for sale",889000,3,2,2184.207862,"East Elmhurst, NY 11369","108-36 Ditmars BlvdEast Elmhurst, NY 11369","New York","Queens County","108-36 Ditmars Blvd, Flushing, NY 11369, USA",40.7631381,-73.8622145,407.012544669615
"Multi-family home for sale",1075000,7,3,2000,"Brooklyn, NY 11220","257 49th StBrooklyn, NY 11220","New York","Kings County","257 49th St, Brooklyn, NY 11220, USA",40.6489509,-74.014767,537.5
"House for sale",6995000,5,4,5000,"New York, NY 10017","239 E 48th StNew York, NY 10017","New York","New York County","239 E 48th St, New York, NY 10017, USA",40.7541017,-73.9701626,1399
"Co-op for sale",155000,3,1,2184.207862,"Jamaica, NY 11432","84-50 169 St Unit 519Jamaica, NY 11432","Queens County","Queens","8450 169th St Apartment 519, Jamaica, NY 11432, USA",40.714825,-73.795696,70.9639419840162
"Co-op for sale",349000,2,1,800,"Crown Heights, NY 11213","773 Eastern Pkwy Apt 2ACrown Heights, NY 11213","New York","Kings County","773 Eastern Pkwy, Brooklyn, NY 11213, USA",40.6699639,-73.9428018,436.25
"Co-op for sale",825000,2,1,2184.207862,"Manhattan, NY 10025","250 W 103rd St Apt 7DManhattan, NY 10025","New York County","New York","250 W 103rd St Apt 7b, New York, NY 10025, USA",40.7991571,-73.9690321,377.711304108473
"Condo for sale",215000,2,1,789,"Bronx, NY 10462","1604 Metropolitan AveBronx, NY 10462","New York","Bronx County","1604 Metropolitan Ave, Bronx, NY 10462, USA",40.8396335,-73.8563772,272.496831432193
"House for sale",1099000,3,2,2700,"Brooklyn, NY 11234","2164 E 72nd StBrooklyn, NY 11234","New York","Kings County","2164 E 72nd St, Brooklyn, NY 11234, USA",40.6190264,-73.9056582,407.037037037037
"Townhouse for sale",2900000,3,3,1979,"Manhattan, NY 10017","845 United Nations Plz Apt 6AManhattan, NY 10017","New York County","New York","845 United Nations Plaza APT 6D, New York, NY 10017, USA",40.7525683,-73.9678256,1465.38655886812
"Pending",555000,3,1,1504,"Glendale, NY 11385","80-07 Margaret PlGlendale, NY 11385","New York","Queens County","80-07 Margaret Pl, Flushing, NY 11385, USA",40.7058612,-73.8565972,369.015957446808
"Multi-family home for sale",697777,3,2,2184.207862,"South Ozone Park, NY 11420","130-21 Lefferts BlvdSouth Ozone Park, NY 11420","New York","Queens County","130-21 Lefferts Blvd, Jamaica, NY 11420, USA",40.6734914,-73.8196602,319.464558359876
"House for sale",850000,3,2,1152,"Staten Island, NY 10314","51 Shiloh StStaten Island, NY 10314","New York","Richmond County","51 Shiloh St, Staten Island, NY 10314, USA",40.5903464,-74.1630923,737.847222222222
"Contingent",1175000,3,3,2774,"Staten Island, NY 10304","29 Douglas RdStaten Island, NY 10304","New York","Richmond County","29 Douglas Rd, Staten Island, NY 10304, USA",40.6069353,-74.0933004,423.576063446287
"Co-op for sale",545000,1,1,2184.207862,"New York, NY 10028","445 E 86th St Apt 16CNew York, NY 10028","New York County","New York","445 East 86th St #16c, New York, NY 10028, USA",40.7763285,-73.9475088,249.518376653476
"Condo for sale",749000,1,2,879,"Queens, NY 11105","20-48 Steinway St Unit 1BQueens, NY 11105","Queens County","Queens","20-48 Steinway St #1b, Astoria, NY 11105, USA",40.7755682,-73.9032112,852.104664391354
"House for sale",1.3e+07,5,4,6000,"New York, NY 10025","141 W 95th StNew York, NY 10025","New York","New York County","141 W 95th St, New York, NY 10025, USA",40.7929447,-73.9693548,2166.66666666667
"Townhouse for sale",549999,3,2,1677,"Staten Island, NY 10303","339 Union Ave Unit 41Staten Island, NY 10303","Richmond County","Staten Island","339 Union Ave #41, Staten Island, NY 10303, USA",40.6280768,-74.1576108,327.966010733453
"Condo for sale",365000,3,2,920,"Bronx, NY 10465","276 Buttrick Ave Unit I3Bronx, NY 10465","Bronx County","The Bronx","276 Buttrick Ave #3c, Bronx, NY 10465, USA",40.815638,-73.8244344,396.739130434783
"Condo for sale",695000,2,2,845,"Brooklyn, NY 11221","508A Lexington Ave # 2Brooklyn, NY 11221","Kings County","Brooklyn","508 Lexington Ave #2, Brooklyn, NY 11221, USA",40.6886854,-73.9402301,822.485207100592
"Multi-family home for sale",848000,5,2,2184.207862,"Far Rockaway, NY 11691","156 Beach 26th StFar Rockaway, NY 11691","New York","Queens County","156 B 26th St, Far Rockaway, NY 11691, USA",40.5939687,-73.7588867,388.241437435134
"Condo for sale",699000,3,2,1779,"Brooklyn, NY 11204","1515 W 4th St Apt 1RBrooklyn, NY 11204","Kings County","Brooklyn","1515 W 4th St #1r, Brooklyn, NY 11204, USA",40.6104361,-73.9779065,392.9173693086
"Co-op for sale",1075000,2,2,1250,"New York, NY 10016","310 Lexington Ave Unit 10FGNew York, NY 10016","New York County","New York","310 Lexington Ave #10f, New York, NY 10016, USA",40.7487581,-73.9782786,860
"Pending",998000,3,2,1600,"New York, NY 10029","309 E 108th St Apt 2BNew York, NY 10029","New York County","New York","309 E 108th St #2b, New York, NY 10029, USA",40.7917785,-73.9406204,623.75
"Condo for sale",540000,3,2,2184.207862,"Staten Island, NY 10310","172 Greenleaf Ave Unit 2BStaten Island, NY 10310","Richmond County","Staten Island","172 Greenleaf Ave #2b, Staten Island, NY 10310, USA",40.6261372,-74.1267716,247.229217234637
"Co-op for sale",165000,3,1,550,"Bronx, NY 10463","555 Kappock St Apt 5MBronx, NY 10463","Bronx County","The Bronx","555 Kappock St #5m, Bronx, NY 10463, USA",40.878087,-73.9170513,300
"Condo for sale",779000,1,1,517,"New York, NY 10024","186 W 80th St Apt 3ANew York, NY 10024","New York County","New York","186 W 80th St #3a, New York, NY 10024, USA",40.7835114,-73.9776775,1506.76982591876
"Condo for sale",1399999,2,2,1041,"New York, NY 10016","330 E 38th St Apt 14LNew York, NY 10016","New York County","New York","330 E 38th St #14l, New York, NY 10016, USA",40.7462651,-73.972462,1344.85975024015
"Co-op for sale",569000,3,2,2184.207862,"Woodside, NY 11377","6011 Broadway Apt L1Woodside, NY 11377","Queens County","Queens","6011 Broadway Apt 1d, Woodside, NY 11377, USA",40.7511899,-73.90201,260.506341863904
"House for sale",285000,3,2.37386085796844,1536,"Staten Island, NY 10301","63 Cassidy PlStaten Island, NY 10301","New York","Richmond County","63 Cassidy Pl, Staten Island, NY 10301, USA",40.6423112,-74.0943328,185.546875
"Townhouse for sale",6295000,4,4,4650,"Brooklyn, NY 11215","612 3rd StBrooklyn, NY 11215","New York","Kings County","612 3rd St., Brooklyn, NY 11215, USA",40.6685976,-73.975142,1353.76344086022
"Condo for sale",11500000,6,7,4908,"New York, NY 10001","522 W 29th St Unit 3ABNew York, NY 10001","New York County","New York","522 W 29th St #3a, New York, NY 10001, USA",40.7518261,-74.002774,2343.11328443358
"Condo for sale",199999,1,1,750,"Brooklyn, NY 11203","10 E 43rd St Apt 3KBrooklyn, NY 11203","Kings County","Brooklyn","10 E 43rd St #3k, Brooklyn, NY 11203, USA",40.655858,-73.9377831,266.665333333333
"Condo for sale",569000,1,1,490,"Flushing, NY 11355","41-62 Bowne St Unit 11CFlushing, NY 11355","Queens County","Queens","41-62 Bowne St #11c, Flushing, NY 11355, USA",40.7576255,-73.8231097,1161.22448979592
"Pending",345000,2,1,975,"Bronx, NY 10463","3135 Johnson Ave Apt 10FBronx, NY 10463","Bronx County","The Bronx","3135 Johnson Ave #10f, Bronx, NY 10463, USA",40.8828679,-73.9112962,353.846153846154
"House for sale",1448000,3,2,2184.207862,"Beechhurst, NY 11357","155-11 14th AveBeechhurst, NY 11357","New York","Queens County","155-11 14th Ave, Flushing, NY 11357, USA",40.7895173,-73.8063176,662.940567695841
"Co-op for sale",183000,1,1,831,"Bronx, NY 10462","2166 Bronx Park E Apt 5JBronx, NY 10462","Bronx County","The Bronx","2166 Bronx Pk E #5j, Bronx, NY 10462, USA",40.8552565,-73.8693804,220.216606498195
"Condo for sale",1995000,5,4,3075,"Bronx, NY 10463","640 W 237th St Apt 14CBronx, NY 10463","Bronx County","The Bronx","640 W 237th St #14c, Bronx, NY 10463, USA",40.8879309,-73.9121663,648.780487804878
"Townhouse for sale",2250000,5,3,2105,"Brooklyn, NY 11215","615 President StBrooklyn, NY 11215","New York","Kings County","615 President St, Brooklyn, NY 11215, USA",40.6764588,-73.982188,1068.88361045131
"Condo for sale",650000,3,2.37386085796844,1632,"Staten Island, NY 10314","259 Windham LoopStaten Island, NY 10314","New York","Richmond County","259 Windham Loop, Staten Island, NY 10314, USA",40.577069,-74.161888,398.28431372549
"Multi-family home for sale",1.4e+07,3,2.37386085796844,2184.207862,"Bronx, NY 10463","3641 Johnson AveBronx, NY 10463","New York","Bronx County","3641 Johnson Ave, Bronx, NY 10463, USA",40.8879286,-73.9096657,6409.64637274985
"Multi-family home for sale",785000,7,3,3388,"Bronx, NY 10460","1746 Van Buren StBronx, NY 10460","New York","Bronx County","1746 Van Buren St, Bronx, NY 10460, USA",40.8423282,-73.8710228,231.700118063754
"House for sale",2599999,6,6,6353,"Staten Island, NY 10304","65 Jenna LnStaten Island, NY 10304","New York","Richmond County","65 Jenna Ln, Staten Island, NY 10304, USA",40.5920591,-74.1031199,409.255312450811
"Co-op for sale",1850000,5,3,3000,"Queens, NY 11375","107-40 Queens Blvd Ph 1Queens, NY 11375","Queens County","Queens","10740 Queens Blvd STE 1, Flushing, NY 11375, USA",40.7213129,-73.8450098,616.666666666667
"Condo for sale",435000,1,1,661,"Forest Hills, NY 11375","109-20 Queens Blvd Unit 3KForest Hills, NY 11375","Queens County","Queens","109-20 Queens Blvd #3a, Forest Hills, NY 11375, USA",40.7198175,-73.8412403,658.093797276853
"Multi-family home for sale",1899000,8,4,2184.207862,"Brooklyn, NY 11221","102 Cornelia StBrooklyn, NY 11221","New York","Kings County","102 Cornelia St, Brooklyn, NY 11221, USA",40.689822,-73.9156171,869.42274727514
"Pending",875000,6,2,2340,"Bronx, NY 10469","2729 Westervelt AveBronx, NY 10469","New York","Bronx County","2729 Westervelt Ave, Bronx, NY 10469, USA",40.8661368,-73.8400914,373.931623931624
"Condo for sale",1479000,2,1,2184.207862,"New York, NY 10003","36 Gramercy Park E Apt 5SNew York, NY 10003","New York County","New York","36 Gramercy Park E #5s, New York, NY 10003, USA",40.7375223,-73.9849542,677.133356092645
"Co-op for sale",2250000,3,2,2025,"New York, NY 10022","455 E 51st St # 4ANew York, NY 10022","New York County","New York","455 E 51st St #4a, New York, NY 10022, USA",40.7540096,-73.9637466,1111.11111111111
"Condo for sale",799000,2,2,922,"Manhattan, NY 10027","265 W 131st St Apt 4Manhattan, NY 10027","New York County","New York","265 W 131st St #4, New York, NY 10027, USA",40.8138919,-73.9476673,866.594360086768
"Townhouse for sale",1.2e+07,10,10,5227,"New York, NY 10014","30 Eighth AveNew York, NY 10014","New York","New York County","30 8th Ave, New York, NY 10014, USA",40.7378493,-74.0042287,2295.7719533193
"Co-op for sale",205000,1,1,1000,"Bronx, NY 10463","3475 Greystone Ave Apt 4CBronx, NY 10463","Bronx County","The Bronx","3475 Greystone Ave #4c, Bronx, NY 10463, USA",40.8850075,-73.9070017,205
"House for sale",897000,3,2,1664,"Brooklyn, NY 11234","1611 E 31st StBrooklyn, NY 11234","New York","Kings County","1611 E 31st St, Brooklyn, NY 11234, USA",40.6137691,-73.9416652,539.0625
"Co-op for sale",1195000,1,2,2184.207862,"New York, NY 10021","300 E 74th St Apt 22ENew York, NY 10021","New York County","New York","300 E 74th St #22e, New York, NY 10021, USA",40.769824,-73.9571759,547.109101102576
"Multi-family home for sale",1100000,6,3,2184.207862,"Brooklyn, NY 11208","174 Essex StBrooklyn, NY 11208","New York","Kings County","174 Essex St, Brooklyn, NY 11208, USA",40.6800424,-73.8830327,503.615072144631
"Townhouse for sale",1999000,5,4,3000,"Brooklyn, NY 11231","594 Court StBrooklyn, NY 11231","New York","Kings County","594 Court St, Brooklyn, NY 11231, USA",40.6735597,-74.0004525,666.333333333333
"Multi-family home for sale",1215000,13,7,5250,"Bronx, NY 10473","941 Croes AveBronx, NY 10473","New York","Bronx County","941 Croes Ave, Bronx, NY 10473, USA",40.823763,-73.8695469,231.428571428571
"House for sale",1250000,3,2,2110,"Brooklyn, NY 11235","2514 Voorhies AveBrooklyn, NY 11235","New York","Kings County","2514 Voorhies Ave, Brooklyn, NY 11235, USA",40.5866351,-73.9436164,592.417061611374
"Co-op for sale",575000,3,2,1350,"Queens, NY 11375","65-10 108th St Unit 3MQueens, NY 11375","Queens County","Queens","65-10 108th St #3b, Queens, NY 11375, USA",40.7313424,-73.8489073,425.925925925926
"Co-op for sale",399000,1,1,2184.207862,"Manhattan, NY 10028","445 E 86th St Apt 3JManhattan, NY 10028","New York County","New York","445 East 86th St #3c, New York, NY 10028, USA",40.7763285,-73.9475088,182.674921623371
"Townhouse for sale",12995000,5,4,4100,"Manhattan, NY 10014","25 Perry StManhattan, NY 10014","New York","New York County","25 Perry St, New York, NY 10014, USA",40.7358634,-74.0022086,3169.51219512195
"Pending",1245000,4,3,2388,"Staten Island, NY 10306","44 Summit AveStaten Island, NY 10306","United States","New York","44 Summit Ave, Staten Island, NY 10306, USA",40.5771597,-74.123973,521.356783919598
"Condo for sale",798000,2,2,1190,"Bayside, NY 11360","206-17 Emily Rd Unit 1002Bayside, NY 11360","Queens County","Queens","206-17 Emily Rd #1002, Bayside, NY 11360, USA",40.7885879,-73.7872455,670.588235294118
"House for sale",475000,5,2,1790,"Bronx, NY 10473","1604 Harding ParkBronx, NY 10473","New York","Bronx County","1604 Harding Park, Bronx, NY 10473, USA",40.8102903,-73.8573667,265.36312849162
"Condo for sale",399000,1,1,616,"Elmhurst, NY 11373","60-70 Woodhaven Blvd Unit 4HElmhurst, NY 11373","Queens County","Queens","60-70 Woodhaven Blvd #4b, Elmhurst, NY 11373, USA",40.7301358,-73.871999,647.727272727273
"House for sale",780000,3,3,1344,"Woodhaven, NY 11421","91-11 92nd StWoodhaven, NY 11421","New York","Queens County","91-11 92nd St, Woodhaven, NY 11421, USA",40.6891418,-73.8510191,580.357142857143
"Condo for sale",450000,1,1,776,"Staten Island, NY 10301","90 Bay Street Lndg Apt 7HStaten Island, NY 10301","Richmond County","Staten Island","90 Bay Street Landing #7h, Staten Island, NY 10301, USA",40.6403656,-74.0737574,579.896907216495
"Multi-family home for sale",889000,6,3,2184.207862,"South Ozone Park, NY 11420","120-41 132 StSouth Ozone Park, NY 11420","New York","Queens County","120-41 132nd St, Jamaica, NY 11420, USA",40.6736135,-73.8061338,407.012544669615
"Townhouse for sale",6900000,10,10,6060,"New York, NY 10025","53 W 94th StNew York, NY 10025","New York","New York County","53 W 94th St, New York, NY 10025, USA",40.7912137,-73.9671974,1138.61386138614
"House for sale",765000,3,4,1888,"Staten Island, NY 10302","78 Hooker PlStaten Island, NY 10302","New York","Richmond County","78 Hooker Pl, Staten Island, NY 10302, USA",40.6311627,-74.1422028,405.190677966102
"Co-op for sale",399000,3,2,1492,"Bayside, NY 11360","18-35 Corporal Kennedy St Unit 2KBayside, NY 11360","Queens County","Queens","1835 Corporal Kennedy St Apt 2b, Bayside, NY 11360, USA",40.7812699,-73.78434,267.426273458445
"Co-op for sale",585000,1,1,2184.207862,"New York, NY 10024","136 W 81st St Apt 4FNew York, NY 10024","New York County","New York","136 W 81st St #4f, New York, NY 10024, USA",40.7836953,-73.9760584,267.83165200419
"Multi-family home for sale",1450000,12,6,2184.207862,"Glendale, NY 11385","70-33 65th PlGlendale, NY 11385","New York","Queens County","70-33 65th Pl, Flushing, NY 11385, USA",40.7030602,-73.8898385,663.856231463377
"Multi-family home for sale",1388888,6,3,2160,"Brooklyn, NY 11235","2472 E 21st StBrooklyn, NY 11235","New York","Kings County","2472 E 21st St, Brooklyn, NY 11235, USA",40.5920325,-73.9491964,643.003703703704
"Multi-family home for sale",779000,4,2,2184.207862,"Richmond Hill, NY 11418","104-37 116th StRichmond Hill, NY 11418","New York","Queens County","104-37 116th St, South Richmond Hill, NY 11419, USA",40.6847739,-73.8261116,356.651037455152
"Co-op for sale",395000,3,1,2184.207862,"New York, NY 10023","140 W 69th St Apt 106CNew York, NY 10023","New York County","New York","140 W 69th St Apt 106, New York, NY 10023, USA",40.7758661,-73.981473,180.843594088299
"House for sale",948000,4,2,1492,"Brooklyn, NY 11214","8647 16th AveBrooklyn, NY 11214","New York","Kings County","8647 16th Ave, Brooklyn, NY 11214, USA",40.6090003,-74.0081041,635.388739946381
"Condo for sale",550000,1,1,720,"Elmhurst, NY 11373","88-30 51st Ave Unit 6AElmhurst, NY 11373","Queens County","Queens","88-30 51st Ave #6b, Queens, NY 11373, USA",40.7392191,-73.874525,763.888888888889
"Co-op for sale",549999,3,1,1020,"Queens, NY 11372","35-20 82nd St Unit 41Queens, NY 11372","Queens County","Queens","3520 82nd St Apt 41, Jackson Heights, NY 11372, USA",40.7517899,-73.88467,539.214705882353
"Multi-family home for sale",950000,6,3,2184.207862,"Brooklyn, NY 11236","136 E 87th StBrooklyn, NY 11236","New York","Kings County","136 E 87th St, Brooklyn, NY 11236, USA",40.6489264,-73.9197127,434.940289579454
"Townhouse for sale",2295000,5,4,4043,"Brooklyn, NY 11233","238 Decatur StBrooklyn, NY 11233","New York","Kings County","238 Decatur St, Brooklyn, NY 11233, USA",40.6812265,-73.9337663,567.647786297304
"Multi-family home for sale",799000,6,4,2200,"Arverne, NY 11692","62-14 Hillmeyer RdArverne, NY 11692","New York","Queens County","6214 Hillmeyer Rd, Arverne, NY 11692, USA",40.598207,-73.7911759,363.181818181818
"Condo for sale",290900,2,1,850,"Bronx, NY 10471","5775 Mosholu Ave Apt 7FBronx, NY 10471","Bronx County","The Bronx","5775 Mosholu Ave #7f, Bronx, NY 10471, USA",40.9058413,-73.8981827,342.235294117647
"Condo for sale",474900,2,2,1054,"Bronx, NY 10463","3220 Fairfield Ave Apt 6ABronx, NY 10463","Bronx County","The Bronx","3220 Fairfield Ave #6a, Bronx, NY 10463, USA",40.8847442,-73.9132482,450.569259962049
"Co-op for sale",365000,1,1,2184.207862,"New York, NY 10002","175 Rivington St Apt 1ANew York, NY 10002","New York County","New York","175 Rivington St #1a, New York, NY 10002, USA",40.7187352,-73.9847294,167.108637575264
"Co-op for sale",199000,1,1,2184.207862,"Bronx, NY 10463","601 Kappock St Apt 1PBronx, NY 10463","Bronx County","The Bronx","601 Kappock St #1b, Bronx, NY 10463, USA",40.8789773,-73.916004,91.1085448698014
"Condo for sale",7995000,3,4,2789,"Brooklyn, NY 11201","50 Bridge Park Dr Ph 1CBrooklyn, NY 11201","Kings County","Brooklyn","50 Bridge Park Dr Ph 1C, Brooklyn Heights, NY 11201, USA",40.692916,-74.0008815,2866.61885980638
"Condo for sale",480000,1,1,506,"Brooklyn, NY 11229","2128 Ocean Ave Apt 5JBrooklyn, NY 11229","Kings County","Brooklyn","2128 Ocean Ave #5j, Brooklyn, NY 11229, USA",40.6098786,-73.9536851,948.616600790514
"Co-op for sale",1450000,2,1,2184.207862,"New York, NY 10014","79 Perry St # FNew York, NY 10014","New York","New York County","79 Perry St, New York, NY 10014, USA",40.7355671,-74.0044939,663.856231463377
"House for sale",695000,3,2,2184.207862,"Woodhaven, NY 11421","84-42 85 RdWoodhaven, NY 11421","New York","Queens County","84-42 85th Rd, Jamaica, NY 11421, USA",40.6950378,-73.8602956,318.193159218653
"House for sale",1249000,3,4,2400,"Bronx, NY 10461","1187 Rhinelander AveBronx, NY 10461","New York","Bronx County","1187 Rhinelander Ave, Bronx, NY 10461, USA",40.8533232,-73.8509691,520.416666666667
"House for sale",635000,3,2,1200,"Brooklyn, NY 11236","1645 E 92nd StBrooklyn, NY 11236","New York","Kings County","1645 E 92nd St, Brooklyn, NY 11236, USA",40.6322163,-73.894288,529.166666666667
"House for sale",1759000,3,2.37386085796844,2100,"Brooklyn, NY 11218","348 E 4th St Unit 1Brooklyn, NY 11218","Kings County","Brooklyn","348 E 4th St #1, Brooklyn, NY 11218, USA",40.643712,-73.976793,837.619047619048
"Co-op for sale",499000,2,1,2184.207862,"Brooklyn, NY 11211","167 Havemeyer St Apt 8Brooklyn, NY 11211","Kings County","Brooklyn","167 Havemeyer St #8a, Brooklyn, NY 11211, USA",40.7109875,-73.9577649,228.458110000155
"Multi-family home for sale",999000,3,6,2184.207862,"Brooklyn, NY 11203","590 Maple StBrooklyn, NY 11203","New York","Kings County","590 Maple St, Brooklyn, NY 11203, USA",40.661217,-73.9412284,457.374051884078
"Townhouse for sale",17995000,6,7,8068,"New York, NY 10024","25 W 88th StNew York, NY 10024","New York","New York County","25 W 88th St, New York, NY 10024, USA",40.7871816,-73.96924,2230.41646008924
"Townhouse for sale",2175000,5,2.37386085796844,3317,"Brooklyn, NY 11221","1259 Jefferson AveBrooklyn, NY 11221","New York","Kings County","1259 Jefferson Ave, Brooklyn, NY 11221, USA",40.6920744,-73.912766,655.712993668978
"Co-op for sale",639000,3,2,2184.207862,"Queens, NY 11373","42-22 Ketcham St Unit B8B9Queens, NY 11373","New York","Queens County","42-22 Ketcham St, Elmhurst, NY 11373, USA",40.7447145,-73.8835344,292.554573727654
"Co-op for sale",1099000,2,1,2184.207862,"Brooklyn, NY 11238","143 Lafayette Ave Apt 1ABrooklyn, NY 11238","Kings County","Brooklyn","143 Lafayette Ave #1a, Brooklyn, NY 11205, USA",40.6876421,-73.9721671,503.157240260863
"Condo for sale",318000,1,1,638,"Staten Island, NY 10306","45 Francine CtStaten Island, NY 10306","New York","Richmond County","45 Francine Ct, Staten Island, NY 10306, USA",40.5698778,-74.1224355,498.432601880878
"Co-op for sale",475000,3,1,2184.207862,"Manhattan, NY 10014","41 Jane St Apt 4CManhattan, NY 10014","New York County","New York","41 Jane St #4c, New York, NY 10014, USA",40.7383084,-74.0046097,217.470144789727
"Multi-family home for sale",875000,4,2,2034,"Bronx, NY 10469","2740 Seymour AveBronx, NY 10469","New York","Bronx County","2740 Seymour Ave, Bronx, NY 10469, USA",40.8664714,-73.845984,430.186823992134
"Multi-family home for sale",739900,4,2,2000,"Staten Island, NY 10314","41 Clifton StStaten Island, NY 10314","New York","Richmond County","41 Clifton St, Staten Island, NY 10314, USA",40.6066581,-74.1639294,369.95
"Co-op for sale",409000,2,1,2184.207862,"Forest Hills, NY 11375","69-60 108th St Unit 501Forest Hills, NY 11375","Queens County","Queens","6960 108th St Apt 501, Forest Hills, NY 11375, USA",40.7236399,-73.84481,187.253240461049
"Condo for sale",275000,2,2,969,"Brooklyn, NY 11234","1086 E 73rd St Unit 75Brooklyn, NY 11234","Kings County","Brooklyn","1086 E 73rd St #75, Brooklyn, NY 11234, USA",40.6280579,-73.9171101,283.797729618163
"Multi-family home for sale",989000,4,4,2184.207862,"Jamaica, NY 11420","120-10 135th StJamaica, NY 11420","New York","Queens County","120-10 135th St, Jamaica, NY 11420, USA",40.6751744,-73.8037556,452.7957330464
"Townhouse for sale",1750000,9,8,5000,"Brooklyn, NY 11211","104 Jackson StBrooklyn, NY 11211","New York","Kings County","104 Jackson St, Brooklyn, NY 11211, USA",40.7162658,-73.94726,350
"Co-op for sale",285000,3,1,2184.207862,"Manhattan, NY 10017","45 Tudor City Pl Apt 708Manhattan, NY 10017","New York County","New York","45 Tudor City Pl Apt 708, New York, NY 10017, USA",40.7489931,-73.97025,130.482086873836
"House for sale",12495000,4,2,7825,"New York, NY 10028","121 E 83rd StNew York, NY 10028","New York","New York County","121 E 83rd St, New York, NY 10028, USA",40.7780321,-73.9574506,1596.80511182109
"Pending",695000,2,2,1200,"Brooklyn, NY 11209","8701 Shore Rd Apt 344Brooklyn, NY 11209","Kings County","Brooklyn","8701 Shore Rd Apt 344, Brooklyn, NY 11209, USA",40.6249201,-74.0404698,579.166666666667
"Townhouse for sale",3450000,6,4,4400,"Manhattan, NY 10030","215 W 138th StManhattan, NY 10030","New York","New York County","215 W 138th St, New York, NY 10030, USA",40.8177498,-73.9430199,784.090909090909
"Co-op for sale",435000,2,1,925,"Rego Park, NY 11374","66-15 Thornton Pl Unit 3NRego Park, NY 11374","New York","Queens County","66-15 Thornton Pl, Rego Park, NY 11374, USA",40.7232542,-73.8576166,470.27027027027
"Co-op for sale",220000,2,1,922,"Bronx, NY 10467","3245 Perry Ave Apt 1FBronx, NY 10467","Bronx County","The Bronx","3245 Perry Ave #1f, Bronx, NY 10467, USA",40.8758111,-73.8765929,238.611713665944
"House for sale",1988800,3,4,2071,"Whitestone, NY 11357","145-60 5th Ave Unit 1FAMWhitestone, NY 11357","New York County","New York","145 5th Ave #1, New York, NY 10010, USA",40.7400544,-73.9903941,960.30902945437
"Co-op for sale",3300000,2,2,2184.207862,"New York, NY 10065","6 E 68th St Apt 2New York, NY 10065","New York County","New York","6 E 68th St #2, New York, NY 10065, USA",40.769433,-73.9683331,1510.84521643389
"Co-op for sale",135000,1,1,792,"Far Rockaway, NY 11691","1040 Neilson St Apt 2HFar Rockaway, NY 11691","Queens County","Queens","1040 Neilson St Apt 2f, Far Rockaway, NY 11691, USA",40.6030799,-73.74755,170.454545454545
"Co-op for sale",468000,2,1,1200,"Elmhurst, NY 11373","88-11 Elmhurst Ave Unit C11Elmhurst, NY 11373","Queens County","Queens","8811 Elmhurst Ave Apt C11, Elmhurst, NY 11373, USA",40.7455899,-73.8778899,390
"Townhouse for sale",5999999,4,4,4375,"New York, NY 10021","310 E 69th StNew York, NY 10021","New York","New York County","310 E 69th St, New York, NY 10021, USA",40.7665309,-73.9594908,1371.42834285714
"Co-op for sale",318000,1,1,748,"Bayside, NY 11361","40-40 203rd St Unit 5BBayside, NY 11361","Queens County","Queens","40-40 203rd St #5b, Flushing, NY 11361, USA",40.7604949,-73.7815883,425.133689839572
"Condo for sale",649000,2,1,705,"Astoria, NY 11102","14-43 28th Ave Unit BB1Astoria, NY 11102","Queens County","Queens","14-43 28th Ave bb1, Astoria, NY 11102, USA",40.7715328,-73.9273805,920.567375886525
"House for sale",1875000,3,2,1496,"Brooklyn, NY 11209","96 86th StBrooklyn, NY 11209","New York","Kings County","96 86th St, Brooklyn, NY 11209, USA",40.6246037,-74.0368286,1253.3422459893
"House for sale",1350000,3,2,1584,"Brooklyn, NY 11229","1719 E 22nd StBrooklyn, NY 11229","New York","Kings County","1719 E 22nd St, Brooklyn, NY 11229, USA",40.6096678,-73.9511136,852.272727272727
"Co-op for sale",3345000,4,4,3000,"New York, NY 10024","151 W 86th St Apt 3DNew York, NY 10024","New York County","New York","151 W 86th St #3d, New York, NY 10024, USA",40.7875112,-73.9739349,1115
"Co-op for sale",899000,1,2,2184.207862,"New York, NY 10025","41 W 96th St Unit 9DNew York, NY 10025","New York County","New York","41 W 96th St #9d, New York, NY 10025, USA",40.7926602,-73.9663357,411.590863507294
"House for sale",799000,3,2,1816,"Staten Island, NY 10306","149 Durant AveStaten Island, NY 10306","New York","Richmond County","149 Durant Ave, Staten Island, NY 10306, USA",40.5557686,-74.1327357,439.977973568282
"Condo for sale",5e+06,3,3,2162,"New York, NY 10016","71 Park Ave # 10ABNew York, NY 10016","New York County","New York","71 Park Ave #10a-B, New York, NY 10016, USA",40.749728,-73.978916,2312.67345050879
"Pending",464998,2,2,1657,"Brooklyn, NY 11235","2650 Ocean Pkwy Apt 10PBrooklyn, NY 11235","Kings County","Brooklyn","2650 Ocean Pkwy #10b, Brooklyn, NY 11235, USA",40.5855624,-73.9669734,280.626433313217
"Condo for sale",5250000,3,3,1757,"New York, NY 10003","75 First Ave # ANew York, NY 10003","New York","New York County","75 1st Ave., New York, NY 10003, USA",40.725653,-73.987132,2988.04780876494
"Co-op for sale",1995000,2,2,1200,"New York, NY 10023","40 W 67th St Apt 8BNew York, NY 10023","New York County","New York","40 W 67th St #8b, New York, NY 10023, USA",40.773416,-73.979787,1662.5
"Condo for sale",504000,3,2,1004,"Bronx, NY 10469","2833 Ely Ave Apt 2Bronx, NY 10469","Bronx County","The Bronx","2833 Ely Ave #2, Bronx, NY 10469, USA",40.8688161,-73.8356153,501.99203187251
"Co-op for sale",1295000,2,1,2184.207862,"New York, NY 10014","156 Bank St Apt 1ANew York, NY 10014","New York County","New York","156 Bank St #1a, New York, NY 10014, USA",40.7359888,-74.0091474,592.892289479361
"Pending",699000,3,2,864,"Staten Island, NY 10306","319 Montreal AveStaten Island, NY 10306","New York","Richmond County","319 Montreal Ave, Staten Island, NY 10306, USA",40.5594124,-74.1258541,809.027777777778
"Multi-family home for sale",949000,7,3,2745,"Bronx, NY 10473","431 Saint Lawrence AveBronx, NY 10473","New York","Bronx County","431 St Lawrence Ave, Bronx, NY 10473, USA",40.8136198,-73.8633277,345.719489981785
"Pending",1488000,2,2,1464,"Brooklyn, NY 11228","1119 85th StBrooklyn, NY 11228","New York","Kings County","1119 85th St, Brooklyn, NY 11228, USA",40.6171732,-74.0169489,1016.39344262295
"Foreclosure",8e+05,5,2.37386085796844,1584,"Staten Island, NY 10301","189 Corosn AveStaten Island, NY 10301","New York","Richmond County","189 Corson Ave, Staten Island, NY 10301, USA",40.6375111,-74.0852471,505.050505050505
"Co-op for sale",319999,1,1,660,"Brooklyn, NY 11229","1717 E 14th St Unit 2HBrooklyn, NY 11229","Kings County","Brooklyn","1717 E 14th St #2h, Brooklyn, NY 11229, USA",40.6077014,-73.958782,484.84696969697
"Condo for sale",999000,3,2,1301,"Brooklyn, NY 11204","1414 W 4th St Ph 5Brooklyn, NY 11204","Kings County","Brooklyn","1414 W 4th St ph5, Brooklyn, NY 11204, USA",40.6116529,-73.978693,767.870868562644
"Co-op for sale",475000,1,1,950,"Jackson Heights, NY 11372","35-24 78 St Unit A67Jackson Heights, NY 11372","Queens County","Queens","35-24 78th St #67, Jackson Heights, NY 11372, USA",40.75054,-73.8885096,500
"Co-op for sale",399000,3,1,2184.207862,"New York, NY 10028","530 E 84th St Apt 1MNew York, NY 10028","New York County","New York","530 E 84th St #1m, New York, NY 10028, USA",40.7738633,-73.9465735,182.674921623371
"House for sale",479900,3,2,1088,"Brooklyn, NY 11207","971 Schenck AveBrooklyn, NY 11207","New York","Kings County","971 Schenck Ave, Brooklyn, NY 11207, USA",40.6567481,-73.8802564,441.084558823529
"Condo for sale",615000,2,4,1568,"Staten Island, NY 10314","253 Windham LoopStaten Island, NY 10314","New York","Richmond County","253 Windham Loop, Staten Island, NY 10314, USA",40.577069,-74.161888,392.219387755102
"House for sale",1150000,3,2,1700,"Brooklyn, NY 11214","7713 20th AveBrooklyn, NY 11214","New York","Kings County","7713 20th Ave, Brooklyn, NY 11214, USA",40.6092336,-73.9930917,676.470588235294
"Co-op for sale",225000,1,1,2184.207862,"Howard Beach, NY 11414","88-08 151 Ave Unit 5AHoward Beach, NY 11414","Queens County","Queens","88-8 151st Ave #5a, Howard Beach, NY 11414, USA",40.6685699,-73.8471189,103.012173847765
"Co-op for sale",284888,1,1,2184.207862,"Jackson Heights, NY 11372","37-21 80th St Unit 4AJackson Heights, NY 11372","Queens County","Queens","37-21 80th St #4a, Flushing, NY 11372, USA",40.748924,-73.8857529,130.430809702854
"Condo for sale",585000,1,2,869,"Rego Park, NY 11374","63-36 99th St Unit 2GRego Park, NY 11374","New York","Queens County","63-36 99th St, Flushing, NY 11374, USA",40.7317078,-73.856834,673.187571921749
"House for sale",720000,4,2,936,"Brooklyn, NY 11236","1217 E 101st StBrooklyn, NY 11236","New York","Kings County","1217 E 101st St, Brooklyn, NY 11236, USA",40.6404818,-73.8915337,769.230769230769
"House for sale",659000,3,2,1468,"Staten Island, NY 10307","412 Manhattan StStaten Island, NY 10307","New York","Richmond County","412 Manhattan St, Staten Island, NY 10307, USA",40.4997983,-74.2411663,448.910081743869
"Co-op for sale",249000,2,1,900,"Bronx, NY 10471","5550 Fieldston Rd Apt 9JBronx, NY 10471","Bronx County","The Bronx","5550 Fieldston Rd #9j, Bronx, NY 10471, USA",40.9035132,-73.9002037,276.666666666667
"Co-op for sale",1495000,3,2,1650,"New York, NY 10025","215 W 98th St Apt 5CNew York, NY 10025","New York County","New York","215 W 98th St #5c, New York, NY 10025, USA",40.7958454,-73.9702391,906.060606060606
"Co-op for sale",295000,1,2,980,"Floral Park, NY 11005","26910 Grand Central Pkwy Apt 11BFloral Park, NY 11005","Queens County","Queens","26910 Grand Central Pkwy #11b, Queens, NY 11005, USA",40.7577991,-73.7159564,301.020408163265
"Pending",699000,4,4,1619,"Brooklyn, NY 11236","1379 E 93rd StBrooklyn, NY 11236","New York","Kings County","1379 E 93rd St, Brooklyn, NY 11236, USA",40.6376197,-73.898975,431.747992588017
"House for sale",738000,4,2,2184.207862,"Corona, NY 11368","111-87 43rd AveCorona, NY 11368","New York","Queens County","111-87 43rd Ave, Flushing, NY 11368, USA",40.7506139,-73.851888,337.879930220671
"Pending",4e+05,2,1,2184.207862,"Brooklyn, NY 11217","280 Dean St Apt 23Brooklyn, NY 11217","Kings County","Brooklyn","280 Dean St Apartment 23, Brooklyn, NY 11217, USA",40.684191,-73.982522,183.132753507138
"Co-op for sale",289000,1,1,750,"Brooklyn, NY 11235","3100 Brighton 3rd St Apt 4BBrooklyn, NY 11235","Kings County","Brooklyn","3100 Brighton 3rd St #4b, Brooklyn, NY 11235, USA",40.5764319,-73.9643613,385.333333333333
"Co-op for sale",187000,4,1,1076,"Bronx, NY 10459","950 Hoe Ave Apt 2BBronx, NY 10459","Bronx County","The Bronx","950 Hoe Ave #2b, Bronx, NY 10459, USA",40.8224272,-73.8900397,173.791821561338
"Townhouse for sale",3500000,8,7,4952,"Manhattan, NY 10031","336 Convent Ave Unit MltfmlyManhattan, NY 10031","New York","New York County","336 Convent Ave, New York, NY 10031, USA",40.8239685,-73.9470302,706.785137318255
"Townhouse for sale",4995000,6,6,4000,"New York, NY 10016","218 E 31st StNew York, NY 10016","New York","New York County","218 E 31st St, New York, NY 10016, USA",40.74338,-73.9787014,1248.75
"Co-op for sale",3400000,3,3,2184.207862,"New York, NY 10023","65 Central Park W Apt 10CNew York, NY 10023","New York County","New York","65 Central Park W #10c, New York, NY 10023, USA",40.7727705,-73.9787651,1556.62840481068
"Co-op for sale",155000,1,1,2184.207862,"Jamaica, NY 11432","87-15 165th St Unit 4JJamaica, NY 11432","Queens County","Queens","87-15 165th St #4j, Jamaica, NY 11432, USA",40.7104509,-73.7982064,70.9639419840162
"Co-op for sale",689000,3,2,1500,"Queens, NY 11377","31-21 54th St Unit 1HQueens, NY 11377","Queens County","Queens","31-21 54th St #1a, Flushing, NY 11377, USA",40.7563916,-73.9071359,459.333333333333
"Townhouse for sale",2150000,5,3,2940,"Brooklyn, NY 11225","134 Rutland RdBrooklyn, NY 11225","New York","Kings County","134 Rutland Rd, Brooklyn, NY 11225, USA",40.6588649,-73.956073,731.292517006803
"Co-op for sale",675000,3,1,2184.207862,"Manhattan, NY 10034","1793 Riverside Dr Apt 4FManhattan, NY 10034","New York County","New York","1793 Riverside Dr #4f, New York, NY 10034, USA",40.8667064,-73.9304963,309.036521543296
"House for sale",889000,3,2,2052,"Staten Island, NY 10312","4521 Hylan BlvdStaten Island, NY 10312","New York","Richmond County","4521 Hylan Blvd, Staten Island, NY 10312, USA",40.5312573,-74.157737,433.235867446394
"Co-op for sale",260000,1,1,800,"Brooklyn, NY 11235","2950 Ocean Ave Apt C11Brooklyn, NY 11235","Kings County","Brooklyn","2950 Ocean Ave #11, Brooklyn, NY 11235, USA",40.5892251,-73.94999,325
"Condo for sale",4200000,3,3,2584,"Manhattan, NY 10007","16 Warren St Apt 5Manhattan, NY 10007","New York County","New York","16 Warren St APT 5, New York, NY 10007, USA",40.7142326,-74.0075258,1625.38699690402
"Condo for sale",749000,1,2,908,"Queens, NY 11375","112-01 Queens Blvd Unit 8AQueens, NY 11375","Queens County","Queens","112-01 Queens Blvd #8a, Forest Hills, NY 11375, USA",40.7190009,-73.8365029,824.88986784141
"Contingent",639000,3,2,1360,"Staten Island, NY 10308","521 Leverett AveStaten Island, NY 10308","New York","Richmond County","521 Leverett Ave, Staten Island, NY 10308, USA",40.5557386,-74.1635281,469.852941176471
"Multi-family home for sale",799000,5,2,2184.207862,"Brooklyn, NY 11226","2455 Bedford AveBrooklyn, NY 11226","New York","Kings County","2455 Bedford Ave, Brooklyn, NY 11226, USA",40.6437284,-73.9543625,365.807675130509
"Condo for sale",7e+05,3,2,1245,"Bronx, NY 10463","3536 Cambridge Ave Apt 4FBronx, NY 10463","Bronx County","The Bronx","3536 Cambridge Ave #4f, Bronx, NY 10463, USA",40.8861342,-73.90767,562.248995983936
"Condo for sale",297000,3,1,600,"Brooklyn, NY 11235","40 Brighton 1st Rd Apt 2MBrooklyn, NY 11235","Kings County","Brooklyn","40 Brighton 1st Rd #2m, Brooklyn, NY 11235, USA",40.5756277,-73.9667833,495
"Co-op for sale",455000,1,1,725,"New York, NY 10028","415 E 85th St Apt 1ANew York, NY 10028","New York County","New York","415 E 85th St #1a, New York, NY 10028, USA",40.7760324,-73.9487922,627.586206896552
"Condo for sale",6500000,3,4,2190,"New York, NY 10001","50 W 30th St Ph 2New York, NY 10001","New York County","New York","50 W 30th St Ph 2, New York, NY 10001, USA",40.746995,-73.989381,2968.03652968037
"Townhouse for sale",1299000,11,8,4560,"Bronx, NY 10461","1963 Hobart AveBronx, NY 10461","New York","Bronx County","1963 Hobart Ave, Bronx, NY 10461, USA",40.8512668,-73.8314532,284.868421052632
"Multi-family home for sale",1279000,16,8,3550,"Bronx, NY 10456","761 Home StBronx, NY 10456","New York","Bronx County","761 Home St, Bronx, NY 10456, USA",40.8282675,-73.9014729,360.281690140845
"Pending",799000,3,1,1200,"New York, NY 10024","177 W 83rd St Apt 4SNew York, NY 10024","New York County","New York","177 W 83rd St #4s, New York, NY 10024, USA",40.7856899,-73.976047,665.833333333333
"Co-op for sale",475000,2,2,1150,"Brooklyn, NY 11224","458 Neptune Ave Apt 4CBrooklyn, NY 11224","Kings County","Brooklyn","458 Neptune Ave #4c, Brooklyn, NY 11224, USA",40.5794182,-73.9709078,413.04347826087
"Co-op for sale",209000,1,1,2184.207862,"Bayside, NY 11360","200-18 17th Ave Unit 2-97Bayside, NY 11360","Kings County","Brooklyn","200 E 17th St 2 97, Brooklyn, NY 11226, USA",40.6456538,-73.9636266,95.6868637074799
"House for sale",1325000,4,3,2200,"Brooklyn, NY 11234","2215 E 72nd StBrooklyn, NY 11234","New York","Kings County","2215 E 72nd St, Brooklyn, NY 11234, USA",40.618445,-73.9043606,602.272727272727
"Co-op for sale",259000,1,1,625,"Brooklyn, NY 11209","325 Marine Ave Apt C8Brooklyn, NY 11209","Kings County","Brooklyn","325 Marine Ave Apt C8, Brooklyn, NY 11209, USA",40.6147332,-74.0337807,414.4
"Townhouse for sale",899000,4,3,1960,"Queens, NY 11426","88-47 247 StQueens, NY 11426","New York","Queens County","88-47 247th St, Jamaica, NY 11426, USA",40.727846,-73.720774,458.673469387755
"Multi-family home for sale",1325000,6,5,2184.207862,"Jamaica, NY 11436","126-18 148th StJamaica, NY 11436","New York","Queens County","126-18 148th St, Jamaica, NY 11436, USA",40.6727654,-73.7902788,606.627245992396
"Co-op for sale",345000,3,2,1100,"Bronx, NY 10471","6601 Broadway Apt 3ABronx, NY 10471","Bronx County","The Bronx","6601 Broadway #3a, Bronx, NY 10471, USA",40.908552,-73.896916,313.636363636364
"Condo for sale",1088000,4,2,2184.207862,"Whitestone, NY 11357","168-28 Powells Cove Blvd Unit 12Whitestone, NY 11357","Queens County","Queens","16828 Powells Cove Blvd #12, Flushing, NY 11357, USA",40.7932921,-73.7951779,498.121089539417
"House for sale",669000,3,2,2191,"Staten Island, NY 10314","933 Jewett AveStaten Island, NY 10314","New York","Richmond County","933 Jewett Ave, Staten Island, NY 10314, USA",40.6136236,-74.1305336,305.340027384756
"Multi-family home for sale",1388000,3,2,2520,"Brooklyn, NY 11229","1801 Avenue WBrooklyn, NY 11229","New York","Kings County","1801 Avenue L, Brooklyn, NY 11230, USA",40.620978,-73.957202,550.793650793651
"House for sale",1475000,5,3,2637,"Maspeth, NY 11378","53-30 61st StMaspeth, NY 11378","New York","Queens County","53-30 61st St, Maspeth, NY 11378, USA",40.7291232,-73.9042682,559.347743648085
"Condo for sale",1375000,2,2,2184.207862,"New York, NY 10128","400 E 90th St Ph ANew York, NY 10128","New York","New York County","400 E 90th St, New York, NY 10128, USA",40.7791814,-73.9472929,629.518840180789
"House for sale",1099000,3,4,2037,"Brooklyn, NY 11210","1385 E 34th StBrooklyn, NY 11210","New York","Kings County","1385 E 34th St, Brooklyn, NY 11234, USA",40.621735,-73.941847,539.518900343643
"Townhouse for sale",9e+05,4,3,2184.207862,"Bronx, NY 10471","6031 Huxley Ave Unit TownhouseBronx, NY 10471","New York","Bronx County","6031 Huxley Ave, Bronx, NY 10471, USA",40.9083747,-73.8985781,412.048695391062
"Co-op for sale",599000,2,2,1350,"New York, NY 10128","4 E 95th St Unit 1BNew York, NY 10128","New York County","New York","4 E 95th St #1b, New York, NY 10128, USA",40.7868163,-73.9557515,443.703703703704
"Co-op for sale",1295000,2,2,2184.207862,"Manhattan, NY 10075","71 E 77th St Apt 9CManhattan, NY 10075","New York County","New York","71 E 77th St Apt 9b, New York, NY 10075, USA",40.774576,-73.9624413,592.892289479361
"Condo for sale",479900,1,1,550,"New York, NY 10029","2141 2nd Ave Unit 5CNew York, NY 10029","New York County","New York","2141 2nd Ave #5c, New York, NY 10029, USA",40.7934089,-73.9407833,872.545454545455
"House for sale",4200000,3,1,2560,"New York, NY 10003","35 Stuyvesant StNew York, NY 10003","New York","New York County","35 Stuyvesant St, New York, NY 10003, USA",40.7300715,-73.9880189,1640.625
"House for sale",739999,4,2,1976,"Staten Island, NY 10305","387 Fingerboard RdStaten Island, NY 10305","New York","Richmond County","387 Fingerboard Rd, Staten Island, NY 10305, USA",40.6021404,-74.0713152,374.493421052632
"Foreclosure",475000,3,2,1204,"Staten Island, NY 10304","57 Skyline DrStaten Island, NY 10304","New York","Richmond County","57 Skyline Dr, Staten Island, NY 10304, USA",40.615479,-74.079293,394.518272425249
"House for sale",2250000,6,4,3432,"Brooklyn, NY 11235","2635 E 28th StBrooklyn, NY 11235","New York","Kings County","2635 E 28th St, Brooklyn, NY 11235, USA",40.5884214,-73.9412863,655.594405594406
"Condo for sale",875000,2,2,1050,"Brooklyn, NY 11209","118 Battery Ave Apt 4CBrooklyn, NY 11209","Kings County","Brooklyn","118 Battery Ave #4c, Brooklyn, NY 11209, USA",40.6165537,-74.024429,833.333333333333
"House for sale",499000,3,2,1786,"Staten Island, NY 10304","81 Park Hill CtStaten Island, NY 10304","New York","Richmond County","81 Park Hill Ct, Staten Island, NY 10304, USA",40.6178525,-74.0758856,279.39529675252
"House for sale",749000,4,2,2184.207862,"Brooklyn, NY 11208","557 Drew StBrooklyn, NY 11208","New York","Kings County","557 Drew St, Brooklyn, NY 11208, USA",40.6771904,-73.8625697,342.916080942117
"Co-op for sale",4400000,3,3,3500,"Manhattan, NY 10001","141 W 26th St Apt 2Manhattan, NY 10001","New York County","New York","141 W 26th St Apt 2, New York, NY 10001, USA",40.7454222,-73.9925061,1257.14285714286
"House for sale",855000,3,2,1383,"Staten Island, NY 10306","306 Oldfield StStaten Island, NY 10306","New York","Richmond County","306 Oldfield St, Staten Island, NY 10306, USA",40.5725396,-74.1007568,618.22125813449
"Co-op for sale",525000,2,1,1300,"Brooklyn, NY 11235","50 Brighton 1 Rd Unit 2DBrooklyn, NY 11235","Kings County","Brooklyn","50 Brighton 1st Rd #2d, Brooklyn, NY 11235, USA",40.5751942,-73.9669983,403.846153846154
"Condo for sale",715000,2,2,1021,"Brooklyn, NY 11235","2805 E 26th St Apt 1ABrooklyn, NY 11235","Kings County","Brooklyn","2805 E 26th St #1a, Brooklyn, NY 11235, USA",40.5846063,-73.9426052,700.293829578844
"Townhouse for sale",7950000,4,4,2184.207862,"New York, NY 10075","175 E 78th StNew York, NY 10075","New York","New York County","175 E 78th St, New York, NY 10075, USA",40.7740082,-73.9583902,3639.76347595438
"Contingent",550000,3,2,1424,"Staten Island, NY 10310","572 Davis AveStaten Island, NY 10310","New York","Richmond County","572 Davis Ave, Staten Island, NY 10310, USA",40.6292321,-74.1082798,386.23595505618
"Condo for sale",17500000,7,4,6300,"Manhattan, NY 10013","140 Franklin St Apt 2BManhattan, NY 10013","New York County","New York","140 Franklin St #2b, New York, NY 10013, USA",40.7193658,-74.0072206,2777.77777777778
"House for sale",1528000,4,2,2184.207862,"Flushing, NY 11358","43-28 169th StFlushing, NY 11358","New York","Queens County","43-28 169th St, Flushing, NY 11358, USA",40.757398,-73.7979996,699.567118397269
"House for sale",1287777,5,2,2184.207862,"Rego Park, NY 11374","88-25 63rd AveRego Park, NY 11374","New York","Queens County","88-25 63rd Ave, Flushing, NY 11374, USA",40.7257724,-73.8680711,589.585369782906
"House for sale",330000,3,1,2184.207862,"Brooklyn, NY 11225","21 Miami CtBrooklyn, NY 11225","New York","Kings County","21 Miami Ct, Brooklyn, NY 11225, USA",40.6604827,-73.9468571,151.084521643389
"Co-op for sale",375000,1,1,2184.207862,"Woodside, NY 11377","39-65 52nd St Unit 5UWoodside, NY 11377","Queens County","Queens","39-65 52nd St #5b, Woodside, NY 11377, USA",40.7467824,-73.9119505,171.686956412942
"Pending",875000,3,2,2184.207862,"Astoria, NY 11103","24-47 43rd StAstoria, NY 11103","New York","Queens County","24-47 43rd St, Astoria, NY 11103, USA",40.7671317,-73.9087817,400.602898296865
"Co-op for sale",750000,3,2,2184.207862,"Queens, NY 11372","35-55 80th St Unit 52Queens, NY 11372","Queens County","Queens","3555 80th St Apt 52, Jackson Heights, NY 11372, USA",40.7515899,-73.8865299,343.373912825885
"Multi-family home for sale",1350000,3,3,2184.207862,"Brooklyn, NY 11221","750A Lafayette AveBrooklyn, NY 11221","New York","Kings County","750A Lafayette Ave, Brooklyn, NY 11221, USA",40.690647,-73.9431579,618.073043086592
"Co-op for sale",599000,1,1,755,"Manhattan, NY 10019","452 W 50th St Apt 4WManhattan, NY 10019","New York County","New York","452 W 50th St #4a, New York, NY 10019, USA",40.7643103,-73.9913297,793.377483443709
"Multi-family home for sale",1200000,6,3,2184.207862,"Woodhaven, NY 11421","86-30 91st StWoodhaven, NY 11421","New York","Queens County","86-30 91st St, Jamaica, NY 11421, USA",40.6943555,-73.8543804,549.398260521416
"House for sale",749000,4,3,2013,"Staten Island, NY 10305","606 Tompkins AveStaten Island, NY 10305","New York","Richmond County","606 Tompkins Ave., Staten Island, NY 10305, USA",40.6109749,-74.0710212,372.081470442126
"Multi-family home for sale",1900000,6,4,2565,"Brooklyn, NY 11238","794 Bergen StBrooklyn, NY 11238","New York","Kings County","794 Bergen St, Brooklyn, NY 11238, USA",40.6778716,-73.9615757,740.740740740741
"House for sale",590000,3,1,1360,"Bronx, NY 10469","2540 Woodhull AveBronx, NY 10469","New York","Bronx County","2540 Woodhull Ave, Bronx, NY 10469, USA",40.8642583,-73.8414813,433.823529411765
"Condo for sale",1395000,3,2,1494,"Manhattan, NY 10005","1 Wall Street Ct Apt 505Manhattan, NY 10005","New York County","New York","1 Wall St APT 505, New York, NY 10005, USA",40.705216,-74.0085311,933.734939759036
"House for sale",3595000,6,3,2184.207862,"Brooklyn, NY 11230","1558 E 9th StBrooklyn, NY 11230","New York","Kings County","1558 E 9th St, Brooklyn, NY 11230, USA",40.6108399,-73.9647401,1645.90562214541
"Multi-family home for sale",1300000,14,6,5103,"Bronx, NY 10461","1565 Saint Peters AveBronx, NY 10461","New York","Bronx County","1565 St Peters Ave, Bronx, NY 10461, USA",40.8403844,-73.8478179,254.752106603958
"House for sale",868000,3,2,1452,"Flushing, NY 11358","40-51 172 StFlushing, NY 11358","New York","Queens County","40-51 172nd St, Flushing, NY 11358, USA",40.7592798,-73.7939528,597.796143250689
"Multi-family home for sale",1248000,6,3,2400,"Brooklyn, NY 11235","2532 E 26th StBrooklyn, NY 11235","New York","Kings County","2532 E 26th St, Brooklyn, NY 11235, USA",40.5904715,-73.9441041,520
"Multi-family home for sale",1449000,7,3,2400,"Brooklyn, NY 11232","422 43rd StBrooklyn, NY 11232","New York","Kings County","422 43rd St, Brooklyn, NY 11232, USA",40.649911,-74.007989,603.75
"Co-op for sale",338000,1,1,2184.207862,"Jackson Heights, NY 11372","34-40 79th St Unit 1GJackson Heights, NY 11372","Queens County","Queens","34-40 79th St #1b, Queens, NY 11372, USA",40.7522642,-73.8878675,154.747176713532
"House for sale",270000,3,2.37386085796844,1158,"Bronx, NY 10467","3780 Willett AveBronx, NY 10467","New York","Bronx County","3780 Willett Ave, Bronx, NY 10467, USA",40.8838997,-73.864167,233.160621761658
"House for sale",765000,3,2.37386085796844,2500,"Bronx, NY 10460","1574 Crotona Park EBronx, NY 10460","New York","Bronx County","1574 Crotona Park E, Bronx, NY 10460, USA",40.8365023,-73.8919613,306
"Pending",988000,2,2,2451,"Whitestone, NY 11357","165-15 Cross Island PkwyWhitestone, NY 11357","New York","Queens County","165-15 Cross Island Pkwy, Flushing, NY 11357, USA",40.7864686,-73.7971724,403.100775193798
"Co-op for sale",339000,1,1,2184.207862,"Douglaston, NY 11363","42-30 Douglaston Pkwy Unit 7HDouglaston, NY 11363","Queens County","Queens","4230 Douglaston Pkwy Apt 7b, Douglaston, NY 11363, USA",40.7686099,-73.74772,155.2050085973
"Contingent",1099000,6,6,3219,"Staten Island, NY 10308","111 Highland RdStaten Island, NY 10308","New York","Richmond County","111 Highland Rd, Staten Island, NY 10308, USA",40.549134,-74.142459,341.410375893135
"Condo for sale",1181000,2,2,1541,"Bronx, NY 10463","640 W 237th St Apt 15ABronx, NY 10463","Bronx County","The Bronx","640 W 237th St #15a, Bronx, NY 10463, USA",40.8879309,-73.9121663,766.385463984426
"Co-op for sale",219000,1,1,2184.207862,"Flushing, NY 11367","150-25 72nd Rd Unit 1EFlushing, NY 11367","New York","Queens County","150-25 72nd Rd, Flushing, NY 11367, USA",40.7288351,-73.8169278,100.265182545158
"House for sale",588000,3,1,1080,"Brooklyn, NY 11229","2956 Gerritsen AveBrooklyn, NY 11229","New York","Kings County","2956 Gerritsen Ave, Brooklyn, NY 11229, USA",40.5887247,-73.9208494,544.444444444444
"Multi-family home for sale",805000,6,2,2042,"Bronx, NY 10453","1893 Harrison AveBronx, NY 10453","New York","Bronx County","1893 Harrison Ave, Bronx, NY 10453, USA",40.8527111,-73.9116009,394.221351616063
"House for sale",929000,3,2,1309,"Brooklyn, NY 11230","1305 Elm AveBrooklyn, NY 11230","New York","Kings County","1305 Elm Ave, Brooklyn, NY 11230, USA",40.6174291,-73.9615134,709.702062643239
"Pending",670000,1,2,908,"Forest Hills, NY 11375","112-01 Queens Blvd Unit 21AForest Hills, NY 11375","Queens County","Queens","11201 Queens Blvd APT 21H, Forest Hills, NY 11375, USA",40.718793,-73.8365852,737.885462555066
"House for sale",649000,3,2,1152,"Staten Island, NY 10312","471 Beach RdStaten Island, NY 10312","New York","Richmond County","471 Beach Rd, Staten Island, NY 10312, USA",40.544553,-74.159323,563.368055555556
"Co-op for sale",439900,2,1,1000,"Rego Park, NY 11374","97-37 63rd Rd Unit 4KRego Park, NY 11374","Queens County","Queens","97-37 63rd Rd #4j, Rego Park, NY 11374, USA",40.7318958,-73.8599645,439.9
"Co-op for sale",2850000,3,2,2184.207862,"Manhattan, NY 10012","520 Laguardia Pl Apt 7NManhattan, NY 10012","New York County","New York","520 LaGuardia Pl Apt 7s, New York, NY 10012, USA",40.7282135,-73.9990284,1304.82086873836
"Co-op for sale",358000,2,1,2184.207862,"Bayside, NY 11360","15-30 212 St Unit 224Bayside, NY 11360","Queens County","Queens","1530 212th St # 224, Bayside, NY 11360, USA",40.7856799,-73.7816,163.903814388889
"Co-op for sale",299000,1,1,2184.207862,"Forest Hills, NY 11375","70-31 108th St Unit 5FForest Hills, NY 11375","New York","Queens County","70-31 108th St, Forest Hills, NY 11375, USA",40.7220791,-73.8436959,136.891733246586
"House for sale",1389000,7,2,2184.207862,"Brooklyn, NY 11223","1016 Gravesend Neck RdBrooklyn, NY 11223","New York","Kings County","1016 Gravesend Neck Rd, Brooklyn, NY 11223, USA",40.5943151,-73.9602134,635.928486553538
"House for sale",459999,1,1,640,"Bronx, NY 10465","3308 Lucerne StBronx, NY 10465","New York","Bronx County","3308 Lucerne St, Bronx, NY 10465, USA",40.8426371,-73.8168754,718.7484375
"House for sale",1999000,4,2,2600,"Staten Island, NY 10304","45 E Loop RdStaten Island, NY 10304","New York","Richmond County","45 E Loop Rd, Staten Island, NY 10304, USA",40.5908362,-74.1019957,768.846153846154
"Townhouse for sale",2395000,5,2.37386085796844,2560,"Brooklyn, NY 11233","798 Halsey StBrooklyn, NY 11233","New York","Kings County","798 Halsey St, Brooklyn, NY 11233, USA",40.6848322,-73.9220551,935.546875
"Multi-family home for sale",1180000,6,5,1810,"College Point, NY 11356","326 126th StCollege Point, NY 11356","New York","Queens County","326 126th St, Queens, NY 11356, USA",40.793158,-73.8419309,651.933701657459
"Co-op for sale",650000,2,2,1200,"Queens, NY 11375","110-20 71st Rd Apt 708Queens, NY 11375","Queens County","Queens","11020 71st Rd Apt 708, Forest Hills, NY 11375, USA",40.7216499,-73.84119,541.666666666667
"Co-op for sale",589000,2,2,1100,"Brooklyn, NY 11209","10114 Fourth Ave Unit 22EBrooklyn, NY 11209","Kings County","Brooklyn","10114 4th Ave #22a, Brooklyn, NY 11209, USA",40.6120095,-74.0345805,535.454545454545
"House for sale",515000,3,1,882,"Cambria Heights, NY 11411","120-46 238th StCambria Heights, NY 11411","New York","Queens County","120-46 238th St, Jamaica, NY 11411, USA",40.6842823,-73.7278575,583.90022675737
"Multi-family home for sale",750000,2,3,1530,"Staten Island, NY 10314","90 Coale AveStaten Island, NY 10314","New York","Richmond County","90 Coale Ave, Staten Island, NY 10314, USA",40.6132884,-74.128148,490.196078431373
"Condo for sale",1499999,2,2,901,"New York, NY 10023","8 W 65th St Unit 3New York, NY 10023","New York County","New York","8 W 65th St APT 3A, New York, NY 10023, USA",40.7718553,-73.9799842,1664.81576026637
"House for sale",1525000,3,2.37386085796844,2572,"Brooklyn, NY 11210","710 E 22nd StBrooklyn, NY 11210","New York","Kings County","710 E 22nd St, Brooklyn, NY 11210, USA",40.6349015,-73.9563944,592.923794712286
"Condo for sale",1395000,1,1,2184.207862,"New York, NY 10011","420 W 23rd St Apt 2BNew York, NY 10011","New York County","New York","420 W 23rd St #2b, New York, NY 10011, USA",40.7467155,-74.0024044,638.675477856145
"Multi-family home for sale",9e+05,5,3,2487,"Bronx, NY 10453","1850 Billingsley TerBronx, NY 10453","New York","Bronx County","1850 Billingsley Terrace, Bronx, NY 10453, USA",40.8533225,-73.9171752,361.881785283474
"Townhouse for sale",1099999,4,2,1874,"Brooklyn, NY 11229","2013 Avenue VBrooklyn, NY 11229","New York","Kings County","2013 Ave V, Brooklyn, NY 11229, USA",40.5975478,-73.9504503,586.979188900747
"Pending",498888,1,1,750,"Bayside, NY 11360","12-05 Estates Ln Unit 231-1Bayside, NY 11360","Queens County","Queens","12-5 Estates Ln #231, Bayside, NY 11360, USA",40.788818,-73.7867657,665.184
"Co-op for sale",199000,1,1,2184.207862,"Jamaica, NY 11432","150-14 Village Rd Unit 93GCJamaica, NY 11432","Queens County","Queens","150-14 Village Rd #93, Queens, NY 11435, USA",40.7166575,-73.8111887,91.1085448698014
"Co-op for sale",1495000,4,4,2600,"New York, NY 10065","315 E 65th St Apt 11CNew York, NY 10065","New York County","New York","315 E 65th St #11c, New York, NY 10065, USA",40.764197,-73.960624,575
"Townhouse for sale",869000,3,2,2184.207862,"Brooklyn, NY 11234","1341 E 36th St Unit TownhouseBrooklyn, NY 11234","New York","Kings County","1341 E 36th St, Brooklyn, NY 11234, USA",40.6191897,-73.939392,397.855906994258
"Pending",1299000,4,2,2080,"Brooklyn, NY 11209","79 73rd StBrooklyn, NY 11209","New York","Kings County","79 73rd St, Brooklyn, NY 11209, USA",40.6347105,-74.0342611,624.519230769231
"Multi-family home for sale",2350000,6,4,2700,"Whitestone, NY 11357","166-32 16th RdWhitestone, NY 11357","New York","Queens County","166-32 16th Rd, Flushing, NY 11357, USA",40.7832315,-73.7958397,870.37037037037
"House for sale",1788000,4,4,2716,"Bayside, NY 11361","39-22 221st StBayside, NY 11361","New York","Queens County","39-22 221st St, Flushing, NY 11361, USA",40.7661326,-73.7627478,658.321060382916
"Co-op for sale",325000,4,1,2184.207862,"New York, NY 10030","229 W 144th St Apt 34New York, NY 10030","New York County","New York","229 W 144th St Apt 34, New York, NY 10030, USA",40.8214364,-73.9403013,148.79536222455
"Condo for sale",299900,1,1,525,"Bronx, NY 10463","2600 Henry Hudson Pkwy Apt 1EBronx, NY 10463","Bronx County","The Bronx","2600 Henry Hudson Pkwy #1e, Bronx, NY 10463, USA",40.8808246,-73.9173093,571.238095238095
"Co-op for sale",439999,1,2,1215,"Floral Park, NY 11005","271-10 Grand Central Pkwy Unit 8OFloral Park, NY 11005","Queens County","Queens","27110 Grand Central Pkwy #8, Queens Village, NY 11005, USA",40.7564761,-73.7212008,362.139094650206
"House for sale",899000,4,2,1224,"Staten Island, NY 10314","279 Suffolk AveStaten Island, NY 10314","New York","Richmond County","279 Suffolk Ave, Staten Island, NY 10314, USA",40.5985336,-74.127001,734.477124183006
"Townhouse for sale",4950000,4,2.37386085796844,3800,"Brooklyn, NY 11249","76 S 2nd StBrooklyn, NY 11249","New York","Kings County","76 S 2nd St, Brooklyn, NY 11249, USA",40.7140917,-73.9647828,1302.63157894737
"Townhouse for sale",1895000,5,4,2400,"Brooklyn, NY 11231","303 Van Brunt St Apt 1Brooklyn, NY 11231","Kings County","Brooklyn","303 Van Brunt St #1, Brooklyn, NY 11231, USA",40.6785459,-74.0112783,789.583333333333
"Condo for sale",759000,3,2,2184.207862,"Far Rockaway, NY 11691","156 Beach 9th St Apt 5AFar Rockaway, NY 11691","Queens County","Queens","156 Beach 9th St #5a, Far Rockaway, NY 11691, USA",40.5958861,-73.7436025,347.494399779795
"Pending",699000,3,2,1250,"Staten Island, NY 10314","280 Clinton B Fiske AveStaten Island, NY 10314","New York","Richmond County","280 Clinton B Fiske Ave, Staten Island, NY 10314, USA",40.6165969,-74.1340662,559.2
"Multi-family home for sale",1590000,5,4,2880,"Jackson Heights, NY 11372","33-37 71st StJackson Heights, NY 11372","New York","Queens County","33-37 71st St, Flushing, NY 11372, USA",40.7533323,-73.8951855,552.083333333333
"Co-op for sale",234900,1,1,753,"Floral Park, NY 11005","26910 Grand Central Pkwy Apt 6MFloral Park, NY 11005","Queens County","Queens","26910 Grand Central Pkwy #6m, Queens, NY 11005, USA",40.7577991,-73.7159564,311.95219123506
"Co-op for sale",675000,2,1,2184.207862,"Queens, NY 11372","35-15 78th St Unit 21Queens, NY 11372","Queens County","Queens","3515 78th St Apt 21, Jackson Heights, NY 11372, USA",40.7513999,-73.88839,309.036521543296
"Multi-family home for sale",1500000,3,2,2000,"Brooklyn, NY 11222","137 Beadel StBrooklyn, NY 11222","New York","Kings County","137 Beadel St, Brooklyn, NY 11222, USA",40.7223911,-73.9355458,750
"Multi-family home for sale",1075000,5,4,2905,"Arverne, NY 11692","205 Aquatic PlArverne, NY 11692","New York","Queens County","205 Aquatic Pl, Arverne, NY 11692, USA",40.5890901,-73.8022167,370.051635111876
"Multi-family home for sale",1325000,5,2,2208,"Crown Heights, NY 11213","1260 Lincoln PlCrown Heights, NY 11213","New York","Kings County","1260 Lincoln Pl, Brooklyn, NY 11213, USA",40.6697911,-73.9348558,600.090579710145
"Co-op for sale",525000,2,1,1000,"Brooklyn, NY 11220","6801 Shore Rd Apt 4JBrooklyn, NY 11220","Kings County","Brooklyn","6801 Shore Rd #4j, Brooklyn, NY 11220, USA",40.6393755,-74.0352909,525
"Co-op for sale",385000,2,2,2184.207862,"Bayside, NY 11360","18-15 215th St Unit 3HBayside, NY 11360","Queens County","Queens","18-15 215th St #3h, Flushing, NY 11360, USA",40.7839472,-73.774951,176.265275250621
"Co-op for sale",199000,1,1,2184.207862,"Astoria, NY 11105","21-47 33rd St Unit 1GAstoria, NY 11105","Queens County","Queens","2147 33rd St Apt 1h, Astoria, NY 11105, USA",40.7771999,-73.9073699,91.1085448698014
"Co-op for sale",670000,2,2,2184.207862,"Bayside, NY 11360","17-85 215th St Unit 15NBayside, NY 11360","Queens County","Queens","17-85 215th St #15b, Flushing, NY 11360, USA",40.7843012,-73.7761962,306.747362124457
"House for sale",975000,3,2,2184.207862,"Hollis, NY 11423","88-44 202nd StHollis, NY 11423","New York","Queens County","88-44 202nd St, Hollis, NY 11423, USA",40.7187283,-73.7613065,446.38608667365
"House for sale",799000,3,2.37386085796844,2184.207862,"Staten Island, NY 10308","3737 Amboy RdStaten Island, NY 10308","New York","Richmond County","3737 Amboy Rd, Staten Island, NY 10308, USA",40.552406,-74.1441129,365.807675130509
"Co-op for sale",305000,2,1,600,"Astoria, NY 11105","21-15 33rd St Unit 5HAstoria, NY 11105","Queens County","Queens","21-15 33rd St #5h, Queens, NY 11105, USA",40.7767119,-73.9077637,508.333333333333
"House for sale",299999,3,1,2184.207862,"Staten Island, NY 10306","46 Seafoam StStaten Island, NY 10306","New York","Richmond County","46 Seafoam St, Staten Island, NY 10306, USA",40.5637297,-74.0993229,137.34910729847
"House for sale",1980000,5,2,2652,"Brooklyn, NY 11209","8506 Colonial RdBrooklyn, NY 11209","New York","Kings County","8506 Colonial Rd, Brooklyn, NY 11209, USA",40.6253464,-74.036404,746.606334841629
"Multi-family home for sale",1299000,5,2,2184.207862,"Brooklyn, NY 11232","232 27th StBrooklyn, NY 11232","New York","Kings County","232 27th St, Brooklyn, NY 11232, USA",40.658549,-73.9981704,594.723617014432
"Co-op for sale",140000,1,1,2184.207862,"Bronx, NY 10451","828 Gerard Ave Apt 4GBronx, NY 10451","Bronx County","The Bronx","828 Gerard Ave #4g, Bronx, NY 10451, USA",40.8260352,-73.9256625,64.0964637274985
"Co-op for sale",279000,1,1,2184.207862,"Forest Hills, NY 11375","67-38 108th St Unit B22Forest Hills, NY 11375","Queens County","Queens","6738 108th St Apt B22, Forest Hills, NY 11375, USA",40.7282899,-73.8472,127.735095571229
"Condo for sale",1995000,2,2,1562,"Manhattan, NY 10024","223 W 80th St Apt 6Manhattan, NY 10024","New York County","New York","223 W 80th St APT 6, New York, NY 10024, USA",40.7845327,-73.9789122,1277.20870678617
"Co-op for sale",329000,2,1,2184.207862,"Fresh Meadows, NY 11365","196-58 67 Ave Unit 2Fresh Meadows, NY 11365","New York","Queens County","19658 67th Ave, Fresh Meadows, NY 11365, USA",40.7389649,-73.7774313,150.626689759621
"Condo for sale",750000,1,1,943,"Brooklyn, NY 11231","1 Tiffany Pl Apt 3NBrooklyn, NY 11231","Kings County","Brooklyn","1 Tiffany Pl #3b, Brooklyn, NY 11231, USA",40.6870254,-74.0004951,795.334040296925
"Multi-family home for sale",999990,6,4,2184.207862,"Queens Village, NY 11429","215-20 104th AveQueens Village, NY 11429","New York","Queens County","215-20 104th Ave, Queens Village, NY 11429, USA",40.7118837,-73.742941,457.827305449009
"Co-op for sale",430000,3,1,2184.207862,"New York, NY 10017","2 Tudor City Pl Apt 4OSNew York, NY 10017","New York County","New York","2 Tudor City Pl #4d, New York, NY 10017, USA",40.7482797,-73.9715473,196.867710020174
"Contingent",349000,3,2,1180,"Staten Island, NY 10314","8 Ada Dr Unit 47Staten Island, NY 10314","Richmond County","Staten Island","8 Ada Dr # 47, Staten Island, NY 10314, USA",40.6195692,-74.1550985,295.762711864407
"House for sale",599000,3,2,1052,"Bronx, NY 10469","3540 Laconia AveBronx, NY 10469","New York","Bronx County","3540 Laconia Ave, Bronx, NY 10469, USA",40.8750212,-73.8547365,569.391634980989
"Multi-family home for sale",4295000,9,11,6270,"Brooklyn, NY 11221","18A Bleecker StBrooklyn, NY 11221","New York","Kings County","18A Bleecker St, Brooklyn, NY 11221, USA",40.6931027,-73.9229621,685.007974481659
"Co-op for sale",175000,1,1,800,"Brooklyn, NY 11229","2232 Brigham St Apt 1JBrooklyn, NY 11229","Kings County","Brooklyn","2232 Brigham St #1j, Brooklyn, NY 11229, USA",40.5980473,-73.9354323,218.75
"House for sale",999000,4,4,3570,"Staten Island, NY 10314","18 Kelly BlvdStaten Island, NY 10314","New York","Richmond County","18 Kelly Blvd, Staten Island, NY 10314, USA",40.5898663,-74.1515902,279.831932773109
"Townhouse for sale",1335000,3,2,2184.207862,"Brooklyn, NY 11221","551 Lexington AveBrooklyn, NY 11221","New York","Kings County","551 Lexington Ave, Brooklyn, NY 11221, USA",40.689193,-73.9397249,611.205564830075
"House for sale",849999,2,2,1365,"Staten Island, NY 10306","155 Ebbitts StStaten Island, NY 10306","New York","Richmond County","155 Ebbitts St, Staten Island, NY 10306, USA",40.562056,-74.1052535,622.70989010989
"Co-op for sale",136999,1,1,750,"Bronx, NY 10462","2105 Wallace Ave Apt 2FBronx, NY 10462","Bronx County","The Bronx","2105 Wallace Ave #2f, Bronx, NY 10462, USA",40.8533818,-73.8651554,182.665333333333
"Condo for sale",699000,2,2,1320,"Rockaway Park, NY 11694","136 Beach 117 St Unit 5JRockaway Park, NY 11694","Queens County","Queens","136 Beach 117th St #5j, Rockaway Park, NY 11694, USA",40.5780382,-73.8366684,529.545454545455
"Co-op for sale",329000,1,1,2184.207862,"Manhattan, NY 10033","187 Pinehurst Ave Apt 4IManhattan, NY 10033","New York County","New York","187 Pinehurst Ave #4a, New York, NY 10033, USA",40.8544444,-73.9377977,150.626689759621
"Co-op for sale",825000,1,1,750,"New York, NY 10016","132 E 35th St Unit 10LNew York, NY 10016","New York County","New York","132 E 35th St #10b, New York, NY 10016, USA",40.7468058,-73.9797483,1100
"Co-op for sale",685000,1,1,2184.207862,"Brooklyn, NY 11217","225 Lincoln Pl Apt 3GBrooklyn, NY 11217","Kings County","Brooklyn","225 Lincoln Pl #3g, Brooklyn, NY 11217, USA",40.6752414,-73.9729777,313.614840380975
"Condo for sale",4100000,3,4,2200,"New York, NY 10069","80 Riverside Blvd Apt 15LNew York, NY 10069","New York County","New York","80 Riverside Blvd #15j, New York, NY 10069, USA",40.77508,-73.990303,1863.63636363636
"Condo for sale",8850000,3,4,5094,"Manhattan, NY 10013","145 Avenue of the Americas Ste 2BManhattan, NY 10013","New York County","New York","145 6th Ave #2b, New York, NY 10013, USA",40.7251196,-74.0049023,1737.33804475854
"Co-op for sale",189000,1,1,2184.207862,"Jamaica, NY 11432","87-05 166th St Unit 4HJamaica, NY 11432","Queens County","Queens","87-05 166th St #4h, Jamaica, NY 11432, USA",40.7109831,-73.7970163,86.5302260321229
"House for sale",8999999,6,6,5500,"New York, NY 10065","152 E 63rd StNew York, NY 10065","New York","New York County","152 E 63rd St, New York, NY 10065, USA",40.764386,-73.9658214,1636.36345454545
"Condo for sale",408000,1,1,787,"Brooklyn, NY 11214","2121 Shore Pkwy Apt 7FBrooklyn, NY 11214","New York","Kings County","2121 Shore Pkwy #7f, Brooklyn, NY 11214, USA",40.5856282,-73.9879851,518.424396442186
"Condo for sale",559000,1,1,830,"Brooklyn, NY 11235","63 Brighton 2nd Pl Apt 4ABrooklyn, NY 11235","Kings County","Brooklyn","63 Brighton 2nd Pl #4a, Brooklyn, NY 11235, USA",40.5795498,-73.9658695,673.493975903614
"Pending",949000,4,4,2920,"Staten Island, NY 10314","6 Mann AveStaten Island, NY 10314","New York","Richmond County","6 Mann Ave, Staten Island, NY 10314, USA",40.6134167,-74.1334698,325
"Co-op for sale",379000,2,1,1000,"Brooklyn, NY 11230","1680 Ocean Ave Apt 5LBrooklyn, NY 11230","Kings County","Brooklyn","1680 Ocean Ave #5l, Brooklyn, NY 11230, USA",40.6211681,-73.9559582,379
"Co-op for sale",815000,1,1,630,"New York, NY 10010","33 E 22nd St Apt 4FNew York, NY 10010","New York County","New York","33 E 22nd St #4f, New York, NY 10010, USA",40.7400376,-73.9876681,1293.65079365079
"Co-op for sale",599000,2,2,1200,"Brooklyn, NY 11209","321 93rd St Apt 2Brooklyn, NY 11209","Kings County","Brooklyn","321 93rd St Apt 2, Brooklyn, NY 11209, USA",40.6186895,-74.032363,499.166666666667
"Co-op for sale",280000,2,2,975,"Bronx, NY 10468","6 Fordham Hill Oval Apt 12GBronx, NY 10468","Bronx County","The Bronx","6 Fordham Hill Oval #12g, Bronx, NY 10468, USA",40.8651305,-73.9068012,287.179487179487
"House for sale",3999500,3,2.37386085796844,2184.207862,"Bronx, NY 10457","1800 Grand ConcourseBronx, NY 10457","New York","Bronx County","1800 Grand Concourse, Bronx, NY 10457, USA",40.847049,-73.9080117,1831.0986191295
"Multi-family home for sale",875000,9,6,5712,"Brooklyn, NY 11203","522 E 51st St Unit 6Brooklyn, NY 11203","Kings County","Brooklyn","522 E 51st St #6b, Brooklyn, NY 11203, USA",40.6488068,-73.9293919,153.186274509804
"Co-op for sale",310000,2,1,2184.207862,"Kew Gardens Hills, NY 11367","68-02 140th St Unit AKew Gardens Hills, NY 11367","New York","Queens County","68-2 140th St, Flushing, NY 11367, USA",40.7318363,-73.8270224,141.927883968032
"Townhouse for sale",1299900,6,4,2504,"Staten Island, NY 10303","13 Lake AveStaten Island, NY 10303","New York","Richmond County","13 Lake Ave, Staten Island, NY 10303, USA",40.636611,-74.150256,519.129392971246
"Condo for sale",2225000,2,2,1420,"New York, NY 10016","303 E 33rd St Apt 10ENew York, NY 10016","New York County","New York","303 E 33rd St #10e, New York, NY 10016, USA",40.744042,-73.9755798,1566.9014084507
"Condo for sale",1530000,2,2,1229,"Brooklyn, NY 11249","26 Broadway Apt 402Brooklyn, NY 11249","Kings County","Brooklyn","26 Broadway APT 402, Brooklyn, NY 11249, USA",40.7102454,-73.9682413,1244.91456468674
"House for sale",594900,3,2,1224,"Brooklyn, NY 11236","939 E 87th StBrooklyn, NY 11236","New York","Kings County","939 E 87th St, Brooklyn, NY 11236, USA",40.63818,-73.9071525,486.029411764706
"Multi-family home for sale",1080000,8,5,2184.207862,"Bronx, NY 10465","185 Throggs Neck BlvdBronx, NY 10465","New York","Bronx County","185 Throgs Neck Blvd, Bronx, NY 10465, USA",40.8167119,-73.8127515,494.458434469274
"Pending",1425000,4,3,2184.207862,"Flushing, NY 11358","159-18 28 AveFlushing, NY 11358","New York","Queens County","159-18 28th Ave, Flushing, NY 11358, USA",40.7719037,-73.8044794,652.410434369181
"Multi-family home for sale",1399888,7,4,3682,"Brooklyn, NY 11234","2083 Pearson StBrooklyn, NY 11234","New York","Kings County","2083 Pearson St, Brooklyn, NY 11234, USA",40.612845,-73.9182251,380.197718631179
"Co-op for sale",575000,2,2,2184.207862,"Rego Park, NY 11374","99-15 66th Ave Unit 5HRego Park, NY 11374","Queens County","Queens","99-15 66th Ave #5h, Flushing, NY 11374, USA",40.7287304,-73.8540818,263.253333166512
"Co-op for sale",850000,1,1,2184.207862,"Manhattan, NY 10014","720 Greenwich St Apt 7KManhattan, NY 10014","New York County","New York","720 Greenwich St Apt 7m, New York, NY 10014, USA",40.7343573,-74.0073312,389.157101202669
"Townhouse for sale",1288000,3,2,2184.207862,"Brooklyn, NY 11228","1114 78th StBrooklyn, NY 11228","New York","Kings County","1114 78th St, Brooklyn, NY 11228, USA",40.6208518,-74.0133836,589.687466292986
"Co-op for sale",309000,1,2,1074,"Floral Park, NY 11005","269-10 Grand Central Pkwy Unit 1AFloral Park, NY 11005","Queens County","Queens","269-10 Grand Central Pkwy #1a, Queens, NY 11005, USA",40.7577974,-73.7159601,287.709497206704
"Co-op for sale",999000,3,1,2184.207862,"New York, NY 10025","839 W End Ave Apt 2ANew York, NY 10025","New York County","New York","839 West End Ave #2a, New York, NY 10025, USA",40.7983784,-73.9712947,457.374051884078
"House for sale",2700000,5,2,2690,"Brooklyn, NY 11235","79 Dover StBrooklyn, NY 11235","New York","Kings County","79 Dover St, Brooklyn, NY 11235, USA",40.5801404,-73.9494604,1003.71747211896
"Co-op for sale",399000,3,2,2184.207862,"Manhattan, NY 10037","12 E 132nd St Apt 2AManhattan, NY 10037","New York County","New York","12 E 132nd St #2a, New York, NY 10037, USA",40.8102659,-73.9382868,182.674921623371
"House for sale",554900,3,2,1890,"Bronx, NY 10467","717 E 221st StBronx, NY 10467","New York","Bronx County","717 E 221st St, Bronx, NY 10467, USA",40.8849291,-73.8613097,293.597883597884
"Condo for sale",399000,1,1,561,"Brooklyn, NY 11235","2613 Emmons Ave Unit 326Brooklyn, NY 11235","Kings County","Brooklyn","2613 Emmons Ave #326, Brooklyn, NY 11235, USA",40.5839568,-73.9420847,711.229946524064
"Condo for sale",675000,2,2,904,"Rego Park, NY 11374","92-29 Queens Blvd Unit 7H116Rego Park, NY 11374","New York","Queens County","92-29 Queens Blvd, Rego Park, NY 11374, USA",40.7324713,-73.8670804,746.681415929204
"Co-op for sale",225000,1,1,2184.207862,"Whitestone, NY 11357","160-30 Cross Island Pkwy Unit 619Whitestone, NY 11357","Queens County","Queens","16030 Cross Island Pkwy #619, Whitestone, NY 11357, USA",40.7864852,-73.8017612,103.012173847765
"Multi-family home for sale",999999,3,2,2184.207862,"Elmhurst, NY 11373","94-24 53rd AveElmhurst, NY 11373","New York","Queens County","94-24 53rd Ave, Elmhurst, NY 11373, USA",40.7392278,-73.8677036,457.831425935962
"Condo for sale",1.3e+07,4,4,3844,"New York, NY 10014","385 W 12th St Ph WNew York, NY 10014","New York","New York County","385 W 12th St, New York, NY 10014, USA",40.7377131,-74.0087585,3381.89386056191
"Co-op for sale",235000,1,1,2184.207862,"Queens, NY 11415","118-18 Union Tpke Apt 15EQueens, NY 11415","Queens County","Queens","118-18 Union Tpke #15e, Kew Gardens, NY 11415, USA",40.7123992,-73.8339305,107.590492685444
"Co-op for sale",715000,3,1,983,"New York, NY 10003","229 E 14th St Apt 3ENew York, NY 10003","New York County","New York","229 E 14th St #3e, New York, NY 10003, USA",40.7329326,-73.9858654,727.36520854527
"Co-op for sale",565000,2,1,2184.207862,"New York City, NY 10002","550 Grand St Apt H11ENew York City, NY 10002","Kings County","Brooklyn","550 Grand St #11e, Brooklyn, NY 11211, USA",40.7108846,-73.9496434,258.675014328833
"Townhouse for sale",1650000,7,6,2184.207862,"Manhattan, NY 10031","525 W 150th StManhattan, NY 10031","New York","New York County","525 W 150th St, New York, NY 10031, USA",40.8290653,-73.9463359,755.422608216946
"Co-op for sale",1200000,2,2,1100,"Brooklyn, NY 11218","185 Prospect Park SW Apt 304Brooklyn, NY 11218","Kings County","Brooklyn","185 Prospect Park Southwest Apt 304, Brooklyn, NY 11218, USA",40.6533033,-73.9730719,1090.90909090909
"Multi-family home for sale",3975000,4,4,3181,"Brooklyn, NY 11222","146 Newel StBrooklyn, NY 11222","New York","Kings County","146 Newel St, Brooklyn, NY 11222, USA",40.7273631,-73.948662,1249.60704181075
"Co-op for sale",1049000,2,1,2184.207862,"New York, NY 10014","376 West St Apt 2BNew York, NY 10014","New York County","New York","376 West St #2b, New York, NY 10014, USA",40.7316025,-74.0100989,480.265646072471
"House for sale",949900,4,2,1680,"Staten Island, NY 10314","489 Maine AveStaten Island, NY 10314","New York","Richmond County","489 Maine Ave, Staten Island, NY 10314, USA",40.6217558,-74.1413145,565.416666666667
"Multi-family home for sale",1199000,6,3,2184.207862,"Middle Village, NY 11379","79-28 68th AveMiddle Village, NY 11379","New York","Queens County","79-28 68th Ave, Middle Village, NY 11379, USA",40.711017,-73.8723608,548.940428637648
"Pending",765000,4,2,2184.207862,"Little Neck, NY 11362","46-10 Glenwood StLittle Neck, NY 11362","New York","Queens County","46-10 Glenwood St, Flushing, NY 11362, USA",40.7714061,-73.732929,350.241391082402
"Townhouse for sale",849000,3,2,1296,"Middle Village, NY 11379","66-27 Gray StMiddle Village, NY 11379","New York","Queens County","66-27 Gray St, Flushing, NY 11379, USA",40.7149915,-73.8775275,655.092592592593
"Multi-family home for sale",999000,4,3,2184.207862,"Maspeth, NY 11378","60-65 55th StMaspeth, NY 11378","New York","Queens County","60-65 55th St, Flushing, NY 11378, USA",40.7148444,-73.9102315,457.374051884078
"Multi-family home for sale",1280000,9,6,2184.207862,"Corona, NY 11368","99-11 43rd AveCorona, NY 11368","New York","Queens County","99-11 43rd Ave, Flushing, NY 11368, USA",40.7468366,-73.8644973,586.024811222843
"Pending",1999000,3,4,2840,"Brooklyn, NY 11235","158 Jaffrey StBrooklyn, NY 11235","New York","Kings County","158 Jaffray St, Brooklyn, NY 11235, USA",40.5789619,-73.9430773,703.87323943662
"Co-op for sale",560000,1,1,700,"New York, NY 10016","200 E 36th St Apt 17GNew York, NY 10016","New York County","New York","200 E 36th St #17g, New York, NY 10016, USA",40.7467649,-73.976998,800
"Multi-family home for sale",1450000,5,4,3252,"Staten Island, NY 10312","169 Crown AveStaten Island, NY 10312","New York","Richmond County","169 Crown Ave, Staten Island, NY 10312, USA",40.5504262,-74.186404,445.879458794588
"Multi-family home for sale",1599000,5,3,2424,"Brooklyn, NY 11234","2230 National DrBrooklyn, NY 11234","New York","Kings County","2230 National Dr, Brooklyn, NY 11234, USA",40.6062747,-73.9157858,659.653465346535
"Co-op for sale",255000,1,1,650,"Forest Hills, NY 11375","66-36 Yellowstone Blvd Unit 26CForest Hills, NY 11375","Queens County","Queens","6636 Yellowstone Blvd Apt 26b, Forest Hills, NY 11375, USA",40.7291499,-73.84944,392.307692307692
"Co-op for sale",995000,2,2,2184.207862,"Manhattan, NY 10011","425 W 24th St Apt 1EManhattan, NY 10011","New York County","New York","425 W 24th St #1a, New York, NY 10011, USA",40.747844,-74.00189,455.542724349007
"Co-op for sale",569000,2,2,2184.207862,"Rego Park, NY 11374","61-15 97th St Unit 14FRego Park, NY 11374","Queens County","Queens","61-15 97th St #14f, Rego Park, NY 11374, USA",40.7337965,-73.8620837,260.506341863904
"Co-op for sale",7195000,3,4,2184.207862,"Manhattan, NY 10065","812 Fifth Ave Unit 10AManhattan, NY 10065","New York County","New York","812 5th Ave #10a, New York, NY 10065, USA",40.7662872,-73.9711965,3294.10040370965
"Co-op for sale",398000,3,1,2184.207862,"Astoria, NY 11105","21-77 33rd St Unit 4FAstoria, NY 11105","Queens County","Queens","21-77 33rd St #4f, Astoria, NY 11105, USA",40.7753841,-73.90928,182.217089739603
"Townhouse for sale",3200000,4,4,3200,"Brooklyn, NY 11231","556 Henry StBrooklyn, NY 11231","New York","Kings County","556 Henry St, Brooklyn, NY 11231, USA",40.6820276,-74.000601,1000
"House for sale",799999,3,4,2337,"Staten Island, NY 10309","619 Johnston TerStaten Island, NY 10309","New York","Richmond County","619 Johnston Terrace, Staten Island, NY 10309, USA",40.513375,-74.202668,342.318784766795
"Pending",758888,4,2,2184.207862,"Elmhurst, NY 11373","40-26 Benham StElmhurst, NY 11373","New York","Queens County","40-26 Benham St, Elmhurst, NY 11373, USA",40.7479833,-73.8746835,347.443122608813
"House for sale",619999,3,2,2184.207862,"Brownville, NY 11212","572 Junius StBrownville, NY 11212","New York","Kings County","572 Junius St, Brooklyn, NY 11212, USA",40.6603335,-73.9008479,283.855310104181
"Condo for sale",198000,1,1,1000,"Staten Island, NY 10301","1100 Clove Rd Apt GlStaten Island, NY 10301","New York","Richmond County","1100 Clove Rd, Staten Island, NY 10301, USA",40.6189484,-74.1071576,198
"House for sale",485000,2,1,560,"Brooklyn, NY 11235","2800 Brown StBrooklyn, NY 11235","New York","Kings County","2800 Brown St, Brooklyn, NY 11235, USA",40.585215,-73.937245,866.071428571429
"House for sale",859000,3,2,2184.207862,"Brooklyn, NY 11234","2062 Royce StBrooklyn, NY 11234","New York","Kings County","2062 Royce St, Brooklyn, NY 11234, USA",40.621997,-73.905326,393.27758815658
"Co-op for sale",359000,2,1,2184.207862,"Bayside, NY 11360","16-29 212 St Unit 105Bayside, NY 11360","Queens County","Queens","1629 212th St # 105, Bayside, NY 11360, USA",40.7838199,-73.78072,164.361646272657
"Co-op for sale",725000,2,2,2184.207862,"Queens, NY 11372","35-56 77th St Unit 41Queens, NY 11372","Queens County","Queens","3556 77th St Apt 41, Jackson Heights, NY 11372, USA",40.7512999,-73.88932,331.928115731689
"Co-op for sale",575000,2,1,2184.207862,"Sunnyside, NY 11104","46-01 39 Ave Unit 514Sunnyside, NY 11104","Queens County","Queens","4601 39th Ave Apt 514, Sunnyside, NY 11104, USA",40.7493599,-73.91745,263.253333166512
"Multi-family home for sale",1288000,5,5,2500,"Woodside, NY 11377","48-36 65th PlWoodside, NY 11377","New York","Queens County","48-36 65th Pl, Flushing, NY 11377, USA",40.7374104,-73.9002424,515.2
"House for sale",589000,2,2,1808,"Staten Island, NY 10308","18 Harbour CtStaten Island, NY 10308","New York","Richmond County","18 Harbour Ct, Staten Island, NY 10308, USA",40.5383835,-74.1433088,325.774336283186
"Co-op for sale",239000,1,1,2184.207862,"Forest Hills, NY 11375","111-31 66th Ave Unit 2CForest Hills, NY 11375","Queens County","Queens","111- 31 66th Ave #2c, Forest Hills, NY 11375, USA",40.7318103,-73.8443526,109.421820220515
"Townhouse for sale",2050000,7,4,5200,"Manhattan, NY 10035","213 E 120th StManhattan, NY 10035","New York","New York County","213 E 120th St, New York, NY 10035, USA",40.8003622,-73.9373581,394.230769230769
"Co-op for sale",9e+05,2,2,2184.207862,"Manhattan, NY 10024","2166 Broadway Apt 11FManhattan, NY 10024","New York County","New York","2166 Broadway Apt 11b, New York, NY 10024, USA",40.7819299,-73.9807097,412.048695391062
"Co-op for sale",219000,3,1,550,"Brooklyn, NY 11230","1119 Ocean Pkwy Unit 1OBrooklyn, NY 11230","Kings County","Brooklyn","1119 Ocean Pkwy #1b, Brooklyn, NY 11230, USA",40.621071,-73.969227,398.181818181818
"Condo for sale",1795000,3,2,1773,"New York, NY 10027","380 Lenox Ave Apt 2DNew York, NY 10027","New York County","New York","380 Lenox Ave #2d, New York, NY 10037, USA",40.810446,-73.943187,1012.40834743373
"Multi-family home for sale",2290000,4,5,2184.207862,"Bayside, NY 11360","13-63 209th StBayside, NY 11360","New York","Queens County","13-63 209th St, Flushing, NY 11360, USA",40.7869532,-73.7833849,1048.43501382837
"Condo for sale",699000,2,2,1519,"Manhattan, NY 10030","2322 Adam Clayton Powell Jr Blvd Apt 1CManhattan, NY 10030","New York County","New York","2322 Adam Clayton Powell Jr Blvd #1c, New York, NY 10030, USA",40.8163359,-73.9434447,460.17116524029
"House for sale",998000,3,2,2184.207862,"Fresh Meadows, NY 11365","48-23 193rd StFresh Meadows, NY 11365","New York","Queens County","80-48 193rd St, Jamaica, NY 11423, USA",40.7288044,-73.7772174,456.916220000311
"House for sale",1100000,3,2.37386085796844,2184.207862,"Brooklyn, NY 11210","1534 E 22nd StBrooklyn, NY 11210","New York","Kings County","1534 E 22nd St, Brooklyn, NY 11210, USA",40.6143817,-73.9525027,503.615072144631
"Multi-family home for sale",2198888,11,6,2184.207862,"Ridgewood, NY 11385","558 Seneca AveRidgewood, NY 11385","New York","Queens County","558 Seneca Ave, Ridgewood, NY 11385, USA",40.7047192,-73.9112269,1006.72103523451
"Co-op for sale",425000,3,2,1300,"Forest Hills, NY 11375","61-20 Grand Central Pkwy Unit C505Forest Hills, NY 11375","Queens County","Queens","61-20 Grand Central Pkwy #505, Forest Hills, NY 11375, USA",40.7379227,-73.8470718,326.923076923077
"Condo for sale",2750000,3,3,2782,"Brooklyn, NY 11231","160 Imlay St Unit 6D2Brooklyn, NY 11231","New York","Kings County","160 Imlay St, Brooklyn, NY 11231, USA",40.6811053,-74.0098135,988.497483824587
"Co-op for sale",279999,1,1,790,"Brooklyn, NY 11235","3235 Emmons Ave Apt 412Brooklyn, NY 11235","Kings County","Brooklyn","3235 Emmons Ave Apt 412, Brooklyn, NY 11235, USA",40.5844399,-73.9316116,354.429113924051
"House for sale",715000,3,2,2184.207862,"Woodhaven, NY 11421","85-10 79th StWoodhaven, NY 11421","New York","Queens County","85-10 79th St, Jamaica, NY 11421, USA",40.6951138,-73.8648093,327.34979689401
"Condo for sale",980000,3,3,1574,"Brooklyn, NY 11223","1740 W 4th St Apt 4CBrooklyn, NY 11223","Kings County","Brooklyn","1740 W 4th St #4c, Brooklyn, NY 11223, USA",40.6050673,-73.9776246,622.617534942821
"Multi-family home for sale",949000,6,3,2184.207862,"Hollis, NY 11423","198-06 100th AveHollis, NY 11423","New York","Queens County","198-06 100th Ave, Jamaica, NY 11423, USA",40.7099626,-73.7608766,434.482457695686
"Co-op for sale",1600000,4,2,2350,"New York, NY 10004","26 Beaver St Apt 4New York, NY 10004","New York County","New York","26 Beaver St Apt 4, New York, NY 10004, USA",40.7048255,-74.0118183,680.851063829787
"Co-op for sale",640000,2,1,2184.207862,"New York, NY 10003","85 First Ave Unit 7BNew York, NY 10003","United States","New York","1st Ave., New York, NY 10003, USA",40.7301239,-73.9834424,293.012405611422
"Multi-family home for sale",1299999,7,5,2184.207862,"Brooklyn, NY 11234","2042 Ralph Ave Unit 4Brooklyn, NY 11234","Kings County","Brooklyn","2042 Ralph Ave #4, Brooklyn, NY 11234, USA",40.627685,-73.918487,595.180991066316
"Co-op for sale",250000,1,2,740,"Bronx, NY 10471","6300 Riverdale Ave Apt 5KBronx, NY 10471","United States","New York","6300 Riverdale Ave #5k, Bronx, NY 10471, USA",40.9127295,-73.9022248,337.837837837838
"Pending",1188000,3,2.37386085796844,2184.207862,"Jamaica, NY 11432","85-34 Chevy Chase StJamaica, NY 11432","New York","Queens County","85-34 Chevy Chase St, Jamaica, NY 11432, USA",40.7199051,-73.7781913,543.904277916201
"Multi-family home for sale",1350000,7,4,2800,"Elmhurst, NY 11373","94-35 Corona AveElmhurst, NY 11373","New York","Queens County","94-35 Corona Ave., Elmhurst, NY 11373, USA",40.7424208,-73.8687143,482.142857142857
"Contingent",725000,3,2.37386085796844,1498,"Staten Island, NY 10314","32 Poi CtStaten Island, NY 10314","New York","Richmond County","32 Poi Ct, Staten Island, NY 10314, USA",40.5887531,-74.1613951,483.978638184246
"Co-op for sale",309000,1,1,850,"Forest Hills, NY 11375","66-36 Yellowstone Blvd Unit 14AForest Hills, NY 11375","Queens County","Queens","6636 Yellowstone Blvd Apt 14e, Forest Hills, NY 11375, USA",40.7291499,-73.84944,363.529411764706
"House for sale",914999,4,2,2184.207862,"College Point, NY 11356","121-26 7th AveCollege Point, NY 11356","New York","Queens County","121-26 7th Ave, Flushing, NY 11356, USA",40.790645,-73.846559,418.915715815696
"Condo for sale",6e+05,3,1,2184.207862,"New York, NY 10036","500 W 43rd St Apt 23ANew York, NY 10036","New York County","New York","500 W 43rd St #23a, New York, NY 10036, USA",40.7602412,-73.9954328,274.699130260708
"House for sale",1750000,4,3,3225,"Brooklyn, NY 11209","7316 Ridge BlvdBrooklyn, NY 11209","New York","Kings County","7316 Ridge Blvd, Brooklyn, NY 11209, USA",40.633166,-74.0303565,542.635658914729
"Condo for sale",950000,3,2,1401,"Brooklyn, NY 11223","1740 W 4th St Apt 5FBrooklyn, NY 11223","Kings County","Brooklyn","1740 W 4th St #5f, Brooklyn, NY 11223, USA",40.6050673,-73.9776246,678.087080656674
"Multi-family home for sale",850000,5,3,2184.207862,"Brooklyn, NY 11208","213 Milford StBrooklyn, NY 11208","New York","Kings County","213 Milford St, Brooklyn, NY 11208, USA",40.6742588,-73.8767881,389.157101202669
"Condo for sale",5e+06,2,2,2522,"New York, NY 10012","139 Spring St Apt 3BNew York, NY 10012","New York County","New York","139 Spring St #3b, New York, NY 10012, USA",40.7242452,-74.0008671,1982.55352894528
"House for sale",1050000,3,2,1870,"Bronx, NY 10465","835 Dean AveBronx, NY 10465","New York","Bronx County","835 Dean Ave, Bronx, NY 10465, USA",40.8325495,-73.8167031,561.497326203209
"Condo for sale",1390000,4,3,1950,"Brooklyn, NY 11204","1840 52nd St Apt 7Brooklyn, NY 11204","Kings County","Brooklyn","1840 52nd St APT 7, Brooklyn, NY 11204, USA",40.6259793,-73.9821859,712.820512820513
"Co-op for sale",4e+05,3,1,2184.207862,"Manhattan, NY 10012","110 Thompson St Apt 3DManhattan, NY 10012","New York County","New York","110 Thompson St #3d, New York, NY 10012, USA",40.7257358,-74.0017575,183.132753507138
"House for sale",750000,3,2,2184.207862,"South Ozone Park, NY 11420","116-59 120th StSouth Ozone Park, NY 11420","New York","Queens County","11659 120th St, Jamaica, NY 11420, USA",40.6743844,-73.8184378,343.373912825885
"Condo for sale",9995000,3,4,2926,"Manhattan, NY 10016","368 Third Ave Ph BManhattan, NY 10016","New York County","New York","368 3rd Ave Ph B, New York, NY 10016, USA",40.7412931,-73.981837,3415.92617908407
"Co-op for sale",529000,2,2,1200,"Elmhurst, NY 11373","4150 78th St Apt 222Elmhurst, NY 11373","Queens County","Queens","41-50 78th St #222, Elmhurst, NY 11373, USA",40.7438826,-73.8873872,440.833333333333
"House for sale",1328888,3,2,1440,"Brooklyn, NY 11204","1534 W 9th StBrooklyn, NY 11204","New York","Kings County","1534 W 9th St, Brooklyn, NY 11204, USA",40.6094603,-73.9831636,922.838888888889
"Townhouse for sale",478888,2,2,1159,"Staten Island, NY 10314","119 Richmond Hill RdStaten Island, NY 10314","New York","Richmond County","119 Richmond Hill Rd, Staten Island, NY 10314, USA",40.5872305,-74.1641299,413.190681622088
"Condo for sale",1350000,1,1,850,"New York, NY 10021","50 E 72nd St Unit 3DNew York, NY 10021","New York County","New York","50 E 72nd St #3d, New York, NY 10021, USA",40.7711516,-73.9646688,1588.23529411765
"Co-op for sale",2250000,2,2,2184.207862,"New York, NY 10014","288 W 12th St # 3FRNew York, NY 10014","New York County","New York","288 W 12th St #3f, New York, NY 10014, USA",40.7373809,-74.0040989,1030.12173847765
"House for sale",728000,2,1,1440,"Flushing, NY 11358","160-44 26th AveFlushing, NY 11358","New York","Queens County","160-44 26th Ave, Flushing, NY 11358, USA",40.7731565,-73.8027586,505.555555555556
"Co-op for sale",239900,1,1,2184.207862,"Whitestone, NY 11357","163-02 17 Ave Unit 1Whitestone, NY 11357","New York","Queens County","163- 2 17th Ave, Whitestone, NY 11357, USA",40.7828417,-73.8000905,109.833868915906
"For sale",3399000,6,4,5000,"Brooklyn, NY 11238","168 Lefferts PlBrooklyn, NY 11238","New York","Kings County","168 Lefferts Pl, Brooklyn, NY 11238, USA",40.6804045,-73.9573819,679.8
"Condo for sale",2750000,2,2,1892,"New York, NY 10003","205 E 16th St Apt 4ANew York, NY 10003","New York County","New York","205 E 16th St #4a, New York, NY 10003, USA",40.7345957,-73.9855511,1453.48837209302
"Condo for sale",2095000,2,2,1600,"New York, NY 10022","401 E 60th St Apt 17ANew York, NY 10022","New York County","New York","401 E 60th St #17a, New York, NY 10022, USA",40.7603031,-73.9610497,1309.375
"Co-op for sale",199900,3,1,550,"Forest Hills, NY 11375","66-36 Yellowstone Blvd Unit 23CForest Hills, NY 11375","Queens County","Queens","6636 Yellowstone Blvd Apt 23h, Forest Hills, NY 11375, USA",40.7291499,-73.84944,363.454545454545
"Co-op for sale",2500000,3,3,2184.207862,"Manhattan, NY 10023","336 W End Ave Unit 17AFManhattan, NY 10023","New York County","New York","336 West End Ave #17a, New York, NY 10023, USA",40.7821377,-73.9824061,1144.57970941962
"Multi-family home for sale",1399999,4,4,2776,"Staten Island, NY 10312","196 Bennett AveStaten Island, NY 10312","New York","Richmond County","196 Bennett Ave, Staten Island, NY 10312, USA",40.5365656,-74.1839422,504.322406340058
"House for sale",2300000,3,2,2800,"College Point, NY 11356","712 126th StCollege Point, NY 11356","New York","Queens County","712 126th St, College Point, NY 11356, USA",40.7903373,-73.8420291,821.428571428571
"House for sale",735000,3,2,2184.207862,"South Ozone Park, NY 11420","115-15 127th StSouth Ozone Park, NY 11420","New York","Queens County","115-15 127th St, South Ozone Park, NY 11420, USA",40.6787631,-73.8121482,336.506434569367
"Co-op for sale",399990,2,1,1000,"Forest Hills, NY 11375","71-36 110 St Unit 3LForest Hills, NY 11375","Queens County","Queens","71-36 110th St #3a, Flushing, NY 11375, USA",40.7213566,-73.8414009,399.99
"Multi-family home for sale",850000,3,3,2646,"Brooklyn, NY 11235","3029 Brighton 5th StBrooklyn, NY 11235","New York","Kings County","3029 Brighton 5th St, Brooklyn, NY 11235, USA",40.5786954,-73.9626508,321.239606953893
"Co-op for sale",215000,3,1,625,"Rego Park, NY 11374","6333 98th Pl Apt 3LRego Park, NY 11374","Queens","Rego Park","Parking lot, 6333 98th Pl #3c, Rego Park, NY 11374, USA",40.7318415,-73.8574816,344
"Condo for sale",16995000,4,4,3310,"New York, NY 10010","23 E 22nd St Unit 55BNew York, NY 10010","New York","Manhattan","One Madison, 23 E 22nd St #55A, New York, NY 10010, USA",40.7405179,-73.9881093,5134.44108761329
"Co-op for sale",1195000,3,2,2184.207862,"New York, NY 10025","250 W 103rd St Apt 2BNew York, NY 10025","New York County","New York","250 W 103rd St #2b, New York, NY 10025, USA",40.7992102,-73.9695499,547.109101102576
"Co-op for sale",679000,1,1,2184.207862,"Manhattan, NY 10033","200 Cabrini Blvd Apt 117Manhattan, NY 10033","New York County","New York","200 Cabrini Blvd Apt 117, New York, NY 10033, USA",40.853549,-73.9392769,310.867849078368
"Contingent",299998,2,1,1200,"Staten Island, NY 10305","412 Maryland Ave Apt 3AStaten Island, NY 10305","Richmond County","Staten Island","412 Maryland Ave #3a, Staten Island, NY 10305, USA",40.608288,-74.07426,249.998333333333
"Condo for sale",690000,2,2,942,"Brooklyn, NY 11204","1569 W 7th St Apt 3ABrooklyn, NY 11204","Kings County","Brooklyn","1569 W 7th St #3a, Brooklyn, NY 11204, USA",40.6088021,-73.9805695,732.484076433121
"Co-op for sale",185000,2,1,854,"Brooklyn, NY 11229","2250 Brigham St Apt 3GBrooklyn, NY 11229","Kings County","Brooklyn","2250 Brigham St #3g, Brooklyn, NY 11229, USA",40.5977235,-73.9352176,216.627634660422
"Pending",859000,3,2,2184.207862,"Forest Hills, NY 11375","110-38 64 Ave Units 36B & 35Forest Hills, NY 11375","New York","Queens County","110-38 64th Ave, Forest Hills, NY 11375, USA",40.7339078,-73.845842,393.27758815658
"Multi-family home for sale",928888,4,2,1480,"College Point, NY 11356","12-12 120th StCollege Point, NY 11356","New York","Queens County","12-12 120th St, Flushing, NY 11356, USA",40.787297,-73.848086,627.627027027027
"Condo for sale",780000,2,2,955,"Flushing, NY 11355","132-59 41st Rd Unit 6CFlushing, NY 11355","Queens County","Queens","132-59 41st Rd #6c, Flushing, NY 11355, USA",40.7565584,-73.8317042,816.753926701571
"House for sale",1190000,3,2,1360,"Brooklyn, NY 11209","260 89th StBrooklyn, NY 11209","New York","Kings County","260 89th St, Brooklyn, NY 11209, USA",40.6214197,-74.0328467,875
"Co-op for sale",1400000,2,2,2184.207862,"New York, NY 10023","201 W 70th St Apt 8CNew York, NY 10023","New York County","New York","201 W 70th St #8c, New York, NY 10023, USA",40.7776749,-73.9829506,640.964637274985
"Co-op for sale",599000,2,1,1100,"Manhattan, NY 10016","310 Lexington Ave Apt 1FManhattan, NY 10016","New York County","New York","310 Lexington Ave #1b, New York, NY 10016, USA",40.7487581,-73.9782786,544.545454545455
"Condo for sale",639999,3,2,1180,"Bronx, NY 10463","3816 Waldo Ave Apt 3BBronx, NY 10463","Bronx County","The Bronx","3816 Waldo Ave #3b, Bronx, NY 10463, USA",40.8874214,-73.9034179,542.372033898305
"Co-op for sale",799000,1,1,2184.207862,"New York, NY 10001","430 W 34th St Apt 12HNew York, NY 10001","New York County","New York","430 W 34th St. #12h, New York, NY 10001, USA",40.7536573,-73.9975607,365.807675130509
"Condo for sale",14950000,3,4,3228,"New York, NY 10010","39 W 23rd StNew York, NY 10010","New York","New York County","39 W 23rd St, New York, NY 10010, USA",40.7423282,-73.9911409,4631.35068153656
"House for sale",749000,3,2,1600,"Staten Island, NY 10312","476 Robinson AveStaten Island, NY 10312","New York","Richmond County","476 Robinson Ave, Staten Island, NY 10312, USA",40.544867,-74.159159,468.125
"Condo for sale",2999999,4,4,3100,"New York, NY 10029","1280 Fifth Ave # 8BCNew York, NY 10029","New York County","New York","1280 5th Ave #8b, New York, NY 10029, USA",40.7961886,-73.949116,967.741612903226
"Pending",599000,2,3,2184.207862,"Manhattan, NY 10019","457 W 57th St Unit 809Manhattan, NY 10019","New York County","New York","457 W 57th St #809, New York, NY 10019, USA",40.768983,-73.987526,274.24129837694
"Co-op for sale",2700000,2,2,2184.207862,"New York, NY 10003","43 Fifth Ave # 8NWNew York, NY 10003","New York County","New York","43 5th Ave #8b, New York, NY 10003, USA",40.7340159,-73.9946266,1236.14608617318
"Townhouse for sale",3995000,4,4,3412,"Brooklyn, NY 11231","98 Degraw StBrooklyn, NY 11231","New York","Kings County","98 Degraw St, Brooklyn, NY 11231, USA",40.6857092,-74.003264,1170.86752637749
"House for sale",2235000,3,4,2750,"Brooklyn, NY 11235","194 Falmouth StBrooklyn, NY 11235","New York","Kings County","194 Falmouth St, Brooklyn, NY 11235, USA",40.577846,-73.946577,812.727272727273
"House for sale",620000,3,2,1400,"Bronx, NY 10461","1724 Hutchinson River PkwyBronx, NY 10461","New York","Bronx County","1724 Hutchinson Riv Pkwy, Bronx, NY 10461, USA",40.8464353,-73.8358298,442.857142857143
"Co-op for sale",1695000,4,4,2184.207862,"New York, NY 10038","55 Liberty St Ph 31ANew York, NY 10038","New York County","New York","55 Liberty St Ph 31A, New York, NY 10005, USA",40.7088048,-74.009407,776.025042986499
"Condo for sale",1999999,3,2,1865,"Brooklyn, NY 11222","61 N Henry St Unit GardenBrooklyn, NY 11222","New York","Kings County","61 N Henry St, Brooklyn, NY 11222, USA",40.7213959,-73.9430921,1072.3855227882
"Condo for sale",1150000,2,2,1850,"Bayside, NY 11360","12-29 Estates Ln Unit 223LBayside, NY 11360","Queens County","Queens","12-29 Estates Ln #223, Bayside, NY 11360, USA",40.7878758,-73.786717,621.621621621622
"Co-op for sale",339000,2,1,822,"Bronx, NY 10465","59A Edgewater Park Unit ABronx, NY 10465","New York","Bronx County","59 Edgewater Park, Bronx, NY 10465, USA",40.8224967,-73.8110903,412.408759124088
"House for sale",1390000,5,2,2184.207862,"Woodside, NY 11377","66-05 Garfield AveWoodside, NY 11377","New York","Queens County","66-05 Garfield Ave, Flushing, NY 11377, USA",40.7358829,-73.8988063,636.386318437306
"House for sale",938000,3,2,1836,"East Elmhurst, NY 11370","19-26 81st StEast Elmhurst, NY 11370","New York","Queens County","19-26 81st St, Flushing, NY 11370, USA",40.772306,-73.8896045,510.893246187364
"House for sale",919000,6,3,5400,"Brooklyn, NY 11226","2911 Avenue DBrooklyn, NY 11226","New York","Kings County","2911 Avenue D, Brooklyn, NY 11226, USA",40.6410944,-73.9490931,170.185185185185
"Co-op for sale",425000,3,2,1150,"Bronx, NY 10471","4705 Henry Hudson Pkwy W Apt 7JBronx, NY 10471","Bronx County","The Bronx","4705 Henry Hudson Pkwy W #7j, Bronx, NY 10471, USA",40.8952914,-73.9089308,369.565217391304
"Multi-family home for sale",1249000,5,2,2184.207862,"Brooklyn, NY 11208","2798 Pitkin AveBrooklyn, NY 11208","New York","Kings County","2798 Pitkin Ave, Brooklyn, NY 11208, USA",40.6756643,-73.8687143,571.83202282604
"Co-op for sale",799000,2,2,1000,"New York, NY 10017","325 E 41st St Apt 509New York, NY 10017","New York County","New York","325 E 41st St Apt 509, New York, NY 10017, USA",40.7490288,-73.9719957,799
"Co-op for sale",475000,1,1,750,"Brooklyn, NY 11201","100 Remsen St Apt 8KBrooklyn, NY 11201","Kings County","Brooklyn","100 Remsen St #8c, Brooklyn, NY 11201, USA",40.6939582,-73.9943695,633.333333333333
"Townhouse for sale",3800000,6,4,3340,"Brooklyn, NY 11215","464 5th StBrooklyn, NY 11215","New York","Kings County","464 5th St, Brooklyn, NY 11215, USA",40.6694134,-73.9802538,1137.7245508982
"Co-op for sale",325000,3,1,1200,"Brooklyn, NY 11235","3021 Avenue Z Apt 2HBrooklyn, NY 11235","Kings County","Brooklyn","3021 Avenue Z #2h, Brooklyn, NY 11235, USA",40.590397,-73.935927,270.833333333333
"Condo for sale",1200000,2,2,1200,"Manhattan, NY 10005","50 Pine St Apt 8SManhattan, NY 10005","New York County","New York","50 Pine St APT 8N, New York, NY 10005, USA",40.7069134,-74.0085778,1000
"House for sale",6975000,2,2,3050,"New York, NY 10012","200 Mercer St Apt 5ENew York, NY 10012","New York County","New York","200 Mercer St #5e, New York, NY 10012, USA",40.7265669,-73.9967609,2286.88524590164
"Condo for sale",1150000,2,2,2184.207862,"New York, NY 10038","90 William St Apt 16GNew York, NY 10038","New York County","New York","90 William St #16g, New York, NY 10038, USA",40.7081041,-74.0074731,526.506666333023
"House for sale",2400000,4,4,3424,"Brooklyn, NY 11216","867 Sterling PlBrooklyn, NY 11216","New York","Kings County","867 Sterling Pl, Brooklyn, NY 11216, USA",40.6727282,-73.9497962,700.934579439252
"Co-op for sale",3500000,4,4,2700,"New York, NY 10019","325 W 52nd St Ph GNew York, NY 10019","New York","New York County","325 W 52nd St, New York, NY 10019, USA",40.7641121,-73.9862772,1296.2962962963
"House for sale",769000,3,2,2184.207862,"Kew Gardens, NY 11415","8496 Austin StKew Gardens, NY 11415","New York","Queens County","84-96 Austin St, Jamaica, NY 11415, USA",40.7061049,-73.8263931,352.072718617474
"House for sale",2975000,4,4,2968,"New York, NY 10128","333 E 91st St Unit 12CDNew York, NY 10128","New York County","New York","333 E 91st St #12c, New York, NY 10128, USA",40.7803429,-73.947266,1002.35849056604
"Multi-family home for sale",1860000,6,4,2184.207862,"Whitestone, NY 11357","149-42 17th RdWhitestone, NY 11357","New York","Queens County","149-42 17th Rd, Whitestone, NY 11357, USA",40.7832802,-73.8149701,851.567303808194
"Condo for sale",1250000,2,2,1257,"Flushing, NY 11354","131-01 40th Rd Unit 8GFlushing, NY 11354","Queens County","Queens","131-01 40th Rd #8c, Flushing, NY 11354, USA",40.7561213,-73.8368085,994.431185361973
"Co-op for sale",220000,1,1,750,"Little Neck, NY 11362","245-54 62nd Ave Unit LowerLittle Neck, NY 11362","New York","Queens County","245-54 62nd Ave, Douglaston, NY 11362, USA",40.7554479,-73.7319604,293.333333333333
"Multi-family home for sale",1179987,5,4,4143,"Staten Island, NY 10307","7069 Amboy RdStaten Island, NY 10307","New York","Richmond County","7069 Amboy Rd, Staten Island, NY 10307, USA",40.515005,-74.235135,284.814627081825
"Multi-family home for sale",949000,7,6,3733,"Bronx, NY 10456","1040 Clay AveBronx, NY 10456","New York","Bronx County","1040 Clay Ave, Bronx, NY 10456, USA",40.8282987,-73.91272,254.219126707742
"House for sale",920000,5,4,2184.207862,"Brooklyn, NY 11203","468 E 46th StBrooklyn, NY 11203","New York","Kings County","468 E 46th St, Brooklyn, NY 11203, USA",40.6502862,-73.9343518,421.205333066419
"Contingent",699000,3,2,1312,"Staten Island, NY 10308","74 Greencroft AveStaten Island, NY 10308","New York","Richmond County","74 Greencroft Ave, Staten Island, NY 10308, USA",40.5513508,-74.1356934,532.774390243902
"Co-op for sale",4e+06,3,2,2300,"New York, NY 10024","52 Riverside Dr Apt 16ANew York, NY 10024","New York County","New York","52 Riverside Dr #16a, New York, NY 10024, USA",40.7840425,-73.9833243,1739.13043478261
"House for sale",649000,3,3,1456,"Staten Island, NY 10314","58 Roanoke StStaten Island, NY 10314","New York","Richmond County","58 Roanoke St, Staten Island, NY 10314, USA",40.5972983,-74.1347274,445.741758241758
"Condo for sale",1175000,1,2,1070,"New York, NY 10019","40 W 55th St Apt 4DNew York, NY 10019","New York County","New York","40 W 55th St #4d, New York, NY 10019, USA",40.7622732,-73.9767193,1098.1308411215
"House for sale",995000,2,2,800,"Brooklyn, NY 11223","1809 W 3rd StBrooklyn, NY 11223","New York","Kings County","1809 W 3rd St, Brooklyn, NY 11223, USA",40.603454,-73.9756682,1243.75
"Condo for sale",1595000,3,2,1375,"Brooklyn, NY 11222","149 Dupont St Apt 3Brooklyn, NY 11222","Kings County","Brooklyn","149 Dupont St #3, Brooklyn, NY 11222, USA",40.7361991,-73.9538716,1160
"Co-op for sale",435000,3,1,2184.207862,"Manhattan, NY 10012","110 Thompson St Apt 2EManhattan, NY 10012","New York County","New York","110 Thompson St #2a, New York, NY 10012, USA",40.7257358,-74.0017575,199.156869439013
"Condo for sale",1338000,3,2,2082,"Staten Island, NY 10301","90 Bay Street Lndg Apt 8GStaten Island, NY 10301","Richmond County","Staten Island","90 Bay Street Landing #8g, Staten Island, NY 10301, USA",40.6403656,-74.0737574,642.651296829971
"House for sale",499000,2,2,1146,"Bronx, NY 10466","4302 Boyd AveBronx, NY 10466","New York","Bronx County","4302 Boyd Ave, Bronx, NY 10466, USA",40.8955154,-73.8510754,435.42757417103
"Multi-family home for sale",2280000,6,5,2184.207862,"Flushing, NY 11358","40-18 190th StFlushing, NY 11358","New York","Queens County","40-18 190th St, Flushing, NY 11358, USA",40.7603734,-73.7918178,1043.85669499069
"House for sale",660000,3,2,2184.207862,"Brooklyn, NY 11207","949 Schenck AveBrooklyn, NY 11207","New York","Kings County","949 Schenck Ave, Brooklyn, NY 11207, USA",40.6574259,-73.8808077,302.169043286779
"Co-op for sale",349000,2,1,800,"Brooklyn, NY 11235","3235 Emmons Ave Apt 625Brooklyn, NY 11235","Kings County","Brooklyn","3235 Emmons Ave Apt 625, Brooklyn, NY 11235, USA",40.5844399,-73.9316116,436.25
"House for sale",160000,2,1,900,"Staten Island, NY 10303","2701 Goethals Rd N Apt D4Staten Island, NY 10303","New York","Richmond County","2701 Goethals Rd N d4, Staten Island, NY 10303, USA",40.6281757,-74.1797234,177.777777777778
"Condo for sale",12500000,4,4,3550,"New York, NY 10013","100 Vandam St Apt 6ANew York, NY 10013","New York County","New York","100 Vandam St #6a, New York, NY 10013, USA",40.7266327,-74.0088321,3521.12676056338
"Co-op for sale",6e+05,1,1,715,"Manhattan, NY 10025","545 W 111th St Apt 2HManhattan, NY 10025","New York County","New York","545 W 111th St #2b, New York, NY 10025, USA",40.8043692,-73.964408,839.160839160839
"Condo for sale",1950000,2,2,1000,"New York, NY 10128","200 E 89th St Apt 42BNew York, NY 10128","New York County","New York","200 E 89th St APT 42B, New York, NY 10128, USA",40.7805098,-73.9523992,1950
"Co-op for sale",2e+06,3,2,1800,"New York, NY 10075","239 E 79th St Apt 8FNew York, NY 10075","New York County","New York","239 E 79th St #8f, New York, NY 10075, USA",40.7737882,-73.9551436,1111.11111111111
"Multi-family home for sale",1250828,7,2,2184.207862,"Ridgewood, NY 11385","59-43 Madison StRidgewood, NY 11385","New York","Queens County","59-43 Madison St, Flushing, NY 11385, USA",40.7063804,-73.9009749,572.668939509568
"House for sale",1149000,4,3,1800,"Brooklyn, NY 11225","284 Sullivan PlBrooklyn, NY 11225","New York","Kings County","284 Sullivan Pl, Brooklyn, NY 11225, USA",40.6644629,-73.951745,638.333333333333
"Co-op for sale",329999,2,1,950,"Bronx, NY 10473","880 Boynton Ave Apt 18FBronx, NY 10473","Bronx County","The Bronx","880 Boynton Ave #18f, Bronx, NY 10473, USA",40.8214206,-73.8759785,347.367368421053
"Co-op for sale",390000,2,1,1100,"Queens, NY 11375","112-50 78th Ave Unit 2JQueens, NY 11375","New York","Queens County","112-50 78th Ave, Forest Hills, NY 11375, USA",40.7155654,-73.8311146,354.545454545455
"Co-op for sale",4e+05,3,1,2184.207862,"Manhattan, NY 10023","2025 Broadway Apt 17GManhattan, NY 10023","New York County","New York","2025 Broadway #17g, New York, NY 10023, USA",40.7770746,-73.9824749,183.132753507138
"Co-op for sale",239000,1,1,700,"Brooklyn, NY 11235","150 W End Ave Apt 1JBrooklyn, NY 11235","Kings County","Brooklyn","150 West End Ave #1j, Brooklyn, NY 11235, USA",40.5782536,-73.9534785,341.428571428571
"Multi-family home for sale",1188888,4,2,2184.207862,"Flushing, NY 11367","132-14 Horace Harding ExpyFlushing, NY 11367","New York","Queens County","132-14 Horace Harding Expy, Flushing, NY 11367, USA",40.7427492,-73.8333091,544.310832628987
"Condo for sale",18500000,4,4,4856,"Manhattan, NY 10012","73 Wooster St # AManhattan, NY 10012","New York","New York County","73 Wooster St, New York, NY 10012, USA",40.7238868,-74.0021541,3809.71993410214
"Co-op for sale",567000,3,2,2184.207862,"Rego Park, NY 11374","97-37 63 Rd Unit 3ERego Park, NY 11374","Queens County","Queens","97-37 63rd Rd #3e, Rego Park, NY 11374, USA",40.7318958,-73.8599645,259.590678096369
"Condo for sale",8900000,5,5,4297,"Manhattan, NY 10023","200 W End AveManhattan, NY 10023","New York","New York County","200 West End Ave, New York, NY 10023, USA",40.7779612,-73.9854593,2071.21247381894
"Co-op for sale",189000,3,1,2184.207862,"Jackson Heights, NY 11372","90-11 35 Ave Unit 1HJackson Heights, NY 11372","Queens County","Queens","9011 35th Ave Apt 1f, Jackson Heights, NY 11372, USA",40.7525699,-73.87724,86.5302260321229
"House for sale",985000,3,2,2184.207862,"Jamaica, NY 11432","82-61 172nd StJamaica, NY 11432","New York","Queens County","82-61 172nd St, Jamaica, NY 11432, USA",40.7181351,-73.7934614,450.964405511329
"Co-op for sale",839000,3,2,1120,"Manhattan, NY 10033","447 Fort Washington Ave Apt 44Manhattan, NY 10033","New York County","New York","447 Fort Washington Ave Apt 44, New York, NY 10033, USA",40.8501059,-73.9387857,749.107142857143
"Co-op for sale",995000,3,2,2184.207862,"New York, NY 10022","455 E 51st St # 4FNew York, NY 10022","New York County","New York","455 E 51st St #4f, New York, NY 10022, USA",40.7540096,-73.9637466,455.542724349007
"Condo for sale",1439000,4,2,1625,"Brooklyn, NY 11205","800 Bedford Ave Unit 4Brooklyn, NY 11205","Kings County","Brooklyn","800 Bedford Ave APT 4A, Brooklyn, NY 11205, USA",40.6972584,-73.9569997,885.538461538462
"Co-op for sale",379000,2,1,900,"Kew Gardens Hills, NY 11367","144-40 71 Ave Unit 2Kew Gardens Hills, NY 11367","Queens County","Queens","144-40 71st Ave #2, Flushing, NY 11367, USA",40.7282764,-73.8208847,421.111111111111
"Co-op for sale",3195000,4,4,2184.207862,"New York, NY 10065","425 E 63rd StNew York, NY 10065","New York","New York County","425 E 63rd St, New York, NY 10065, USA",40.7617185,-73.9587133,1462.77286863827
"Multi-family home for sale",1245000,5,2,1800,"Ridgewood, NY 11385","64-56 Woodbine StRidgewood, NY 11385","New York","Queens County","64-56 Woodbine St, Ridgewood, NY 11385, USA",40.7085881,-73.8934355,691.666666666667
"Townhouse for sale",1995000,4,4,2184.207862,"Brooklyn, NY 11213","1069 Lincoln PlBrooklyn, NY 11213","New York","Kings County","1069 Lincoln Pl, Brooklyn, NY 11213, USA",40.670429,-73.9411141,913.374608116853
"Multi-family home for sale",365000,4,3,1600,"Staten Island, NY 10301","148 Brighton AveStaten Island, NY 10301","New York","Richmond County","148 Brighton Ave, Staten Island, NY 10301, USA",40.6352888,-74.090616,228.125
"Condo for sale",950000,2,2,1025,"Queens, NY 11106","1215 Broadway Apt 320Queens, NY 11106","New York","Queens County","12-15 Broadway, Long Island City, NY 11106, USA",40.7669131,-73.9342893,926.829268292683
"House for sale",4195000,6,6,2184.207862,"New York, NY 10002","9 Clinton StNew York, NY 10002","New York","New York County","9 Clinton St, New York, NY 10002, USA",40.7210845,-73.9842397,1920.60475240611
"Condo for sale",209000,1,1,658,"Bronx, NY 10462","1594 Unionport Rd Apt 2ABronx, NY 10462","Bronx County","The Bronx","1594 Unionport Rd #2a, Bronx, NY 10462, USA",40.8391003,-73.8566691,317.629179331307
"Pending",1390000,5,4,1992,"Brooklyn, NY 11230","1429 Avenue HBrooklyn, NY 11230","New York","Kings County","1429 Avenue H, Brooklyn, NY 11230, USA",40.6302066,-73.962272,697.791164658635
"Condo for sale",8250000,6,6,3920,"Manhattan, NY 10012","306 Mott St Unit PhtriplexManhattan, NY 10012","New York","New York County","306 Mott St, New York, NY 10012, USA",40.7250022,-73.9938611,2104.59183673469
"Co-op for sale",429000,2,1,850,"Brooklyn, NY 11209","9411 Shore Rd Unit LfBrooklyn, NY 11209","New York","Kings County","9411 Shore Rd, Brooklyn, NY 11209, USA",40.617623,-74.038637,504.705882352941
"House for sale",950000,1,1,2184.207862,"New York, NY 10017","310 E 46th St Apt 17HNew York, NY 10017","New York County","New York","310 E 46th St #17h, New York, NY 10017, USA",40.751918,-73.9698335,434.940289579454
"House for sale",699000,3,3,2835,"Brooklyn, NY 11234","4716 Avenue HBrooklyn, NY 11234","New York","Kings County","4716 Avenue H, Brooklyn, NY 11234, USA",40.6324811,-73.9306778,246.560846560847
"Condo for sale",450000,1,1,724,"Brooklyn, NY 11229","2120 Ocean Ave Apt 5BBrooklyn, NY 11229","Kings County","Brooklyn","2120 Ocean Ave #5b, Brooklyn, NY 11229, USA",40.610069,-73.9537478,621.546961325967
"House for sale",1190000,4,2,1500,"Brooklyn, NY 11229","2330 E 15th StBrooklyn, NY 11229","New York","Kings County","2330 E 15th St, Brooklyn, NY 11229, USA",40.5935138,-73.9556712,793.333333333333
"Co-op for sale",2995000,2,2,2184.207862,"Manhattan, NY 10016","10 Park Ave Ph 25AManhattan, NY 10016","New York County","New York","10 Park Ave # 25e, New York, NY 10016, USA",40.7474421,-73.9813221,1371.2064918847
"Condo for sale",349980,3,1,2184.207862,"Flushing, NY 11367","150-38 Union Tpke Unit 8LFlushing, NY 11367","Queens County","Queens","150-38 Union Tpke #8c, Flushing, NY 11367, USA",40.7187728,-73.811168,160.232002681071
"Contingent",339000,1,1,693,"Staten Island, NY 10308","4219 Amboy Rd Unit 4AStaten Island, NY 10308","Richmond County","Staten Island","4219 Amboy Rd #4a, Staten Island, NY 10308, USA",40.5475295,-74.1568654,489.177489177489
"House for sale",649000,3,2,1257,"Brooklyn, NY 11203","287 E 34th StBrooklyn, NY 11203","New York","Kings County","287 E 34th St, Brooklyn, NY 11203, USA",40.6499215,-73.9453734,516.308671439936
"Co-op for sale",4695000,3,4,2600,"New York, NY 10128","1100 Park Ave # 11CNew York, NY 10128","New York County","New York","1100 Park Ave #11c, New York, NY 10128, USA",40.7824395,-73.9561648,1805.76923076923
"Co-op for sale",189999,1,1,2184.207862,"East Elmhurst, NY 11369","32-30 93rd St Unit A7East Elmhurst, NY 11369","Queens County","Queens","3230 93rd St Apt A7, East Elmhurst, NY 11369, USA",40.7586799,-73.8755,86.987600084007
"House for sale",399888,3,4,1613,"Bronx, NY 10466","765 E 224th StBronx, NY 10466","New York","Bronx County","765 E 224th St, Bronx, NY 10466, USA",40.8865894,-73.8585038,247.915685058896
"Pending",1199900,4,4,2393,"Staten Island, NY 10308","251 Wilson AveStaten Island, NY 10308","New York","Richmond County","251 Wilson Ave, Staten Island, NY 10308, USA",40.5477774,-74.160225,501.420810697869
"Condo for sale",1395000,3,4,2472,"Manhattan, NY 10027","52 Convent Ave Unit 1CManhattan, NY 10027","New York County","New York","52 Convent Ave #1c, New York, NY 10027, USA",40.8150812,-73.9533178,564.320388349515
"House for sale",2759000,6,6,2184.207862,"Brooklyn, NY 11234","163 Whitman DrBrooklyn, NY 11234","New York","Kings County","163 Whitman Dr, Brooklyn, NY 11234, USA",40.6093711,-73.9025693,1263.15816731549
"Condo for sale",2995000,4,3,2135,"Manhattan, NY 10026","303 W 113th St Unit 2Manhattan, NY 10026","New York County","New York","303 W 113th St #2, New York, NY 10026, USA",40.802892,-73.957154,1402.81030444965
"Co-op for sale",399000,1,1,2184.207862,"Forest Hills, NY 11375","102-10 66th Rd Unit 14AForest Hills, NY 11375","Queens County","Queens","102-10 66th Rd #14a, Flushing, NY 11375, USA",40.7282586,-73.8513251,182.674921623371
"Multi-family home for sale",16995000,5,4,4230,"New York, NY 10014","31 Grove StNew York, NY 10014","New York","New York County","31 Grove St, New York, NY 10014, USA",40.7328257,-74.0048853,4017.7304964539
"Co-op for sale",650000,2,1,1060,"New York, NY 10033","860 W 181st St Apt 56New York, NY 10033","New York County","New York","860 W 181st St Apt 56, New York, NY 10033, USA",40.8511616,-73.9408472,613.207547169811
"House for sale",2599000,4,3,3510,"Brooklyn, NY 11234","2634 National DrBrooklyn, NY 11234","New York","Kings County","2634 National Dr, Brooklyn, NY 11234, USA",40.6063914,-73.9020181,740.45584045584
"Townhouse for sale",1195000,4,2,2625,"Brooklyn, NY 11238","449 Classon AveBrooklyn, NY 11238","New York","Kings County","449 Classon Ave, Brooklyn, NY 11238, USA",40.685396,-73.959061,455.238095238095
"House for sale",1288000,3,2,1188,"Brooklyn, NY 11209","340 86th StBrooklyn, NY 11209","New York","Kings County","340 86th St, Brooklyn, NY 11209, USA",40.6229377,-74.0298947,1084.17508417508
"Condo for sale",2099000,2,2,1447,"Brooklyn, NY 11201","79 Bridge St Apt 5CBrooklyn, NY 11201","Kings County","Brooklyn","79 Bridge St #5c, Brooklyn, NY 11201, USA",40.7019045,-73.9844236,1450.58742225294
"Multi-family home for sale",1275000,5,3,1920,"Brooklyn, NY 11220","236 45th StBrooklyn, NY 11220","New York","Kings County","236 45th St, Brooklyn, NY 11220, USA",40.6512263,-74.0131317,664.0625
"Multi-family home for sale",1999999,12,6,2184.207862,"Brooklyn, NY 11211","726 Metropolitan Ave Unit 6Brooklyn, NY 11211","Kings County","Brooklyn","726 Metropolitan Ave #6b, Brooklyn, NY 11211, USA",40.7142948,-73.9448148,915.663309703809
"Townhouse for sale",10750000,8,2.37386085796844,7327,"Manhattan, NY 10065","141 E 63rd StManhattan, NY 10065","New York","New York County","141 E 63rd St, New York, NY 10065, USA",40.764757,-73.965815,1467.17619762522
"Co-op for sale",650000,1,1,2184.207862,"Manhattan, NY 10022","165 E 60th St Apt 5CManhattan, NY 10022","New York County","New York","165 E 60th St #5c, New York, NY 10065, USA",40.762566,-73.9667017,297.5907244491
"Co-op for sale",4800000,3,4,3475,"New York, NY 10028","61 E 82nd St Apt 1ANew York, NY 10028","New York County","New York","61 E 82nd St #1a, New York, NY 10028, USA",40.778129,-73.9598269,1381.29496402878
"Multi-family home for sale",1279900,3,2.37386085796844,3812,"New York, NY 10035","51 E 126th StNew York, NY 10035","New York","New York County","51 E 126th St, New York, NY 10035, USA",40.8062253,-73.9393116,335.755508919202
"Multi-family home for sale",1680000,7,4,3780,"Bayside, NY 11360","214-03 16 AveBayside, NY 11360","New York","Queens County","214-03 16th Ave, Flushing, NY 11360, USA",40.785705,-73.778612,444.444444444444
"Co-op for sale",299000,1,1,850,"Flushing, NY 11367","68-09 138th St Unit 2BFlushing, NY 11367","Queens County","Queens","68-09 138th St #2b, Flushing, NY 11367, USA",40.7313319,-73.8284665,351.764705882353
"Co-op for sale",845000,1,1,2184.207862,"New York, NY 10019","120 Central Park S Apt 3GNew York, NY 10019","New York County","New York","120 Central Park S #3g, New York, NY 10019, USA",40.7659315,-73.9773407,386.86794178383
"Co-op for sale",415000,3,1,2184.207862,"New York, NY 10021","233 E 70th St Apt 6RNew York, NY 10021","New York County","New York","233 E 70th St #6r, New York, NY 10021, USA",40.7678195,-73.9594251,190.000231763656
"Co-op for sale",449000,1,2,1213,"Floral Park, NY 11005","27110 Grand Central Pkwy Apt 5LFloral Park, NY 11005","Queens County","Queens","27110 Grand Central Pkwy #5l, Queens Village, NY 11005, USA",40.7564761,-73.7212008,370.156636438582
"Condo for sale",1250000,3,2,1287,"Brooklyn, NY 11201","365 Bridge St Apt 8JBrooklyn, NY 11201","Kings County","Brooklyn","365 Bridge St #8j, Brooklyn, NY 11201, USA",40.6925905,-73.9849373,971.250971250971
"Townhouse for sale",4395000,5,4,2184.207862,"Brooklyn, NY 11217","425 Pacific StBrooklyn, NY 11217","New York","Kings County","425 Pacific St, Brooklyn, NY 11217, USA",40.6859683,-73.9839494,2012.17112915968
"Co-op for sale",315000,1,1,2184.207862,"Queens, NY 11372","35-51 85th St Unit 6FQueens, NY 11372","Queens County","Queens","35-51 85th St #6f, Jackson Heights, NY 11372, USA",40.7507495,-73.8811907,144.217043386872
"Co-op for sale",499000,2,1,900,"Brooklyn, NY 11209","7901 4th Ave Apt E22Brooklyn, NY 11209","Kings County","Brooklyn","7901 4th Ave #22, Brooklyn, NY 11209, USA",40.6273371,-74.0262024,554.444444444444
"House for sale",699000,3,2,1700,"Staten Island, NY 10309","752 Correll AveStaten Island, NY 10309","New York","Richmond County","752 Correll Ave, Staten Island, NY 10309, USA",40.545028,-74.218133,411.176470588235
"Condo for sale",625000,4,2,1268,"Brooklyn, NY 11213","762 Empire Blvd Apt 4DBrooklyn, NY 11213","Kings County","Brooklyn","762 Empire Blvd #4d, Brooklyn, NY 11213, USA",40.6634769,-73.936924,492.902208201893
"House for sale",749000,3,2,2184.207862,"East Elmhurst, NY 11369","31-10 95th StEast Elmhurst, NY 11369","New York","Queens County","31-10 95th St, Flushing, NY 11369, USA",40.7602045,-73.8739584,342.916080942117
"Multi-family home for sale",949000,4,2,1600,"Brooklyn, NY 11226","154 E 22nd StBrooklyn, NY 11226","New York","Kings County","154 E 22nd St, Brooklyn, NY 11226, USA",40.6452346,-73.9569371,593.125
"Co-op for sale",1495000,3,1,2184.207862,"Brooklyn, NY 11215","349 6th Ave Apt 2Brooklyn, NY 11215","Kings County","Brooklyn","349 6th Ave Apartment 2, Brooklyn, NY 11215, USA",40.670754,-73.981349,684.45866623293
"Townhouse for sale",2395000,6,4,3972,"Manhattan, NY 10032","438 W 162nd St Unit TownhouseManhattan, NY 10032","New York","New York County","438 W 162nd St, New York, NY 10032, USA",40.8351954,-73.9390016,602.970795568983
"House for sale",1250000,3,4,3328,"Staten Island, NY 10301","19 Park LnStaten Island, NY 10301","New York","Richmond County","19 Park Ln, Staten Island, NY 10301, USA",40.619844,-74.0889182,375.600961538462
"Multi-family home for sale",3165000,9,5,2184.207862,"Stuyvesant Heights, NY 11233","278 Decatur StStuyvesant Heights, NY 11233","New York","Kings County","278 Decatur St, Brooklyn, NY 11233, USA",40.6813796,-73.9323311,1449.03791212523
"Co-op for sale",205000,1,1,2184.207862,"Bronx, NY 10463","2750 Johnson Ave Apt 5CBronx, NY 10463","Bronx County","The Bronx","2750 Johnson Ave #5c, Bronx, NY 10463, USA",40.8801731,-73.91173,93.8555361724085
"Condo for sale",1198000,1,2,2184.207862,"Long Island City, NY 11105","22-19 33rd St Unit 1BLong Island City, NY 11105","Queens County","Queens","22-11 33rd St #1d, Astoria, NY 11105, USA",40.7749092,-73.9098235,548.48259675388
"House for sale",2199000,3,3,3454,"Brooklyn, NY 11235","181 Hastings StBrooklyn, NY 11235","New York","Kings County","181 Hastings St, Brooklyn, NY 11235, USA",40.5782802,-73.9442713,636.653155761436
"Co-op for sale",5495000,3,2,3000,"Manhattan, NY 10013","144 Franklin St Unit 3FManhattan, NY 10013","New York County","New York","144 Franklin St #3f, New York, NY 10013, USA",40.7193802,-74.0075316,1831.66666666667
"Co-op for sale",625000,1,1,2184.207862,"New York, NY 10065","55 E 65th St Apt 4BNew York, NY 10065","New York County","New York","55 E 65th St #4b, New York, NY 10065, USA",40.7669715,-73.9674377,286.144927354904
"House for sale",1449999,3,2.37386085796844,1890,"Brooklyn, NY 11233","768 Herkimer StBrooklyn, NY 11233","New York","Kings County","768 Herkimer St, Brooklyn, NY 11233, USA",40.6783124,-73.928113,767.195238095238
"House for sale",1399000,5,4,2184.207862,"Floral Park, NY 11001","256-16 86th AveFloral Park, NY 11001","New York","Queens County","256-16 86th Ave, Queens, NY 11001, USA",40.7326463,-73.7097434,640.506805391217
"Townhouse for sale",1.2e+07,4,2.37386085796844,5500,"Manhattan, NY 10075","22 E 78th StManhattan, NY 10075","New York","New York County","22 E 78th St, New York, NY 10075, USA",40.7756853,-73.9632303,2181.81818181818
"House for sale",1299000,3,2,1700,"Brooklyn, NY 11209","74 89th StBrooklyn, NY 11209","New York","Kings County","74 89th St, Brooklyn, NY 11209, USA",40.622512,-74.038316,764.117647058824
"Co-op for sale",269000,1,1,2184.207862,"Jackson Heights, NY 11372","37-21 80 St Unit 6TJackson Heights, NY 11372","Queens County","Queens","3721 80th St Apt 6b, Jackson Heights, NY 11372, USA",40.7490728,-73.8859424,123.156776733551
"Co-op for sale",450000,1,1,2184.207862,"Manhattan, NY 10028","152 E 83rd St Apt 3DManhattan, NY 10028","New York County","New York","152 E 83rd St #3d, New York, NY 10028, USA",40.777093,-73.956552,206.024347695531
"Multi-family home for sale",899999,4,2,2194,"Staten Island, NY 10314","243 Deems AveStaten Island, NY 10314","New York","Richmond County","243 Deems Ave, Staten Island, NY 10314, USA",40.6172199,-74.1320669,410.209206927985
"House for sale",925000,2,2,1077,"Brooklyn, NY 11216","1336 Dean StBrooklyn, NY 11216","New York","Kings County","1336 Dean St, Brooklyn, NY 11216, USA",40.6764806,-73.9446731,858.867223769731
"Co-op for sale",279000,1,1,600,"Brooklyn, NY 11228","680 81st St Apt 3DBrooklyn, NY 11228","Kings County","Brooklyn","680 81st St #3d, Brooklyn, NY 11228, USA",40.6220567,-74.0200513,465
"Condo for sale",1795000,2,2,2184.207862,"New York, NY 10025","230 Riverside Dr Apt 8ANew York, NY 10025","New York County","New York","230 Riverside Dr #8a, New York, NY 10025, USA",40.7954592,-73.9753123,821.808231363284
"Pending",1250000,2,2,2184.207862,"Manhattan, NY 10010","60 Gramercy Park N Apt 2HManhattan, NY 10010","New York County","New York","60 Gramercy Park N #2b, New York, NY 10010, USA",40.7385938,-73.9863188,572.289854709808
"Condo for sale",560000,3,1,622,"Brooklyn, NY 11220","4711 8th Ave Apt 2BBrooklyn, NY 11220","Kings County","Brooklyn","4711 8th Ave #2b, Brooklyn, NY 11220, USA",40.6423834,-74.002033,900.32154340836
"House for sale",999000,3,2,1260,"Belle Harbor, NY 11694","423 Beach 126th StBelle Harbor, NY 11694","New York","Queens County","423 Beach 126th St, Rockaway Park, NY 11694, USA",40.5792491,-73.8470867,792.857142857143
"Multi-family home for sale",1188000,6,2,2186,"Saint Albans, NY 11412","188-39 Ilion AveSaint Albans, NY 11412","New York","Queens County","188-39 Ilion Ave, Jamaica, NY 11412, USA",40.7021006,-73.7671144,543.458371454712
"House for sale",948888,3,1,950,"Brooklyn, NY 11235","1611 Oriental BlvdBrooklyn, NY 11235","New York","Kings County","1611 Oriental Blvd, Brooklyn, NY 11235, USA",40.5786958,-73.938485,998.82947368421
"Condo for sale",735000,2,2,832,"Brooklyn, NY 11207","1370 Bushwick Ave Apt 2ABrooklyn, NY 11207","Kings County","Brooklyn","1370 Bushwick Ave #2a, Brooklyn, NY 11207, USA",40.6850765,-73.9107349,883.413461538462
"Multi-family home for sale",1399000,13,5,2184.207862,"Brooklyn, NY 11212","487 E 93rd St Unit 1Brooklyn, NY 11212","Kings County","Brooklyn","487 E 93rd St #1, Brooklyn, NY 11212, USA",40.6550656,-73.9183469,640.506805391217
"Co-op for sale",3600000,3,4,2184.207862,"Manhattan, NY 10021","900 5th Ave Apt 4BManhattan, NY 10021","New York County","New York","900 5th Ave #4b, New York, NY 10021, USA",40.7719126,-73.967281,1648.19478156425
"Multi-family home for sale",1850000,8,4,5000,"Manhattan, NY 10035","216 E 117th StManhattan, NY 10035","New York","New York County","216 E 117th St, New York, NY 10035, USA",40.7981001,-73.9389098,370
"Co-op for sale",789000,2,1,2184.207862,"New York, NY 10011","340 W 19th St Apt 4New York, NY 10011","New York County","New York","340 W 19th St Apt 4, New York, NY 10011, USA",40.7432035,-74.0015019,361.229356292831
"House for sale",569000,3,1,2184.207862,"Queens Village, NY 11429","110-25 217 St Unit 11146-0021Queens Village, NY 11429","New York","Queens County","110-25 217th St, Queens Village, NY 11429, USA",40.7079268,-73.7400399,260.506341863904
"Condo for sale",1700000,2,2,1135,"Manhattan, NY 10014","2 Cornelia St Apt 203Manhattan, NY 10014","New York County","New York","2 Cornelia St APT 203, New York, NY 10014, USA",40.7315509,-74.0013914,1497.79735682819
"Condo for sale",12995000,4,4,4155,"New York, NY 10013","10 Greene StNew York, NY 10013","New York","New York County","10 Greene St, New York, NY 10013, USA",40.7207039,-74.0027289,3127.55716004813
"Co-op for sale",295000,2,1,613,"New York, NY 10031","552 W 141st St Apt 2DNew York, NY 10031","New York County","New York","552 W 141st St #2d, New York, NY 10031, USA",40.8233518,-73.9515728,481.239804241436
"Co-op for sale",625000,1,1,650,"New York, NY 10010","245 E 25th St Apt 8LNew York, NY 10010","New York County","New York","245 E 25th St #8l, New York, NY 10010, USA",40.7395218,-73.9802307,961.538461538462
"Condo for sale",5700000,3,4,2357,"New York, NY 10013","565 Broome St Apt N9ENew York, NY 10013","New York County","New York","565 Broome St #9e, New York, NY 10013, USA",40.7242197,-74.0056368,2418.3283835384
"Condo for sale",618000,3,2,2184.207862,"Brooklyn, NY 11235","2805 E 28th St Apt 1BBrooklyn, NY 11235","Kings County","Brooklyn","2805 E 28th St #1b, Brooklyn, NY 11235, USA",40.5846429,-73.9407155,282.940104168529
"Co-op for sale",149999,1,1,694,"Bronx, NY 10471","5621 Netherland Ave Apt 3CBronx, NY 10471","Bronx County","The Bronx","5621 Netherland Ave #3c, Bronx, NY 10471, USA",40.9049984,-73.9065719,216.136887608069
"Condo for sale",650000,3,1,550,"New York, NY 10025","382 Central Park W Apt 14TNew York, NY 10025","New York County","New York","382 Central Park W #14b, New York, NY 10025, USA",40.7935585,-73.9656011,1181.81818181818
"Multi-family home for sale",1990000,5,2.37386085796844,2184.207862,"Flushing, NY 11367","63-12 136th StFlushing, NY 11367","New York","Queens County","63-12 136th St, Flushing, NY 11367, USA",40.7398861,-73.8305343,911.085448698014
"Co-op for sale",550000,1,1,2184.207862,"New York, NY 10025","57 W 93rd St Apt 3GNew York, NY 10025","New York County","New York","57 W 93rd St #3g, New York, NY 10025, USA",40.7908539,-73.9681725,251.807536072315
"Co-op for sale",279000,1,1,2184.207862,"New York, NY 10463","3015 Riverdale Ave Apt 6ANew York, NY 10463","Bronx County","The Bronx","3015 Riverdale Ave #6a, Bronx, NY 10463, USA",40.8809305,-73.9107494,127.735095571229
"Co-op for sale",399000,2,1,1090,"Elmhurst, NY 11373","88-11 Elmhurst Ave Unit A4Elmhurst, NY 11373","Queens County","Queens","8811 Elmhurst Ave Apt A4, Elmhurst, NY 11373, USA",40.7455899,-73.8778899,366.05504587156
"Townhouse for sale",2495000,3,2.37386085796844,4125,"Brooklyn, NY 11237","16 Morgan AveBrooklyn, NY 11237","New York","Kings County","16 Morgan Ave, Brooklyn, NY 11237, USA",40.7043492,-73.9310947,604.848484848485
"Townhouse for sale",3695000,10,8,2184.207862,"Manhattan, NY 10022","315 E 51st St Unit TownhouseManhattan, NY 10022","New York","New York County","315 E 51st St, New York, NY 10022, USA",40.7553475,-73.9673212,1691.68881052219
"Condo for sale",239500,1,1,864,"Staten Island, NY 10301","50 Fort Pl Unit 2GStaten Island, NY 10301","Richmond County","Staten Island","50 Fort Pl #2, Staten Island, NY 10301, USA",40.6414367,-74.0802253,277.199074074074
"Co-op for sale",235000,1,1,850,"Bronx, NY 10463","3512 Oxford Ave Apt 1BBronx, NY 10463","The Bronx","Riverdale","Parking lot, 3512 Oxford Ave #1b, Bronx, NY 10463, USA",40.8858375,-73.9088586,276.470588235294
"House for sale",680000,1,1,2184.207862,"New York, NY 10128","200 E 90th St Apt 20DNew York, NY 10128","New York County","New York","200 E 90th St #20d, New York, NY 10128, USA",40.7810446,-73.9519172,311.325680962135
"House for sale",629000,3,3,1280,"Staten Island, NY 10304","419 Britton AveStaten Island, NY 10304","New York","Richmond County","419 Britton Ave, Staten Island, NY 10304, USA",40.6086959,-74.0859469,491.40625
"Pending",1039000,3,2,2300,"Brooklyn, NY 11228","8934 15th AveBrooklyn, NY 11228","New York","Kings County","8934 15th Ave, Brooklyn, NY 11228, USA",40.6049171,-74.0166722,451.739130434783
"House for sale",2200000,3,2.37386085796844,3760,"Staten Island, NY 10312","302 Sheldon AveStaten Island, NY 10312","New York","Richmond County","302 Sheldon Ave, Staten Island, NY 10312, USA",40.5450461,-74.1858995,585.106382978723
"House for sale",380000,3,2.37386085796844,600,"Brooklyn, NY 11208","51 Hill StBrooklyn, NY 11208","New York","Kings County","51 Hill St, Brooklyn, NY 11208, USA",40.6789407,-73.8712984,633.333333333333
"Co-op for sale",599000,2,2,2184.207862,"Queens, NY 11375","69-40 Yellowstone Blvd Unit 202Queens, NY 11375","Queens County","Queens","6940 Yellowstone Blvd Apt 202, Forest Hills, NY 11375, USA",40.7230099,-73.84699,274.24129837694
"Townhouse for sale",530000,3,2,1280,"Staten Island, NY 10304","14 Long Pond LnStaten Island, NY 10304","New York","Richmond County","14 Long Pond Ln, Staten Island, NY 10304, USA",40.6155659,-74.0802854,414.0625
"Condop for sale",598000,1,1,2184.207862,"New York, NY 10017","333 E 46th St Apt 17ENew York, NY 10017","New York County","New York","333 E 46th St #17e, New York, NY 10017, USA",40.7520734,-73.9690003,273.783466493172
"Condo for sale",1449000,4,2,1632,"Brooklyn, NY 11249","9 Franklin AveBrooklyn, NY 11249","New York","Kings County","9 Franklin Ave, Brooklyn, NY 11249, USA",40.6990196,-73.9587153,887.867647058824
"Co-op for sale",459000,1,1,2184.207862,"Brooklyn, NY 11216","88 Brooklyn Ave Apt A3Brooklyn, NY 11216","Kings County","Brooklyn","88 Brooklyn Ave a3, Brooklyn, NY 11216, USA",40.677099,-73.9444709,210.144834649441
"Pending",825000,5,2,2184.207862,"Staten Island, NY 10314","170 Amsterdam AveStaten Island, NY 10314","New York","Richmond County","170 Amsterdam Ave, Staten Island, NY 10314, USA",40.6033161,-74.1679729,377.711304108473
"Condo for sale",745000,2,2,2184.207862,"Brooklyn, NY 11221","508A Lexington Ave # 3Brooklyn, NY 11221","Kings County","Brooklyn","508 Lexington Ave #3, Brooklyn, NY 11221, USA",40.6886854,-73.9402301,341.084753407045
"Co-op for sale",440000,2,1,2184.207862,"Jackson Heights, NY 11372","35-38 75th St Unit 3GJackson Heights, NY 11372","Queens County","Queens","35-38 75th St #3c, Flushing, NY 11372, USA",40.7499534,-73.8912443,201.446028857852
"Condo for sale",7750000,3,4,2855,"New York, NY 10024","279 Central Park W Units 3 & 4BNew York, NY 10024","New York","New York County","279 Central Park W, New York, NY 10024, USA",40.7868701,-73.9686086,2714.53590192644
"Land for sale",399900,3,2.37386085796844,2184.207862,"Staten Island, NY 10305","409 Slater BlvdStaten Island, NY 10305","New York","Richmond County","409 Slater Blvd, Staten Island, NY 10305, USA",40.5771876,-74.0829699,183.086970318762
"Condo for sale",990000,1,1,791,"Manhattan, NY 10069","240 Riverside Blvd Apt 14NManhattan, NY 10069","New York County","New York","240 Riverside Blvd #14n, New York, NY 10023, USA",40.7804721,-73.9871434,1251.58027812895
"Multi-family home for sale",1150000,4,3,2184.207862,"East Elmhurst, NY 11369","32-40 87th StEast Elmhurst, NY 11369","New York","Queens County","32-40 87th St, Flushing, NY 11369, USA",40.7569734,-73.8811062,526.506666333023
"Condo for sale",2300000,1,2,1100,"Manhattan, NY 10075","900 Park Ave Apt 16CManhattan, NY 10075","New York County","New York","900 Park Ave #16c, New York, NY 10075, USA",40.7761296,-73.960619,2090.90909090909
"Pending",4999000,3,2,2160,"New York, NY 10003","36 Gramercy Park E Apt 5NNew York, NY 10003","New York County","New York","36 Gramercy Park E #5n, New York, NY 10003, USA",40.7375223,-73.9849542,2314.35185185185
"Condo for sale",350000,1,1,738,"Staten Island, NY 10314","11 Windham Loop Apt 2GGStaten Island, NY 10314","Richmond County","Staten Island","11 Windham Loop #2g, Staten Island, NY 10314, USA",40.5781826,-74.1626869,474.254742547425
"Multi-family home for sale",1900000,5,4,3640,"New York, NY 10030","311 W 138th StNew York, NY 10030","New York","New York County","311 W 138th St, New York, NY 10030, USA",40.8188422,-73.9456834,521.978021978022
"Multi-family home for sale",2498000,6,6,3184,"Bayside, NY 11361","40-20 217th StBayside, NY 11361","New York","Queens County","40-20 217th St, Flushing, NY 11361, USA",40.7644884,-73.7660572,784.547738693467
"Co-op for sale",3500000,3,2,2184.207862,"Manhattan, NY 10011","101 W 12th St Apt 11RManhattan, NY 10011","New York County","New York","101 W 12th St Apt 11p, New York, NY 10011, USA",40.7361563,-73.9977295,1602.41159318746
"Pending",995000,5,2,2128,"Brooklyn, NY 11225","203 Sterling StBrooklyn, NY 11225","New York","Kings County","203 Sterling St, Brooklyn, NY 11225, USA",40.6631136,-73.9544199,467.575187969925
"Co-op for sale",245000,3,1,713,"Forest Hills, NY 11375","61-20 Grand Central Pkwy Unit B609Forest Hills, NY 11375","New York","Queens County","61-20 Grand Central Pkwy, Forest Hills, NY 11375, USA",40.7379227,-73.8470718,343.618513323983
"Condo for sale",8495000,3,4,4781,"Manhattan, NY 10013","45 Walker St Apt 2Manhattan, NY 10013","New York County","New York","43-45 Walker St # 2, New York, NY 10013, USA",40.7189873,-74.0038646,1776.82493202259
"Condo for sale",12500000,4,4,2938,"New York, NY 10007","71 Reade St # ANew York, NY 10007","New York","New York County","71 Reade St, New York, NY 10007, USA",40.714922,-74.0070262,4254.59496255956
"House for sale",849000,3,3,2184.207862,"Brooklyn, NY 11214","2762 Cropsey AveBrooklyn, NY 11214","United States","New York","2762 Cropsey Ave, Brooklyn, NY 11214, USA",40.5868122,-73.9890289,388.699269318901
"Condo for sale",5e+05,1,2.37386085796844,2184.207862,"Brooklyn, NY 11225","410 Fenimore StBrooklyn, NY 11225","New York","Kings County","410 Fenimore St, Brooklyn, NY 11225, USA",40.6586064,-73.9488175,228.915941883923
"Condo for sale",1895000,3,2,1929,"Manhattan, NY 10019","416 W 52nd St Apt 312Manhattan, NY 10019","New York County","New York","416 W 52nd St # 312, New York, NY 10019, USA",40.7647904,-73.9890812,982.374287195438
"Co-op for sale",189900,1,1,600,"New York, NY 11223","2265 Ocean Pkwy Apt 1FNew York, NY 11223","Kings County","Brooklyn","2265 Ocean Pkwy #1f, Brooklyn, NY 11223, USA",40.5941381,-73.963948,316.5
"Co-op for sale",5500000,3,4,2184.207862,"New York, NY 10128","40 E 88th St Ph 14ENew York, NY 10128","New York County","New York","40 E 88th St # 14b, New York, NY 10128, USA",40.7819874,-73.9578067,2518.07536072315
"Condo for sale",10850000,4,2.37386085796844,4372,"New York, NY 10024","555 W End AveNew York, NY 10024","New York","New York County","555 West End Ave, New York, NY 10024, USA",40.7895088,-73.9778147,2481.70173833486
"Multi-family home for sale",999000,5,4,1980,"Bronx, NY 10465","503 Hollywood AveBronx, NY 10465","New York","Bronx County","503 Hollywood Ave, Bronx, NY 10465, USA",40.8232894,-73.8169443,504.545454545455
"Condo for sale",2195000,3,2,1708,"New York, NY 10022","500 Park Ave # 16DNew York, NY 10022","New York County","New York","500 Park Ave #16a, New York, NY 10022, USA",40.7629604,-73.9705452,1285.12880562061
"Multi-family home for sale",1260000,7,2,2000,"Brooklyn, NY 11204","1677 Bay Ridge AveBrooklyn, NY 11204","New York","Kings County","1677 Bay Ridge Ave, Brooklyn, NY 11230, USA",40.6186892,-73.9952499,630
"Co-op for sale",675000,1,1,2184.207862,"Manhattan, NY 10011","160 Ninth Ave Unit 1RManhattan, NY 10011","New York County","New York","160 9th Ave #1b, New York, NY 10011, USA",40.7443659,-74.0025913,309.036521543296
"Pending",225000,2,1,600,"Manhattan, NY 10032","535 W 163rd St Apt 3Manhattan, NY 10032","New York County","New York","535 W 163rd St #3, New York, NY 10032, USA",40.8375103,-73.9407123,375
"Co-op for sale",229000,1,1,650,"Brooklyn, NY 11209","402 Bay Ridge Pkwy Apt 68Brooklyn, NY 11209","Kings County","Brooklyn","402 Bay Ridge Pkwy Apt 68, Brooklyn, NY 11209, USA",40.6308291,-74.0250165,352.307692307692
"Multi-family home for sale",1275000,6,5,2500,"Staten Island, NY 10312","595 Sinclair AveStaten Island, NY 10312","New York","Richmond County","595 Sinclair Ave, Staten Island, NY 10312, USA",40.5423923,-74.1955899,510
"Condo for sale",5495000,5,4,4014,"New York, NY 10007","270 Broadway Apt 19DNew York, NY 10007","New York County","New York","270 Broadway #19d, New York, NY 10007, USA",40.7141198,-74.0066281,1368.9586447434
"Co-op for sale",850000,2,2,2184.207862,"Brooklyn, NY 11201","235 Adams St Apt 4DBrooklyn, NY 11201","Kings County","Brooklyn","235 Adams St #4d, Brooklyn, NY 11201, USA",40.6965776,-73.9883987,389.157101202669
"House for sale",450000,4,3,2184.207862,"Bronx, NY 10466","661 E 228th StBronx, NY 10466","New York","Bronx County","661 E 228th St, Bronx, NY 10466, USA",40.8904909,-73.8606171,206.024347695531
"Multi-family home for sale",950000,3,2,2184.207862,"East Elmhurst, NY 11369","22-36 92nd StEast Elmhurst, NY 11369","New York","Queens County","22-36 92nd St, Flushing, NY 11369, USA",40.7689418,-73.8785452,434.940289579454
"House for sale",730000,4,3,1648,"Saint Albans, NY 11412","191-20 113th RdSaint Albans, NY 11412","New York","Queens County","191-20 113th Rd, Jamaica, NY 11412, USA",40.6987,-73.761794,442.961165048544
"Condo for sale",830000,2,2,2184.207862,"Bayside, NY 11361","213-02 42nd Ave Unit 7EBayside, NY 11361","Queens County","Queens","213-02 42nd Ave #7e, Bayside, NY 11361, USA",40.7624173,-73.7710902,380.000463527312
"House for sale",829000,5,4,2184.207862,"Jamaica, NY 11433","110-35 166th StJamaica, NY 11433","New York","Queens County","110-35 166th St, Addisleigh Park, NY 11433, USA",40.6935674,-73.7855565,379.542631643544
"Condo for sale",555000,3,1,2184.207862,"New York, NY 10024","186 W 80th St Apt 3ENew York, NY 10024","New York County","New York","186 W 80th St #3e, New York, NY 10024, USA",40.7835114,-73.9776775,254.096695491155
"House for sale",888000,4,2,2184.207862,"Floral Park, NY 11001","84-49 264th StFloral Park, NY 11001","New York","Queens County","84-49 264th St, Queens, NY 11001, USA",40.7367436,-73.7039037,406.554712785847
"Multi-family home for sale",1149000,6,3,2600,"Rockaway Park, NY 11694","228 Beach 125th StRockaway Park, NY 11694","New York","Queens County","228 Beach 125th St, Rockaway Park, NY 11694, USA",40.5781241,-73.8449946,441.923076923077
"Pending",648000,3,2,2112,"Staten Island, NY 10312","157 N Pine TerStaten Island, NY 10312","New York","Richmond County","157 N Pine Terrace, Staten Island, NY 10312, USA",40.5395578,-74.1795806,306.818181818182
"Condo for sale",499000,2,1,825,"Brooklyn, NY 11209","9201 Shore Rd Apt A302Brooklyn, NY 11209","Kings County","Brooklyn","9201 Shore Rd #302, Brooklyn, NY 11209, USA",40.620502,-74.0396973,604.848484848485
"Condo for sale",450000,2,1,1249,"Arverne, NY 11692","113 Beach 60th St Unit 95Arverne, NY 11692","Queens County","Queens","113 Beach 60th St #95, Arverne, NY 11692, USA",40.5894946,-73.7896353,360.288230584468
"Multi-family home for sale",3900000,6,3,2184.207862,"Springfield Gardens, NY 11413","183-07 145th DrSpringfield Gardens, NY 11413","New York","Queens County","183-07 145th Dr, Jamaica, NY 11413, USA",40.6632412,-73.7625294,1785.5443466946
"House for sale",558000,3,2,1108,"Staten Island, NY 10308","3811 Hylan BlvdStaten Island, NY 10308","New York","Richmond County","3811 Hylan Blvd, Staten Island, NY 10308, USA",40.5463363,-74.1420026,503.610108303249
"Multi-family home for sale",1695000,4,2,2184.207862,"Brooklyn, NY 11215","304 3rd AveBrooklyn, NY 11215","New York","Kings County","304 3rd Ave, Brooklyn, NY 11215, USA",40.6768411,-73.9867935,776.025042986499
"House for sale",725000,5,2.37386085796844,2184.207862,"Queens, NY 11413","138-48 229th StQueens, NY 11413","New York","Queens County","138-48 229th St, Jamaica, NY 11413, USA",40.6702491,-73.7454183,331.928115731689
"Co-op for sale",940000,3,2,2184.207862,"Queens, NY 11372","33-39 80th St Unit 1Queens, NY 11372","Queens County","Queens","3339 80th St Apt 1, Jackson Heights, NY 11372, USA",40.7553599,-73.88722,430.361970741775
"Condo for sale",539000,2,2,821,"Brooklyn, NY 11229","1495 E 28th St Apt 3ABrooklyn, NY 11229","Kings County","Brooklyn","1495 E 28th St #3a, Brooklyn, NY 11229, USA",40.6145816,-73.9463149,656.516443361754
"Pending",895000,2,2,1111,"New York, NY 10021","343 E 74th St Apt 20BNew York, NY 10021","New York County","New York","343 E 74th St #20b, New York, NY 10021, USA",40.7696861,-73.9557104,805.580558055806
"Co-op for sale",995000,3,2,1300,"Manhattan, NY 10075","23 E 79th St Unit GManhattan, NY 10075","New York County","New York","23 E 79th St c, New York, NY 10075, USA",40.776763,-73.9625093,765.384615384615
"Condo for sale",2550000,3,2,2400,"Brooklyn, NY 11231","145 Huntington St Unit 147-1Brooklyn, NY 11231","Kings County","Brooklyn","145 Huntington St 147 1, Brooklyn, NY 11231, USA",40.6763366,-74.0001966,1062.5
"Co-op for sale",345000,2,1,1000,"Brooklyn, NY 11214","2483 W 16th St Apt 14DBrooklyn, NY 11214","New York","Kings County","2483 W 16th St #14d, Brooklyn, NY 11214, USA",40.5871907,-73.9840965,345
"House for sale",879000,4,2,2240,"Staten Island, NY 10306","120 8th StStaten Island, NY 10306","New York","Richmond County","120 8 St, Staten Island, NY 10306, USA",40.5708089,-74.1179169,392.410714285714
"Co-op for sale",945000,2,1,2184.207862,"New York, NY 10023","250 W 75th St Apt 4CNew York, NY 10023","New York County","New York","250 W 75th St #4c, New York, NY 10023, USA",40.7813792,-73.9824979,432.651130160615
"House for sale",939999,3,2,3096,"Queens Village, NY 11429","222-11 100th RdQueens Village, NY 11429","New York","Queens County","222-11 100th Dr, Queens Village, NY 11429, USA",40.7146332,-73.7305803,303.617248062016
"Co-op for sale",5e+05,3,2,1200,"Queens, NY 11374","98-20 62nd Dr Unit 6JQueens, NY 11374","New York","Queens County","98-20 62nd Dr, Rego Park, NY 11374, USA",40.7329909,-73.8586242,416.666666666667
"Co-op for sale",475000,1,1,2184.207862,"New York, NY 10025","44 W 96th St Apt 5ANew York, NY 10025","New York County","New York","44 W 96th St #5a, New York, NY 10025, USA",40.7920657,-73.9663587,217.470144789727
"House for sale",1288000,3,4,2184.207862,"East Elmhurst, NY 11370","21-26 81st StEast Elmhurst, NY 11370","New York","Queens County","21-26 81st St, Flushing, NY 11370, USA",40.7701118,-73.8892017,589.687466292986
"Townhouse for sale",1238000,3,2,1500,"Forest Hills, NY 11375","110-39 62nd DrForest Hills, NY 11375","New York","Queens County","110-39 62nd Dr, Forest Hills, NY 11375, USA",40.7367847,-73.8477757,825.333333333333
"Co-op for sale",1450000,2,2,2184.207862,"New York, NY 10023","17 W 64th St Apt 7ANew York, NY 10023","New York County","New York","17 W 64th St #7a, New York, NY 10023, USA",40.7717467,-73.9805466,663.856231463377
"Co-op for sale",370000,2,1,800,"Brooklyn, NY 11228","1065 Shore Pkwy Unit 2BBrooklyn, NY 11228","Kings County","Brooklyn","1065 Shore Pkwy #2b, Brooklyn, NY 11228, USA",40.6033288,-74.0160805,462.5
"Condo for sale",595000,1,1,574,"Manhattan, NY 10027","26 W 127th St Unit GardenManhattan, NY 10027","New York","New York County","26 W 127th St, New York, NY 10027, USA",40.8080535,-73.9426066,1036.58536585366
"Condo for sale",2799000,3,3,2350,"Brooklyn, NY 11215","105 15th St Unit PhBrooklyn, NY 11215","New York","Kings County","105 15th St, Brooklyn, NY 11215, USA",40.6676042,-73.9931265,1191.06382978723
"Co-op for sale",289000,1,1,520,"Brooklyn, NY 11209","7401 Shore Rd Apt 2LBrooklyn, NY 11209","Kings County","Brooklyn","7401 Shore Rd #2l, Brooklyn, NY 11209, USA",40.6339937,-74.0363466,555.769230769231
"Co-op for sale",595000,1,1,2184.207862,"New York, NY 10009","317 E 3rd St Apt 4New York, NY 10009","New York County","New York","317 E 3rd St #4, New York, NY 10009, USA",40.7211983,-73.9787559,272.409970841869
"Pending",669000,3,1,1080,"Little Neck, NY 11363","42-39 248th StLittle Neck, NY 11363","New York","Queens County","42-39 248th St, Flushing, NY 11363, USA",40.7696159,-73.7403605,619.444444444444
"Townhouse for sale",13995000,5,2.37386085796844,6815,"Manhattan, NY 10024","137 W 77th StManhattan, NY 10024","New York","New York County","137 W 77th St, New York, NY 10024, USA",40.7813836,-73.9776937,2053.55832721937
"Co-op for sale",2095000,4,4,2184.207862,"New York, NY 10022","345 E 56th St Ph CNew York, NY 10022","New York","New York County","345 E 56th St, New York, NY 10022, USA",40.7579677,-73.9636757,959.157796493638
"Co-op for sale",585000,3,1,1050,"Jackson Heights, NY 11372","35-31 85th St Unit 8JJackson Heights, NY 11372","New York","Queens County","35-31 85th St, Jackson Heights, NY 11372, USA",40.7512505,-73.8814433,557.142857142857
"House for sale",699000,3,2,1538,"New York, NY 10314","38 Jones StNew York, NY 10314","New York","Richmond County","38 Jones St, Staten Island, NY 10314, USA",40.6059609,-74.1644799,454.486345903771
"Condo for sale",340000,1,1,850,"Brooklyn, NY 11224","2925 W 5th St Apt 12HBrooklyn, NY 11224","Kings County","Brooklyn","2925 W 5th St #12h, Brooklyn, NY 11224, USA",40.5777691,-73.9719866,400
"Condo for sale",15500000,5,5,4193,"Manhattan, NY 10075","1045 Madison Ave Apt 11Manhattan, NY 10075","New York County","New York","1045 Madison Ave #11, New York, NY 10075, USA",40.7766637,-73.9615947,3696.6372525638
"Co-op for sale",199999,1,1,550,"Brooklyn, NY 11229","1717 E 18th St Apt 5GBrooklyn, NY 11229","Kings County","Brooklyn","1717 E 18th St #5g, Brooklyn, NY 11229, USA",40.6079619,-73.9549426,363.634545454545
"Pending",2495000,5,4,4230,"New York, NY 10027","217 W 122nd StNew York, NY 10027","New York","New York County","217 W 122nd St, New York, NY 10027, USA",40.807581,-73.9505281,589.83451536643
"Co-op for sale",799000,2,2,1043,"Brooklyn, NY 11201","175 Adams St Apt 3GBrooklyn, NY 11201","Kings County","Brooklyn","175 Adams St #3g, Brooklyn, NY 11201, USA",40.6985714,-73.9881911,766.059443911793
"House for sale",888888,4,3,2088,"Staten Island, NY 10308","20 Greencroft LnStaten Island, NY 10308","New York","Richmond County","20 Greencroft Ln, Staten Island, NY 10308, USA",40.5469948,-74.1413764,425.712643678161
"House for sale",1690000,3,2,1536,"Brooklyn, NY 11229","1914 E 26th StBrooklyn, NY 11229","New York","Kings County","1914 E 26th St, Brooklyn, NY 11229, USA",40.6042182,-73.946797,1100.26041666667
"Condo for sale",8950000,2,2,2270,"New York, NY 10011","212 W 18th St Apt 19CNew York, NY 10011","New York County","New York","212 W 18th St #19c, New York, NY 10011, USA",40.7412267,-73.9987741,3942.73127753304
"House for sale",1449000,3,4,3600,"Staten Island, NY 10301","61 Cypress AveStaten Island, NY 10301","New York","Richmond County","61 Cypress Ave, Staten Island, NY 10301, USA",40.613153,-74.1076394,402.5
"Condo for sale",1295000,2,2,1160,"New York, NY 10128","1641 Third Ave Apt 3HNew York, NY 10128","New York County","New York","1641 3rd Ave #3h, New York, NY 10128, USA",40.7822235,-73.9509367,1116.37931034483
"Co-op for sale",599000,1,1,800,"Manhattan, NY 10002","568 Grand St Apt J102Manhattan, NY 10002","New York County","New York","568 Grand St j102, New York, NY 10002, USA",40.7142822,-73.9792183,748.75
"House for sale",628000,3,2,960,"Staten Island, NY 10305","268 Cromwell AveStaten Island, NY 10305","New York","Richmond County","268 Cromwell Ave, Staten Island, NY 10305, USA",40.5883038,-74.0928759,654.166666666667
"Condo for sale",593000,2,2,1312,"Staten Island, NY 10305","31 Hylan Blvd Apt 2BStaten Island, NY 10305","Richmond County","Staten Island","31 Hylan Blvd #2b, Staten Island, NY 10305, USA",40.6151849,-74.0646359,451.981707317073
"House for sale",634900,2,2,2184.207862,"Queens Village, NY 11429","99-27 Francis Lewis BlvdQueens Village, NY 11429","New York","Queens County","99-27 Francis Lewis Blvd, Jamaica, NY 11429, USA",40.7123648,-73.7530514,290.677463004206
"Condo for sale",499900,2,2,960,"Staten Island, NY 10306","491 Midland AveStaten Island, NY 10306","New York","Richmond County","491 Midland Ave, Staten Island, NY 10306, USA",40.5741868,-74.0960192,520.729166666667
"Condo for sale",540000,3,1,509,"New York, NY 10016","150 E 37th St Apt 4BNew York, NY 10016","New York County","New York","150 E 37th St #4b, New York, NY 10016, USA",40.7478487,-73.9775903,1060.90373280943
"House for sale",1950000,3,2,2184.207862,"Jamaica, NY 11432","180-11 Tudor RdJamaica, NY 11432","New York","Queens County","180-11 Tudor Rd, Jamaica, NY 11432, USA",40.721482,-73.7883218,892.7721733473
"Co-op for sale",379000,2,1,2184.207862,"Rego Park, NY 11374","64-00 Saunders St Unit 6ERego Park, NY 11374","Queens County","Queens","6400 Saunders St #6e, Rego Park, NY 11374, USA",40.7286188,-73.8616623,173.518283948014
"Co-op for sale",299000,1,1,800,"Elmhurst, NY 11373","92-30 56th Ave Unit 3GElmhurst, NY 11373","Queens County","Queens","92-30 56th Ave #3g, Elmhurst, NY 11373, USA",40.7365158,-73.8687964,373.75
"Multi-family home for sale",850000,6,3,2230,"Bronx, NY 10463","3019 Kingsbridge TerBronx, NY 10463","New York","Bronx County","3019 Kingsbridge Terrace, Bronx, NY 10463, USA",40.8760983,-73.9021193,381.165919282511
"Pending",199999,9,3,2184.207862,"Brooklyn, NY 11207","429 Pennsylvania AveBrooklyn, NY 11207","New York","Kings County","429 Pennsylvania Ave, Brooklyn, NY 11207, USA",40.666792,-73.894205,91.5659189216855
"Multi-family home for sale",899000,4,3,1892,"Brooklyn, NY 11236","1139 E 86th StBrooklyn, NY 11236","New York","Kings County","1139 E 86th St, Brooklyn, NY 11236, USA",40.6344613,-73.9042326,475.158562367865
"Multi-family home for sale",1299000,10,6,4500,"Brooklyn, NY 11220","247 Senator StBrooklyn, NY 11220","New York","Kings County","247 Senator St, Brooklyn, NY 11220, USA",40.6378136,-74.0266176,288.666666666667
"House for sale",699000,3,3,2184.207862,"Bronx, NY 10473","448 Turneur AveBronx, NY 10473","New York","Bronx County","448 Turneur Ave, Bronx, NY 10473, USA",40.8163884,-73.8461253,320.024486753724
"Condo for sale",579000,2,2,750,"Flushing, NY 11355","140-31 Cherry Ave Unit 9AFlushing, NY 11355","Queens County","Queens","140-31 Cherry Ave #9a, Flushing, NY 11355, USA",40.75467,-73.821996,772
"House for sale",585000,3,2,1008,"Staten Island, NY 10302","94 Walker StStaten Island, NY 10302","New York","Richmond County","94 Walker St, Staten Island, NY 10302, USA",40.6302304,-74.142966,580.357142857143
"Co-op for sale",579000,2,1,2184.207862,"Jackson Heights, NY 11372","34-41 85th St Unit 3OJackson Heights, NY 11372","Queens County","Queens","34-41 85th St #3a, Flushing, NY 11372, USA",40.7531191,-73.8818757,265.084660701583
"Multi-family home for sale",499000,3,3,2184.207862,"Brooklyn, NY 11236","921 E 84th StBrooklyn, NY 11236","New York","Kings County","921 E 84th St, Brooklyn, NY 11236, USA",40.6370243,-73.909613,228.458110000155
"Contingent",350000,3,2,1137,"Staten Island, NY 10306","145 Lincoln Ave Apt 3JStaten Island, NY 10306","Richmond County","Staten Island","145 Lincoln Ave #3j, Staten Island, NY 10306, USA",40.579062,-74.1076165,307.827616534741
"House for sale",1250000,3,2,2072,"Staten Island, NY 10304","89 Nixon AveStaten Island, NY 10304","New York","Richmond County","89 Nixon Ave, Staten Island, NY 10304, USA",40.6321382,-74.0806123,603.281853281853
"Multi-family home for sale",899000,4,3,2184.207862,"Corona, NY 11368","104-40 Alstyne AveCorona, NY 11368","New York","Queens County","104-40 Alstyne Ave, Flushing, NY 11368, USA",40.7431111,-73.8574241,411.590863507294
"Townhouse for sale",1979000,5,2.37386085796844,3150,"Brooklyn, NY 11221","185 Weirfield StBrooklyn, NY 11221","New York","Kings County","185 Weirfield St, Brooklyn, NY 11221, USA",40.6908422,-73.9117096,628.253968253968
"House for sale",599000,3,2,780,"Staten Island, NY 10305","459 Raritan AveStaten Island, NY 10305","New York","Richmond County","459 Raritan Ave, Staten Island, NY 10305, USA",40.5880538,-74.0858781,767.948717948718
"House for sale",779000,4,2,2188,"Staten Island, NY 10301","122 Hamilton AveStaten Island, NY 10301","New York","Richmond County","122 Hamilton Ave, Staten Island, NY 10301, USA",40.6445045,-74.0818972,356.032906764168
"Co-op for sale",1195000,2,2,2184.207862,"New York, NY 10024","24 W 83rd St Apt 5RNew York, NY 10024","New York County","New York","24 W 83rd St #5r, New York, NY 10024, USA",40.783637,-73.9719146,547.109101102576
"Condo for sale",1995000,2,3,1838,"Manhattan, NY 10009","298 E 2nd St Apt 4Manhattan, NY 10009","New York County","New York","298 E 2nd St Apartment 4, New York, NY 10009, USA",40.720539,-73.979335,1085.4189336235
"Co-op for sale",564900,1,1,769,"Brooklyn, NY 11201","215 Adams St Apt 10BBrooklyn, NY 11201","Kings County","Brooklyn","215 Adams St #10b, Brooklyn, NY 11201, USA",40.697478,-73.988335,734.590377113134
"Multi-family home for sale",1250000,6,4,2184.207862,"Brooklyn, NY 11207","85 Arlington AveBrooklyn, NY 11207","New York","Kings County","85 Arlington Ave, Brooklyn, NY 11207, USA",40.6800398,-73.8914993,572.289854709808
"Condo for sale",1.5e+07,4,4,2184.207862,"New York, NY 10036","70 W 45th St Ph 2New York, NY 10036","New York County","New York","70 W 45th St Ph 2, New York, NY 10036, USA",40.7563378,-73.982217,6867.47825651769
"Multi-family home for sale",1399000,4,3,2283,"Astoria, NY 11103","31-53 45 StAstoria, NY 11103","New York","Queens County","31-53 45th St, Long Island City, NY 11103, USA",40.7580197,-73.9140215,612.790188348664
"House for sale",1250000,4,2,3160,"Staten Island, NY 10306","1841 Richmond RdStaten Island, NY 10306","New York","Richmond County","1841 Richmond Rd, Staten Island, NY 10306, USA",40.585661,-74.1059417,395.569620253165
"Co-op for sale",335000,1,1,2184.207862,"Queens, NY 11372","33-15 81st St Unit 6BQueens, NY 11372","New York","Queens County","33-15 81st St, Flushing, NY 11372, USA",40.7547282,-73.8859706,153.373681062228
"Multi-family home for sale",685000,4,2,2000,"Bronx, NY 10459","884 E 161st StBronx, NY 10459","New York","Bronx County","884 E 161 St, Bronx, NY 10459, USA",40.8194513,-73.9001792,342.5
"Co-op for sale",279999,2,1,666,"Brooklyn, NY 11235","3235 Emmons Ave Apt 120Brooklyn, NY 11235","Kings County","Brooklyn","3235 Emmons Ave Apt 120, Brooklyn, NY 11235, USA",40.5844399,-73.9316116,420.418918918919
"Co-op for sale",418000,2,1,2184.207862,"Forest Hills, NY 11375","94-11 69 Ave Unit 307Forest Hills, NY 11375","Queens County","Queens","9411 69th Ave Apt 307, Forest Hills, NY 11375, USA",40.7155199,-73.8530199,191.37372741496
"Multi-family home for sale",1780000,10,7,2184.207862,"Woodside, NY 11377","41-59 70th StWoodside, NY 11377","New York","Queens County","41-59 70th St, Flushing, NY 11377, USA",40.7429826,-73.8945462,814.940753106766
"Condo for sale",520000,2,1,741,"New York, NY 10033","105 Bennett Ave Unit 54BNew York, NY 10033","New York County","New York","105 Bennett Ave # 54b, New York, NY 10033, USA",40.8536742,-73.9347275,701.754385964912
"House for sale",599900,3,2,1248,"Staten Island, NY 10314","9 Lovell Ave Unit AStaten Island, NY 10314","New York","Richmond County","9 Lovell Ave, Staten Island, NY 10314, USA",40.5922258,-74.1508322,480.689102564103
"Multi-family home for sale",885000,6,5,2680,"Bronx, NY 10473","933 Fteley AveBronx, NY 10473","New York","Bronx County","933 Fteley Ave, Bronx, NY 10473, USA",40.8236783,-73.8705222,330.223880597015
"Co-op for sale",258000,1,1,650,"Brooklyn, NY 11235","601 Brightwater Ct Apt 5LBrooklyn, NY 11235","Kings County","Brooklyn","601 Brightwater Ct #5l, Brooklyn, NY 11235, USA",40.5759986,-73.960785,396.923076923077
"Condo for sale",7e+05,2,2,1124,"Whitestone, NY 11357","168-03 Powells Cove Blvd Unit 14Whitestone, NY 11357","Queens County","Queens","16803 Powells Cove Blvd #14, Beechhurst, NY 11357, USA",40.7942255,-73.7950678,622.775800711744
"House for sale",999000,4,3,2184.207862,"Glen Oaks, NY 11004","78-27 268th StGlen Oaks, NY 11004","New York","Queens County","78-27 268th St, Glen Oaks, NY 11004, USA",40.7492036,-73.7045081,457.374051884078
"Contingent",898000,3,1,2744,"Staten Island, NY 10306","23 Bancroft AveStaten Island, NY 10306","New York","Richmond County","23 Bancroft Ave, Staten Island, NY 10306, USA",40.5789553,-74.1138794,327.259475218659
"Condo for sale",5e+05,1,1,720,"Manhattan, NY 10035","232 E 118th St Apt 5BManhattan, NY 10035","New York County","New York","232 E 118th St #5b, New York, NY 10035, USA",40.7983883,-73.937888,694.444444444444
"House for sale",695000,3,2,1926,"Brooklyn, NY 11208","696 Autumn AveBrooklyn, NY 11208","New York","Kings County","696 Autumn Ave, Brooklyn, NY 11208, USA",40.6713641,-73.8673475,360.851505711319
"Co-op for sale",215000,3,1,2184.207862,"Rego Park, NY 11374","6115 97th St Apt LeRego Park, NY 11374","New York","Queens County","61-15 97th St, Rego Park, NY 11374, USA",40.7337965,-73.8620837,98.4338550100869
"House for sale",759000,3,1,2184.207862,"Middle Village, NY 11379","71-31 66th RdMiddle Village, NY 11379","New York","Queens County","71-31 66th Rd, Flushing, NY 11379, USA",40.7142473,-73.8830471,347.494399779795
"Co-op for sale",375000,1,1,1185,"Staten Island, NY 10301","10 Bay Street Lndg Apt 1IStaten Island, NY 10301","Richmond County","Staten Island","10 Bay Street Landing #1a, Staten Island, NY 10301, USA",40.638118,-74.073964,316.455696202532
"Pending",2100000,3,2,1902,"Brooklyn, NY 11211","76 Powers StBrooklyn, NY 11211","New York","Kings County","76 Powers St, Brooklyn, NY 11211, USA",40.7118832,-73.947991,1104.10094637224
"Co-op for sale",389888,1,1,730,"Jackson Heights, NY 11372","37-30 73rd St Unit 5DJackson Heights, NY 11372","New York","Queens County","37-30 73rd St, Flushing, NY 11372, USA",40.7479556,-73.8929488,534.093150684932
"Co-op for sale",285000,1,1,900,"Brooklyn, NY 11235","2815 Ocean Pkwy Apt 3FBrooklyn, NY 11235","Kings County","Brooklyn","2815 Ocean Pkwy #3f, Brooklyn, NY 11235, USA",40.5811062,-73.966749,316.666666666667
"Co-op for sale",2795000,4,2,2184.207862,"Manhattan, NY 10025","801 W End Ave Apt 2AManhattan, NY 10025","New York County","New York","801 West End Ave #2a, New York, NY 10025, USA",40.7975649,-73.9720384,1279.64011513113
"Condo for sale",674999,3,1,1299,"Staten Island, NY 10301","90 Bay Street Lndg Apt 6KStaten Island, NY 10301","Richmond County","Staten Island","90 Bay Street Landing #6k, Staten Island, NY 10301, USA",40.6403656,-74.0737574,519.629715165512
"Townhouse for sale",12995000,4,4,5608,"New York, NY 10021","129 E 70th StNew York, NY 10021","New York","New York County","129 E 70th St, New York, NY 10021, USA",40.7694487,-73.9634625,2317.22539229672
"House for sale",759000,3,2,1260,"Brooklyn, NY 11234","2044 E 67th StBrooklyn, NY 11234","New York","Kings County","2044 E 67th St, Brooklyn, NY 11234, USA",40.6184347,-73.9113421,602.380952380952
"Condo for sale",995000,2,2,1030,"Brooklyn, NY 11215","575 4th Ave Apt 2ABrooklyn, NY 11215","Kings County","Brooklyn","575 4th Ave #2a, Brooklyn, NY 11215, USA",40.6655513,-73.9922171,966.019417475728
"Co-op for sale",229000,1,1,2184.207862,"Brooklyn, NY 11235","3025 Ocean Ave Apt 6HBrooklyn, NY 11235","Kings County","Brooklyn","3025 Ocean Ave #6h, Brooklyn, NY 11235, USA",40.5874249,-73.9487987,104.843501382837
"Co-op for sale",239000,1,1,800,"Bronx, NY 10463","3017 Riverdale Ave Apt 3CBronx, NY 10463","Bronx County","The Bronx","3017 Riverdale Ave #3c, Bronx, NY 10463, USA",40.880985,-73.9102329,298.75
"Co-op for sale",315000,2,1,2184.207862,"Manhattan, NY 10037","5 E 131st St Apt 3AManhattan, NY 10037","New York County","New York","5 E 131st St #3a, New York, NY 10037, USA",40.8101633,-73.9387972,144.217043386872
"House for sale",1100000,5,3,2192,"Howard Beach, NY 11414","85-11 164th AveHoward Beach, NY 11414","New York","Queens County","85-11 164th Ave, Jamaica, NY 11414, USA",40.6500222,-73.844778,501.824817518248
"Co-op for sale",225000,1,1,2184.207862,"Astoria, NY 11105","21-68 35th St Unit 5DAstoria, NY 11105","Queens County","Queens","21-68 35th St #5d, Astoria, NY 11105, USA",40.7753572,-73.9085482,103.012173847765
"House for sale",868000,3,2,1484,"Staten Island, NY 10306","212 Hunter AveStaten Island, NY 10306","New York","Richmond County","212 Hunter Ave, Staten Island, NY 10306, USA",40.5802397,-74.1018122,584.905660377358
"Multi-family home for sale",1380000,5,3,2184.207862,"East Elmhurst, NY 11369","31-32 100th StEast Elmhurst, NY 11369","New York","Queens County","31-32 100th St, Flushing, NY 11369, USA",40.7600366,-73.8692081,631.807999599628
"House for sale",1100000,4,2,1800,"Staten Island, NY 10307","7372 Amboy RdStaten Island, NY 10307","New York","Richmond County","7372 Amboy Rd, Staten Island, NY 10307, USA",40.5103369,-74.2424867,611.111111111111
"Co-op for sale",865000,1,1,2184.207862,"Manhattan, NY 10016","407 Park Ave S Apt 11DManhattan, NY 10016","New York County","New York","407 Park Ave S Apartment 11b, New York, NY 10016, USA",40.743373,-73.983626,396.024579459187
"Pending",1895000,3,2,1230,"Brooklyn, NY 11201","47 Bridge St Apt 3CBrooklyn, NY 11201","Kings County","Brooklyn","47 Bridge St #3c, Brooklyn, NY 11201, USA",40.7032131,-73.9845345,1540.65040650407
"House for sale",749000,3,2,1800,"Staten Island, NY 10314","93 Gower StStaten Island, NY 10314","New York","Richmond County","93 Gower St, Staten Island, NY 10314, USA",40.6105648,-74.1237991,416.111111111111
"Multi-family home for sale",775000,5,2,1600,"Bronx, NY 10465","2951 Harding AveBronx, NY 10465","New York","Bronx County","2951 Harding Ave, Bronx, NY 10465, USA",40.8166622,-73.8139448,484.375
"Co-op for sale",2395000,2,2,1650,"New York, NY 10022","320 E 57th St # ENew York, NY 10022","New York","New York County","320 E 57th St, New York, NY 10022, USA",40.7588081,-73.9647057,1451.51515151515
"Multi-family home for sale",2300000,8,6,4000,"Brooklyn, NY 11228","123 Bay 10th StBrooklyn, NY 11228","New York","Kings County","123 Bay 10th St, Brooklyn, NY 11228, USA",40.608367,-74.0112145,575
"Condo for sale",7e+05,1,2,900,"New York, NY 10030","138 Edgecombe Avenue Gdn Unit 1ANew York, NY 10030","New York County","New York","138 Edgecombe Ave #1a, New York, NY 10030, USA",40.8211582,-73.9445475,777.777777777778
"Condo for sale",450000,3,1,494,"Brooklyn, NY 11220","4907 4th Ave Apt 3CBrooklyn, NY 11220","Kings County","Brooklyn","4907 4th Ave #3c, Brooklyn, NY 11220, USA",40.646643,-74.011966,910.931174089069
"Co-op for sale",280000,3,1,2184.207862,"Manhattan, NY 10028","431 E 82nd St Apt 1AManhattan, NY 10028","New York County","New York","431 E 82nd St #1a, New York, NY 10028, USA",40.7737792,-73.9495867,128.192927454997
"Condo for sale",3890000,3,4,2446,"New York, NY 10017","219 E 44th St Unit 31New York, NY 10017","New York County","New York","219 E 44th St #31, New York, NY 10017, USA",40.7518502,-73.9725168,1590.3515944399
"Pending",560000,2,1,2184.207862,"Brooklyn, NY 11211","345 Bedford Ave Apt D2Brooklyn, NY 11211","Kings County","Brooklyn","345 Bedford Ave d2, Brooklyn, NY 11211, USA",40.7121147,-73.9626871,256.385854909994
"Co-op for sale",198000,1,1,2184.207862,"Rego Park, NY 11374","65-15 Alderton St Unit 1ARego Park, NY 11374","Queens County","Queens","65-15 Alderton St #1a, Rego Park, NY 11374, USA",40.720847,-73.858929,90.6507129860336
"House for sale",1099000,3,2,1092,"Staten Island, NY 10305","8 Piedmont AveStaten Island, NY 10305","New York","Richmond County","8 Piedmont Ave, Staten Island, NY 10305, USA",40.6038744,-74.0739123,1006.41025641026
"Co-op for sale",779000,1,1,800,"New York, NY 10024","321 W 90th St Apt 8DNew York, NY 10024","New York County","New York","321 W 90th St #8d, New York, NY 10024, USA",40.792004,-73.9767816,973.75
"Multi-family home for sale",1880000,5,2,1850,"Brooklyn, NY 11204","6820 17th AveBrooklyn, NY 11204","New York","Kings County","6820 17th Ave, Brooklyn, NY 11204, USA",40.6184547,-73.9949244,1016.21621621622
"House for sale",509000,3,1,1100,"Bronx, NY 10465","3054 Lawton AveBronx, NY 10465","New York","Bronx County","3054 Lawton Ave, Bronx, NY 10465, USA",40.8181427,-73.8105454,462.727272727273
"Condo for sale",499000,1,1,845,"Brooklyn, NY 11230","2068 Ocean Ave Apt 2BBrooklyn, NY 11230","Kings County","Brooklyn","2068 Ocean Ave #2b, Brooklyn, NY 11230, USA",40.611469,-73.954103,590.532544378698
"Co-op for sale",204888,3,1,2184.207862,"Forest Hills, NY 11375","67-12 Yellowstone Blvd Unit G16Forest Hills, NY 11375","Queens County","Queens","6712 Yellowstone Blvd Apt G16, Forest Hills, NY 11375, USA",40.7284499,-73.8492399,93.8042590014265
"Multi-family home for sale",1499000,8,3,3300,"Bronx, NY 10466","713 E 239th StBronx, NY 10466","New York","Bronx County","713 E 239th St, Bronx, NY 10466, USA",40.8998618,-73.852221,454.242424242424
"House for sale",1295000,8,3,3050,"Brooklyn, NY 11235","3043 Brighton 14 StBrooklyn, NY 11235","New York","Kings County","3043 Brighton 14th St, Brooklyn, NY 11235, USA",40.578698,-73.9551566,424.590163934426
"Co-op for sale",7500000,3,2.37386085796844,6000,"Manhattan, NY 10012","515 Broadway Apt 2BManhattan, NY 10012","New York County","New York","515 Broadway #2b, New York, NY 10012, USA",40.7227148,-73.9993678,1250
"Condo for sale",395000,1,1,519,"Queens, NY 11367","70-13 Park Dr Unit AQueens, NY 11367","New York","Queens County","7013A Park Dr E, Flushing, NY 11367, USA",40.7267616,-73.8294609,761.078998073218
"Multi-family home for sale",760000,4,2,1490,"Staten Island, NY 10305","446 Clifton AveStaten Island, NY 10305","New York","Richmond County","446 Clifton Ave, Staten Island, NY 10305, USA",40.6100159,-74.0754726,510.06711409396
"House for sale",988000,4,3,1552,"Flushing, NY 11366","158-34 75th AveFlushing, NY 11366","New York","Queens County","158-34 75th Ave, Flushing, NY 11366, USA",40.7264779,-73.8093514,636.59793814433
"Condo for sale",528000,2,1,753,"Flushing, NY 11367","69-88 136th St Unit BFlushing, NY 11367","New York","Queens County","6988 136th St, Flushing, NY 11367, USA",40.7267616,-73.8294609,701.195219123506
"Multi-family home for sale",949000,5,4,2184.207862,"Brooklyn, NY 11207","587 Van Siclen AveBrooklyn, NY 11207","New York","Kings County","587 Van Siclen Ave, Brooklyn, NY 11207, USA",40.6651608,-73.8881575,434.482457695686
"Condo for sale",420000,2,1,840,"Staten Island, NY 10314","1286 Rockland Ave Unit 2HHStaten Island, NY 10314","Richmond County","Staten Island","1286 Rockland Ave #2h, Staten Island, NY 10314, USA",40.5945609,-74.1596635,500
"Pending",1380000,6,4,2184.207862,"Flushing, NY 11355","150-39 59th AveFlushing, NY 11355","New York","Queens County","15039 59th Ave, Flushing, NY 11355, USA",40.7416665,-73.8173924,631.807999599628
"Condo for sale",1750000,3,2,1494,"New York, NY 10024","203 W 81st St Apt 2ANew York, NY 10024","New York County","New York","203 W 81st St #2a, New York, NY 10024, USA",40.7847793,-73.9778528,1171.35207496653
"Co-op for sale",268000,1,1,850,"Flushing, NY 11354","142-20 26 Ave Unit 5GFlushing, NY 11354","Queens County","Queens","14220 26th Ave #5b, Flushing, NY 11354, USA",40.7741978,-73.8256676,315.294117647059
"House for sale",849000,3,2,2184.207862,"Corona, NY 11368","11019 Saultell AveCorona, NY 11368","New York","Queens County","110-19 Saultell Ave, Flushing, NY 11368, USA",40.7398873,-73.8506134,388.699269318901
"Multi-family home for sale",1095000,3,2,2184.207862,"Astoria, NY 11103","31-36 48th StAstoria, NY 11103","New York","Queens County","31-36 48th St, Long Island City, NY 11103, USA",40.757489,-73.9116062,501.325912725792
"Condo for sale",4295000,3,2,2615,"New York, NY 10019","426 W 58th St Ph 3New York, NY 10019","New York County","New York","426 W 58th St PH 3, New York, NY 10019, USA",40.7688045,-73.9862514,1642.44741873805
"Multi-family home for sale",720000,3,2,2184.207862,"Richmond Hill, NY 11418","126-15 103rd AveRichmond Hill, NY 11418","New York","Queens County","126-15 103rd Ave, South Richmond Hill, NY 11419, USA",40.6899814,-73.8185297,329.638956312849
"Multi-family home for sale",1900000,3,2.37386085796844,3500,"Bronx, NY 10462","1838 Victor StBronx, NY 10462","New York","Bronx County","1838 Victor St, Bronx, NY 10462, USA",40.8462523,-73.8671523,542.857142857143
"House for sale",729999,3,2,1056,"Jamaica, NY 11436","120-15 145th StJamaica, NY 11436","New York","Queens County","120-15 145th St, Jamaica, NY 11436, USA",40.6762428,-73.7945184,691.286931818182
"Co-op for sale",425000,3,1,2184.207862,"New York, NY 10025","207 W 98th St Apt 1AANew York, NY 10025","New York County","New York","207 W 98th St #1a, New York, NY 10025, USA",40.7957436,-73.9699861,194.578550601335
"House for sale",848000,3,3,1080,"Brooklyn, NY 11204","1645 71st StBrooklyn, NY 11204","New York","Kings County","1645 71st St, Brooklyn, NY 11204, USA",40.6180243,-73.9971092,785.185185185185
"Multi-family home for sale",795000,3,2,1725,"Brooklyn, NY 11233","1051 Herkimer StBrooklyn, NY 11233","New York","Kings County","1051 Herkimer St, Brooklyn, NY 11233, USA",40.6781645,-73.9185084,460.869565217391
"Pending",749000,3,1,2184.207862,"Little Neck, NY 11362","7 Van Nostrand CtLittle Neck, NY 11362","New York","Queens County","7 Van Nostrand Ct, Little Neck, NY 11362, USA",40.7714035,-73.733393,342.916080942117
"Condo for sale",1350000,2,1,2184.207862,"Brooklyn, NY 11217","659 Baltic St Unit PhBrooklyn, NY 11217","New York","Kings County","659 Baltic St, Brooklyn, NY 11217, USA",40.6799762,-73.9787904,618.073043086592
"Co-op for sale",649000,2,2,1500,"Floral Park, NY 11005","27010 Grand Central Pkwy Apt 25KFloral Park, NY 11005","Queens County","Queens","270-10 Grand Central Pkwy #25k, Little Neck, NY 11362, USA",40.7568337,-73.715194,432.666666666667
"Co-op for sale",439000,2,1,900,"Bayside, NY 11360","13-56 Bell Blvd Unit 2Bayside, NY 11360","Queens County","Queens","13-56 Bell Blvd #2, Bayside, NY 11360, USA",40.7877465,-73.7810708,487.777777777778
"Multi-family home for sale",1699000,5,5,2184.207862,"Astoria, NY 11105","42-11 Astoria Blvd NAstoria, NY 11105","New York","Queens County","42-11 Astoria Blvd N, Astoria, NY 11105, USA",40.7691484,-73.9073703,777.856370521571
"Condo for sale",2375000,2,2,986,"Queens, NY 11101","3 Court Sq W Ph 202Queens, NY 11101","New York","Queens County","3 Ct Square W, Long Island City, NY 11101, USA",40.7478785,-73.9444755,2408.72210953347
"Co-op for sale",349999,1,1,2184.207862,"Rego Park, NY 11374","97-37 63rd Rd Unit 11FRego Park, NY 11374","Queens County","Queens","97-37 63rd Rd #11f, Rego Park, NY 11374, USA",40.7318958,-73.8599645,160.240701486862
"House for sale",425000,2,1,2184.207862,"Jamaica, NY 11436","117-23 142nd StJamaica, NY 11436","New York","Queens County","117-23 142nd St, Jamaica, NY 11436, USA",40.6779035,-73.799284,194.578550601335
"House for sale",1650000,3,4,2272,"Brooklyn, NY 11235","132 Oxford StBrooklyn, NY 11235","New York","Kings County","132 Oxford St, Brooklyn, NY 11235, USA",40.5799535,-73.9383472,726.232394366197
"Pending",1225000,4,2,2184.207862,"Queens, NY 11372","34-47 80th St Unit 31Queens, NY 11372","Queens County","Queens","3447 80th St Apt 31, Jackson Heights, NY 11372, USA",40.7535399,-73.8868899,560.844057615612
"House for sale",699000,3,2.37386085796844,2184.207862,"Brooklyn, NY 11236","10557 Avenue KBrooklyn, NY 11236","New York","Kings County","10557 Avenue K, Brooklyn, NY 11236, USA",40.64539,-73.8897652,320.024486753724
"Co-op for sale",1150000,1,1,984,"Brooklyn, NY 11201","40 Remsen St Apt 4Brooklyn, NY 11201","Kings County","Brooklyn","40 Remsen St Apt 4, Brooklyn, NY 11201, USA",40.6946221,-73.9969945,1168.69918699187
"House for sale",2399000,5,5,2184.207862,"Brooklyn, NY 11234","208 Mayfair Dr NBrooklyn, NY 11234","New York","Kings County","208 Mayfair Dr N, Brooklyn, NY 11234, USA",40.6115517,-73.9061979,1098.33868915906
"Multi-family home for sale",989000,8,5,3252,"Bronx, NY 10466","855 E 223rd StBronx, NY 10466","New York","Bronx County","855 E 223rd St, Bronx, NY 10466, USA",40.8850441,-73.8562999,304.120541205412
"Co-op for sale",318888,1,1,875,"Corona, NY 11368","99-25 60th Ave Unit 6GCorona, NY 11368","Queens County","Queens","99-25 60th Ave #6g, Corona, NY 11368, USA",40.736926,-73.8577614,364.443428571429
"Co-op for sale",799000,2,2,1549,"Floral Park, NY 11005","27010 Grand Central Pkwy Apt 24KFloral Park, NY 11005","Queens County","Queens","270-10 Grand Central Pkwy #24k, Little Neck, NY 11362, USA",40.7568337,-73.715194,515.816655907037
"Co-op for sale",489000,2,1,950,"Brooklyn, NY 11209","9201 Shore Rd Apt D509Brooklyn, NY 11209","Kings County","Brooklyn","9201 Shore Rd #509, Brooklyn, NY 11209, USA",40.620502,-74.0396973,514.736842105263
"Co-op for sale",398000,2,1,900,"Brooklyn, NY 11209","181 73rd St Apt 457Brooklyn, NY 11209","Kings County","Brooklyn","181 73rd St Apt 457, Brooklyn, NY 11209, USA",40.6337679,-74.0305471,442.222222222222
"House for sale",1190000,3,2,1088,"Brooklyn, NY 11235","186 Mackenzie StBrooklyn, NY 11235","New York","Kings County","186 Mackenzie St, Brooklyn, NY 11235, USA",40.5787747,-73.9401956,1093.75
"Townhouse for sale",795000,5,2,2184.207862,"Brooklyn, NY 11208","1065 Hegeman AveBrooklyn, NY 11208","New York","Kings County","1065 Hegeman Ave, Brooklyn, NY 11208, USA",40.6678086,-73.8739629,363.976347595438
"Multi-family home for sale",750000,3,4,2184.207862,"Brooklyn, NY 11203","4701 Beverley RdBrooklyn, NY 11203","New York","Kings County","4701 Beverley Rd, Brooklyn, NY 11203, USA",40.6463635,-73.9325263,343.373912825885
"Condo for sale",899999,3,3,1750,"Flushing, NY 11354","148-09 Northern Blvd Unit 5GFlushing, NY 11354","Queens County","Queens","148-09 Northern Blvd #5d, Flushing, NY 11354, USA",40.7654814,-73.8178731,514.285142857143
"Condo for sale",1325000,3,2,1597,"Brooklyn, NY 11209","9511 Shore Rd Apt 503Brooklyn, NY 11209","Kings County","Brooklyn","9511 Shore Rd APT 503, Brooklyn, NY 11209, USA",40.6163434,-74.0377889,829.680651221039
"Townhouse for sale",595000,1,2,846,"Brooklyn, NY 11213","943 Saint Marks Ave Apt 1ABrooklyn, NY 11213","Kings County","Brooklyn","943 St Marks Ave #1a, Brooklyn, NY 11213, USA",40.6749628,-73.9401841,703.309692671395
"Condo for sale",330000,1,1,726,"Staten Island, NY 10301","215 Hart Blvd Apt 2BStaten Island, NY 10301","Richmond County","Staten Island","215 Hart Blvd #2b, Staten Island, NY 10301, USA",40.6299335,-74.0999243,454.545454545455
"Condo for sale",2998000,3,3,1763,"Queens, NY 11109","46-30 Center Blvd Ph 4Queens, NY 11109","New York","Queens County","4630 Center Blvd, Long Island City, NY 11109, USA",40.7465758,-73.9569744,1700.51049347703
"Co-op for sale",425000,2,1,2184.207862,"Brooklyn, NY 11206","86 Beaver St Apt 2JBrooklyn, NY 11206","Kings County","Brooklyn","86 Beaver St #2j, Brooklyn, NY 11206, USA",40.699914,-73.936622,194.578550601335
"Co-op for sale",345000,2,1,1000,"Bronx, NY 10463","2711 Henry Hudson Pkwy Apt 5GBronx, NY 10463","Bronx County","The Bronx","2711 Henry Hudson Pkwy #5g, Bronx, NY 10463, USA",40.8819273,-73.9172822,345
"Condo for sale",999000,2,2,1187,"Flushing, NY 11355","133-38 Sanford Ave Unit 16DFlushing, NY 11355","Queens County","Queens","13338 Sanford Ave # 16b, Flushing, NY 11355, USA",40.7560001,-73.8293002,841.61752316765
"House for sale",450000,3,2.37386085796844,2184.207862,"Queens, NY 11413","125-15 Defoe StQueens, NY 11413","New York","Queens County","125-15 Defoe St, Jamaica, NY 11413, USA",40.681047,-73.754428,206.024347695531
"Co-op for sale",135000,2,1,750,"Bronx, NY 10459","950 Hoe Ave Apt 4CBronx, NY 10459","Bronx County","The Bronx","950 Hoe Ave #4c, Bronx, NY 10459, USA",40.8224272,-73.8900397,180
"Condo for sale",261250,2,1,857,"Bronx, NY 10459","1017 Faile St Unit 1017BBronx, NY 10459","Bronx County","The Bronx","1017 Faile St #1017A, Bronx, NY 10459, USA",40.8245968,-73.8898403,304.842473745624
"Condo for sale",728000,3,2,1450,"Woodside, NY 11377","41-38 66th St Unit 5BWoodside, NY 11377","Queens County","Queens","41-38 66th St #5b, Woodside, NY 11377, USA",40.7436792,-73.8983202,502.068965517241
"Pending",199000,3,2,1100,"Bronx, NY 10456","1259 Grant Ave Apt 5HBronx, NY 10456","Bronx County","The Bronx","1259 Grant Ave #5h, Bronx, NY 10456, USA",40.8344217,-73.914718,180.909090909091
"Multi-family home for sale",3200000,3,2.37386085796844,3735,"New York, NY 10035","2117 5th AveNew York, NY 10035","New York","New York County","2117 5th Ave, New York, NY 10035, USA",40.8093495,-73.9398627,856.760374832664
"Condo for sale",1950000,3,3,1300,"Manhattan, NY 10028","300 E 85th St Unit 1103/1104Manhattan, NY 10028","New York County","New York","300 E 85th St Apt 1103, New York, NY 10028, USA",40.7770634,-73.9522998,1500
"Co-op for sale",6e+05,2,2,900,"New York, NY 10033","736 W 186th St Apt 7GNew York, NY 10033","New York County","New York","736 W 186th St #7g, New York, NY 10033, USA",40.8535911,-73.9359601,666.666666666667
"Condo for sale",569000,1,1,739,"Brooklyn, NY 11223","390 Kings Hwy Apt 5DBrooklyn, NY 11223","Kings County","Brooklyn","390 Kings Hwy #5d, Brooklyn, NY 11223, USA",40.604365,-73.9757485,769.959404600812
"Co-op for sale",749000,1,1,2184.207862,"Manhattan, NY 10012","57 Thompson St Apt 2BManhattan, NY 10012","New York County","New York","57 Thompson St #2b, New York, NY 10012, USA",40.7241044,-74.0035529,342.916080942117
"House for sale",2488000,4,2.37386085796844,3850,"Brooklyn, NY 11235","232 Beaumont StBrooklyn, NY 11235","New York","Kings County","232 Beaumont St, Brooklyn, NY 11235, USA",40.5762337,-73.9511136,646.233766233766
"Multi-family home for sale",1138000,5,3,1026,"Brooklyn, NY 11219","1520 63rd StBrooklyn, NY 11219","New York","Kings County","1520 63rd St, Brooklyn, NY 11219, USA",40.6240315,-73.9954118,1109.16179337232
"Multi-family home for sale",1359000,11,6,2240,"Brooklyn, NY 11221","1353 Putnam AveBrooklyn, NY 11221","New York","Kings County","1353 Putnam Ave, Brooklyn, NY 11221, USA",40.6941915,-73.913053,606.696428571429
"Multi-family home for sale",3720000,8,8,5500,"Manhattan, NY 10002","29 Essex StManhattan, NY 10002","New York","New York County","29 Essex St, New York, NY 10002, USA",40.7158959,-73.989796,676.363636363636
"Multi-family home for sale",974998,7,2,2184.207862,"Brooklyn, NY 11208","759 Glenmore AveBrooklyn, NY 11208","New York","Kings County","759 Glenmore Ave, Brooklyn, NY 11208, USA",40.675444,-73.8823121,446.385171009883
"Co-op for sale",3e+05,3,1,600,"Brooklyn, NY 11218","599 E 7th St Apt 4GBrooklyn, NY 11218","Kings County","Brooklyn","599 E 7th St #4g, Brooklyn, NY 11218, USA",40.6372695,-73.9712947,500
"House for sale",729000,3,3,2184.207862,"Saint Albans, NY 11412","110-36 199th StSaint Albans, NY 11412","New York","Queens County","110-36 199th St, Jamaica, NY 11412, USA",40.7052223,-73.7583006,333.75944326676
"Co-op for sale",750000,2,2,2184.207862,"New York, NY 10065","575 Park Ave # 1508New York, NY 10065","New York County","New York","575 Park Ave # 1508, New York, NY 10065, USA",40.7651716,-73.9678719,343.373912825885
"House for sale",599000,3,2,1120,"Staten Island, NY 10314","45 Bogota StStaten Island, NY 10314","New York","Richmond County","45 Bogota St, Staten Island, NY 10314, USA",40.5863749,-74.1470603,534.821428571429
"Townhouse for sale",11950000,6,5,5336,"New York, NY 10021","27 E 73rd StNew York, NY 10021","New York","New York County","27 E 73rd St, New York, NY 10021, USA",40.772751,-73.9650884,2239.50524737631
"Co-op for sale",825000,1,2,1100,"New York, NY 10128","180 E End Ave Apt 18HNew York, NY 10128","New York County","New York","180 East End Ave #18h, New York, NY 10128, USA",40.7766673,-73.9439269,750
"House for sale",8e+05,3,2.37386085796844,2184.207862,"Brooklyn, NY 11221","742 Lexington AveBrooklyn, NY 11221","New York","Kings County","742 Lexington Ave, Brooklyn, NY 11221, USA",40.6899365,-73.9294828,366.265507014277
"Co-op for sale",289000,3,1,2184.207862,"Brooklyn, NY 11218","36 Dahill Rd Apt 1LBrooklyn, NY 11218","Kings County","Brooklyn","36 Dahill Rd #1l, Brooklyn, NY 11218, USA",40.646116,-73.98134,132.313414408908
"Condo for sale",4750000,4,4,4100,"New York, NY 10011","116 W 14th St Fl 4New York, NY 10011","New York County","New York","116 W 14th St FL 4, New York, NY 10011, USA",40.7375173,-73.9979625,1158.53658536585
"Co-op for sale",899999,2,1,2184.207862,"New York, NY 10003","224 E 11th St Apt 22New York, NY 10003","New York County","New York","224 E 11th St Apt 22, New York, NY 10003, USA",40.7308571,-73.9878596,412.048237559178
"Townhouse for sale",868000,2,2,1152,"Middle Village, NY 11379","58-36 79th StMiddle Village, NY 11379","New York","Queens County","58-36 79th St, Flushing, NY 11379, USA",40.7259203,-73.8814296,753.472222222222
"Condo for sale",3995000,3,3,1637,"Manhattan, NY 10011","450 W 17th St Apt 1709Manhattan, NY 10011","New York County","New York","450 W 17th St APT 1709, New York, NY 10011, USA",40.7435613,-74.0063336,2440.43982895541
"House for sale",1500000,3,2,1240,"Brooklyn, NY 11214","243 Bay 13 StBrooklyn, NY 11214","New York","Kings County","243 Bay 13th St, Brooklyn, NY 11214, USA",40.6045606,-74.0114555,1209.67741935484
"House for sale",625000,4,2,2184.207862,"Brooklyn, NY 11234","1797 Troy AveBrooklyn, NY 11234","New York","Kings County","1797 Troy Ave, Brooklyn, NY 11234, USA",40.6283989,-73.9334448,286.144927354904
"Pending",749000,1,1,2184.207862,"Manhattan, NY 10014","88 Charles St Apt 3DManhattan, NY 10014","New York County","New York","88 Charles St #3d, New York, NY 10014, USA",40.7345653,-74.0041732,342.916080942117
"House for sale",520000,3,2.37386085796844,1705,"Bronx, NY 10457","503 E 182nd StBronx, NY 10457","New York","Bronx County","503 E 182nd St, Bronx, NY 10457, USA",40.8536129,-73.8933593,304.985337243402
"Multi-family home for sale",749900,5,2,1400,"Brooklyn, NY 11208","159 Montauk AveBrooklyn, NY 11208","New York","Kings County","159 Montauk Ave., Brooklyn, NY 11208, USA",40.6754664,-73.8780744,535.642857142857
"Multi-family home for sale",799000,6,4,2310,"Bronx, NY 10466","669 E 237th StBronx, NY 10466","New York","Bronx County","669 E 237th St, Bronx, NY 10466, USA",40.897885,-73.8562199,345.887445887446
"Co-op for sale",959000,3,4,1993,"Floral Park, NY 11005","27110 Grand Central Pkwy Apt 11VFloral Park, NY 11005","Queens County","Queens","27110 Grand Central Pkwy #11, Queens Village, NY 11005, USA",40.7564761,-73.7212008,481.18414450577
"Multi-family home for sale",888000,5,3,2980,"East Flatbush, NY 11203","228 E 89th StEast Flatbush, NY 11203","New York","Kings County","228 E 89th St, Brooklyn, NY 11236, USA",40.6484284,-73.9166783,297.986577181208
"House for sale",725000,2,2,988,"Staten Island, NY 10306","51 Bedford AveStaten Island, NY 10306","New York","Richmond County","51 Bedford Ave, Staten Island, NY 10306, USA",40.5821761,-74.1078688,733.805668016194
"Condop for sale",1065000,2,2,2184.207862,"Manhattan, NY 10128","215 E 96th St Unit 25CManhattan, NY 10128","New York","Manhattan","One Carnegie Hill, 215 E 96th St #25c, New York, NY 10128, USA",40.7850141,-73.9481639,487.590956212756
"Condo for sale",744000,2,1,890,"Queens, NY 11106","32-86 33rd St Unit D7Queens, NY 11106","Queens County","Queens","32-86 33rd St d7, Astoria, NY 11106, USA",40.7592629,-73.9257407,835.955056179775
"Pending",675000,3,0,2780,"Manhattan, NY 10007","41 Warren St Unit SubcManhattan, NY 10007","New York County","New York","41 Warren St b, New York, NY 10007, USA",40.7143933,-74.0088774,242.805755395683
"Condo for sale",4595000,4,4,3052,"New York, NY 10009","619 E 6th St Unit 1New York, NY 10009","New York County","New York","619 E 6th St #1, New York, NY 10009, USA",40.7241883,-73.9804574,1505.57011795544
"Co-op for sale",475000,1,1,2184.207862,"Brooklyn, NY 11238","213 Eastern Pkwy Apt 2Brooklyn, NY 11238","Kings County","Brooklyn","213 Eastern Pkwy #2, Brooklyn, NY 11238, USA",40.671881,-73.961562,217.470144789727
"Co-op for sale",189000,2,1,800,"Bronx, NY 10462","756 Brady Ave Apt 307Bronx, NY 10462","Bronx County","The Bronx","756 Brady Ave Apt 307, Bronx, NY 10462, USA",40.8522362,-73.8655005,236.25
"House for sale",998888,4,3,2184.207862,"Jamaica, NY 11436","115-04 144th StJamaica, NY 11436","New York","Queens County","115-04 144th St, Jamaica, NY 11436, USA",40.682563,-73.799077,457.322774713096
"Pending",4500000,1,2.37386085796844,5400,"Brooklyn, NY 11222","129 Russell St Unit CommercialBrooklyn, NY 11222","New York","Kings County","129 Russell St, Brooklyn, NY 11222, USA",40.7248276,-73.9446616,833.333333333333
"Multi-family home for sale",3250000,6,4,3059,"Brooklyn, NY 11238","68 Clifton PlBrooklyn, NY 11238","New York","Kings County","68 Clifton Pl, Brooklyn, NY 11238, USA",40.6877385,-73.9618932,1062.4387054593
"Multi-family home for sale",769000,7,2,2100,"Staten Island, NY 10304","222 Gordon StStaten Island, NY 10304","New York","Richmond County","222 Gordon St, Staten Island, NY 10304, USA",40.6219621,-74.0832854,366.190476190476
"House for sale",648998,3,2,1296,"Bronx, NY 10469","1361 Waring AveBronx, NY 10469","New York","Bronx County","1361 Waring Ave, Bronx, NY 10469, USA",40.8611669,-73.8467192,500.770061728395
"House for sale",1699900,7,5,2418,"Brooklyn, NY 11207","186 Covert StBrooklyn, NY 11207","New York","Kings County","186 Covert St., Brooklyn, NY 11207, USA",40.6898884,-73.9085265,703.019023986766
"Pending",3250000,8,5,2184.207862,"Brooklyn, NY 11218","1123 Albemarle RdBrooklyn, NY 11218","New York","Kings County","1123 Albemarle Rd, Brooklyn, NY 11218, USA",40.6467032,-73.9685896,1487.9536222455
"Co-op for sale",395250,1,1,650,"Astoria, NY 11106","31-85 Crescent St Unit 410Astoria, NY 11106","Queens County","Queens","3185 Crescent St Apt 410, Astoria, NY 11106, USA",40.7642499,-73.92761,608.076923076923
"House for sale",539000,3,2,972,"Staten Island, NY 10305","84 Nautilus StStaten Island, NY 10305","New York","Richmond County","84 Nautilus St, Staten Island, NY 10305, USA",40.6104417,-74.0628522,554.526748971193
"Townhouse for sale",1348000,5,2,2184.207862,"Queens, NY 11368","46-03 104 StQueens, NY 11368","New York","Queens County","46-03 104th St, Flushing, NY 11368, USA",40.7462947,-73.8595834,617.157379319057
"Condo for sale",1450000,3,3,1855,"Flushing, NY 11354","40-26 College Point Blvd Unit 18FFlushing, NY 11354","Queens County","Queens","40-26 College Point Blvd #18d, Flushing, NY 11354, USA",40.7573108,-73.8341865,781.67115902965
"Co-op for sale",465000,2,1,2184.207862,"Jackson Heights, NY 11372","37-50 87th St Unit 6BJackson Heights, NY 11372","New York","Queens County","37-50 87th St, Jackson Heights, NY 11372, USA",40.7483992,-73.8795703,212.891825952048
"Condo for sale",6500000,2,2,1639,"New York, NY 10019","1600 Broadway Ph 4CNew York, NY 10019","New York County","New York","1600 Broadway Ph 4b, New York, NY 10019, USA",40.7601885,-73.9843625,3965.83282489323
"Co-op for sale",297000,1,1,800,"Forest Hills, NY 11375","102-36 64 Ave Unit 4AForest Hills, NY 11375","Queens County","Queens","10236 64th Ave Apt 4d, Forest Hills, NY 11375, USA",40.7322799,-73.85181,371.25
"Co-op for sale",244900,1,1,518,"Glen Oaks, NY 11004","260-46 73rd Ave Unit A1Glen Oaks, NY 11004","Queens County","Queens","260-46 73rd Ave a1, Glen Oaks, NY 11004, USA",40.7511183,-73.7160095,472.779922779923
"House for sale",2480000,4,4,5150,"Whitestone, NY 11357","149-37 9th AveWhitestone, NY 11357","New York","Queens County","149-37 9th Ave, Flushing, NY 11357, USA",40.7932103,-73.8161976,481.553398058252
"Co-op for sale",230000,1,1,2184.207862,"Forest Hills, NY 11375","108-50 62 Dr Unit 3KForest Hills, NY 11375","Queens County","Queens","108-50 62nd Dr #3a, Flushing, NY 11375, USA",40.736005,-73.849174,105.301333266605
"Condo for sale",780000,2,2,825,"Brooklyn, NY 11230","618 Avenue H # 5EBrooklyn, NY 11230","New York","Kings County","618 Avenue H, Brooklyn, NY 11230, USA",40.6288601,-73.9704912,945.454545454545
"Townhouse for sale",4875000,3,3,2184.207862,"New York, NY 10016","130 E 38th StNew York, NY 10016","New York","New York County","130 E 38th St, New York, NY 10016, USA",40.748964,-73.978301,2231.93043336825
"Co-op for sale",539999,3,2,2184.207862,"Jackson Heights, NY 11372","33-04 93rd St Unit 6SJackson Heights, NY 11372","Queens County","Queens","33-04 93rd St Apt 6N, Jackson Heights, NY 11372, USA",40.7563263,-73.8752379,247.228759402753
"Co-op for sale",750000,2,2,1193,"Bronx, NY 10463","2621 Palisade Ave Apt 16ABronx, NY 10463","Bronx County","The Bronx","2621 Palisade Ave #16a, Bronx, NY 10463, USA",40.8825618,-73.9212739,628.667225481978
"Condo for sale",2249000,2,3,2321,"New York, NY 10016","211 Madison Ave Unit 22ANew York, NY 10016","New York County","New York","211 Madison Ave #22a, New York, NY 10016, USA",40.7486775,-73.9819284,968.978888410168
"Co-op for sale",270000,2,1,700,"Astoria, NY 11101","21-78 35 St Unit 5FAstoria, NY 11101","Queens County","Queens","21-78 35th St #5f, Astoria, NY 11105, USA",40.7751901,-73.9090015,385.714285714286
"Pending",399000,2,1,2184.207862,"New York, NY 10065","301 E 63rd St Apt 4BNew York, NY 10065","New York County","New York","301 E 63rd St #4b, New York, NY 10065, USA",40.7631466,-73.9622114,182.674921623371
"Co-op for sale",1950000,2,2,2184.207862,"Manhattan, NY 10014","56 Jane St Unit 4EFManhattan, NY 10014","New York County","New York","56 Jane St #4e, New York, NY 10014, USA",40.7380264,-74.0053843,892.7721733473
"Co-op for sale",240000,2,1,2184.207862,"Woodhaven, NY 11421","83-85 Woodhaven Blvd Unit 2SWoodhaven, NY 11421","Queens County","Queens","83-85 Woodhaven Blvd #2s, Woodhaven, NY 11421, USA",40.6987743,-73.8529203,109.879652104283
"Condo for sale",628000,3,2,900,"Elmhurst, NY 11373","82-25 Queens Blvd Unit 3DElmhurst, NY 11373","Queens County","Queens","82-25 Queens Blvd #3b, Elmhurst, NY 11373, USA",40.7376925,-73.8803546,697.777777777778
"Co-op for sale",399000,2,1,2184.207862,"Jackson Heights, NY 11372","34-10 94th St Unit 2DJackson Heights, NY 11372","Queens County","Queens","34-10 94th St #2d, Flushing, NY 11372, USA",40.7544847,-73.8740993,182.674921623371
"House for sale",687000,2,1,2184.207862,"Bronx, NY 10465","57 Shore DrBronx, NY 10465","New York","Bronx County","57 Shore Dr, Bronx, NY 10465, USA",40.8214203,-73.8062717,314.53050414851
"Townhouse for sale",588000,2,2,2000,"Staten Island, NY 10314","19 Teri CtStaten Island, NY 10314","New York","Richmond County","19 Teri Ct, Staten Island, NY 10314, USA",40.5904561,-74.1521059,294
"Multi-family home for sale",825000,5,3,2184.207862,"Bronx, NY 10472","1221 Manor AveBronx, NY 10472","New York","Bronx County","1221 Manor Ave, Bronx, NY 10472, USA",40.8296973,-73.8768124,377.711304108473
"Condo for sale",285000,2,1,835,"Bronx, NY 10462","1527 Metropolitan Ave Apt 4GBronx, NY 10462","Bronx County","The Bronx","1527 Metropolitan Ave #4g, Bronx, NY 10462, USA",40.8396194,-73.8587548,341.317365269461
"Condo for sale",595000,3,1,915,"Brooklyn, NY 11205","609 Myrtle Ave Unit CF1Brooklyn, NY 11205","Kings County","Brooklyn","609 Myrtle Ave C1, Brooklyn, NY 11205, USA",40.6944083,-73.9595899,650.273224043716
"Condo for sale",899000,2,2,1697,"Staten Island, NY 10301","90 Bay Street Lndg Apt 5IStaten Island, NY 10301","Richmond County","Staten Island","90 Bay Street Landing #5a, Staten Island, NY 10301, USA",40.6403656,-74.0737574,529.758397171479
"Townhouse for sale",2995000,5,2,4900,"New York, NY 10030","234 W 138th StNew York, NY 10030","New York","New York County","234 W 138th St, New York, NY 10030, USA",40.8178071,-73.9440991,611.224489795918
"House for sale",1180000,4,3,2184.207862,"Fresh Meadows, NY 11366","73-27 193rd StFresh Meadows, NY 11366","New York","Queens County","73-27 193rd St, Flushing, NY 11366, USA",40.7335974,-73.7788656,540.241622846059
"Contingent",799900,4,4,1816,"Staten Island, NY 10308","71 Dewey AveStaten Island, NY 10308","New York","Richmond County","71 Dewey Ave, Staten Island, NY 10308, USA",40.5570416,-74.1462231,440.473568281938
"House for sale",849999,3,2,2184.207862,"Flushing, NY 11367","147-20 76th RdFlushing, NY 11367","New York","Queens County","147-20 76th Rd, Flushing, NY 11367, USA",40.7226341,-73.8165656,389.156643370786
"Co-op for sale",185000,1,1,850,"Bronx, NY 10463","3123 Bailey Ave Unit ABronx, NY 10463","New York","Bronx County","3123 Bailey Ave, Bronx, NY 10463, USA",40.8789917,-73.9020914,217.647058823529
"House for sale",1275000,4,2.37386085796844,2184.207862,"Floral Park, NY 11001","87-66 257th StFloral Park, NY 11001","New York","Queens County","87-66 257th St, Queens, NY 11001, USA",40.7289806,-73.7083891,583.735651804004
"Multi-family home for sale",2798000,5,3,3400,"Brooklyn, NY 11215","1603 11th AveBrooklyn, NY 11215","New York","Kings County","1603 11th Ave, Brooklyn, NY 11215, USA",40.657854,-73.975525,822.941176470588
"Co-op for sale",359000,2,1,950,"Flushing, NY 11354","141-09 28 Ave Unit 1DFlushing, NY 11354","Queens County","Queens","141-9 28th Ave #1d, Flushing, NY 11354, USA",40.7733297,-73.8274665,377.894736842105
"Pending",435000,1,1,2184.207862,"Brooklyn, NY 11201","155 Hicks St Unit 5ABrooklyn, NY 11201","Kings County","Brooklyn","155 Hicks St #5a, Brooklyn, NY 11201, USA",40.6969047,-73.9948252,199.156869439013
"House for sale",988000,3,1,1296,"Flushing, NY 11355","43-64 Bowne StFlushing, NY 11355","New York","Queens County","43-64 Bowne St, Flushing, NY 11355, USA",40.7540089,-73.8189203,762.345679012346
"Co-op for sale",8e+05,1,1,2184.207862,"Manhattan, NY 10017","324 E 41st St Unit 1101CManhattan, NY 10017","New York County","New York","324 E 41st St #1101, New York, NY 10017, USA",40.7486602,-73.9720523,366.265507014277
"Co-op for sale",4e+05,2,1,2184.207862,"Jackson Heights, NY 11372","34-49 81st St Unit 5YJackson Heights, NY 11372","Queens County","Queens","3449 81st St Apt 5s, Jackson Heights, NY 11372, USA",40.7536299,-73.88596,183.132753507138
"Multi-family home for sale",965000,5,3,3520,"Bronx, NY 10472","1027 Ward AveBronx, NY 10472","New York","Bronx County","1027 Ward Ave, Bronx, NY 10472, USA",40.8247021,-73.8766066,274.147727272727
"Multi-family home for sale",1389000,5,2,2412,"Brooklyn, NY 11234","3824 Quentin RdBrooklyn, NY 11234","New York","Kings County","3824 Quentin Rd, Brooklyn, NY 11234, USA",40.6157428,-73.9345355,575.870646766169
"Condo for sale",525000,3,2,1185,"Bronx, NY 10473","170 Mermaid Ln Unit 270Bronx, NY 10473","Bronx County","The Bronx","170-174 Mermaid Ln #270, Bronx, NY 10473, USA",40.807969,-73.854213,443.037974683544
"Pending",289000,1,2,1213,"Floral Park, NY 11005","27110 Grand Central Pkwy Apt 1OFloral Park, NY 11005","Queens County","Queens","27110 Grand Central Pkwy #1o, Queens Village, NY 11005, USA",40.7564761,-73.7212008,238.252267106348
"Multi-family home for sale",1e+07,7,8,2184.207862,"New York, NY 10011","35 W 11th StNew York, NY 10011","New York","New York County","35 W 11th St, New York, NY 10011, USA",40.734814,-73.996305,4578.31883767846
"Co-op for sale",279000,2,1,2184.207862,"Bayside, NY 11364","73-22 220th St Unit UpperBayside, NY 11364","New York","Queens County","73- 22 220th St, Oakland Gardens, NY 11364, USA",40.7408626,-73.7553116,127.735095571229
"Townhouse for sale",15995000,5,2.37386085796844,2184.207862,"New York, NY 10014","65 Bedford StNew York, NY 10014","New York","New York County","65 Bedford St, New York, NY 10014, USA",40.7311289,-74.0048678,7323.0209808667
"Multi-family home for sale",1850000,3,4,2184.207862,"Brooklyn, NY 11204","6704 21st AveBrooklyn, NY 11204","New York","Kings County","6704 21st Ave, Brooklyn, NY 11204, USA",40.6140608,-73.9853215,846.988984970516
"Multi-family home for sale",2599000,11,6,5088,"Astoria, NY 11105","2061 49th StAstoria, NY 11105","New York","Queens County","20-61 49th St, Astoria, NY 11105, USA",40.7709381,-73.8973789,510.809748427673
"Co-op for sale",250000,1,1,800,"Brooklyn, NY 11230","1250 Ocean Pkwy Apt 3JBrooklyn, NY 11230","Kings County","Brooklyn","1250 Ocean Pkwy #3j, Brooklyn, NY 11230, USA",40.6180698,-73.9699744,312.5
"Co-op for sale",2250000,3,2,2000,"Brooklyn, NY 11215","120 Prospect Park W # 2Brooklyn, NY 11215","New York","Kings County","120 Prospect Park W, Brooklyn, NY 11215, USA",40.665708,-73.976288,1125
"Multi-family home for sale",1800000,9,7,2184.207862,"Astoria, NY 11105","23-16 36th StAstoria, NY 11105","New York","Queens County","23-16 36th St, Astoria, NY 11105, USA",40.7723063,-73.9110206,824.097390782123
"Co-op for sale",350000,3,2,1100,"Brooklyn, NY 11234","1200 E 53rd St Apt 4XBrooklyn, NY 11234","Kings County","Brooklyn","1200 E 53rd St #4c, Brooklyn, NY 11234, USA",40.6297036,-73.9255951,318.181818181818
"House for sale",1649000,4,3,1452,"Brooklyn, NY 11237","927 Hart StBrooklyn, NY 11237","New York","Kings County","927 Hart St, Brooklyn, NY 11237, USA",40.7039659,-73.9210676,1135.67493112948
"Pending",1395000,2,2,1028,"Brooklyn, NY 11215","357 6th Ave Apt 1Brooklyn, NY 11215","Kings County","Brooklyn","357 6th Ave Apartment 1, Brooklyn, NY 11215, USA",40.670563,-73.981488,1357.00389105058
"House for sale",1370000,6,3,2184.207862,"Jamaica, NY 11432","85-65 159th StJamaica, NY 11432","New York","Queens County","85-65 159th St, Jamaica, NY 11432, USA",40.7102471,-73.8049849,627.229680761949
"Co-op for sale",360000,2,1,2184.207862,"New York, NY 10030","128 W 138th Unit 1INew York, NY 10030","New York County","New York","128 W 138th St #1, New York, NY 10030, USA",40.8165004,-73.9411037,164.819478156425
"Co-op for sale",1050000,1,1,2184.207862,"New York, NY 10003","1 Fifth Ave Unit 10KNew York, NY 10003","New York","Manhattan","Glucksman Ireland House, 1 5th Ave #10c, New York, NY 10003, USA",40.7316673,-73.996478,480.723477956239
"Condo for sale",2200000,2,2,1308,"Manhattan, NY 10021","32 E 76th St Apt 805Manhattan, NY 10021","New York County","New York","32 E 76th St APT 805, New York, NY 10021, USA",40.7740269,-73.9632939,1681.95718654434
"House for sale",650000,3,2.37386085796844,1218,"Staten Island, NY 10304","23 Jackson StStaten Island, NY 10304","New York","Richmond County","23 Jackson St, Staten Island, NY 10304, USA",40.6306934,-74.0794192,533.661740558292
"House for sale",345000,3,2.37386085796844,2184.207862,"Queens, NY 11412","183-12 Elmira AveQueens, NY 11412","New York","Queens County","183-12 Elmira Ave, Jamaica, NY 11412, USA",40.701334,-73.772164,157.951999899907
"Townhouse for sale",7850000,5,4,6060,"Manhattan, NY 10003","128 E 19th StManhattan, NY 10003","New York","New York County","128 E 19th St, New York, NY 10003, USA",40.7366749,-73.9860561,1295.3795379538
"Multi-family home for sale",4999000,8,5,4120,"Manhattan, NY 10019","458 W 51st StManhattan, NY 10019","New York","New York County","458 W 51st St, New York, NY 10019, USA",40.764924,-73.9907911,1213.34951456311
"House for sale",4900000,4,2.37386085796844,3100,"New York, NY 10075","157 E 78th StNew York, NY 10075","New York","New York County","157 E 78th St, New York, NY 10075, USA",40.7742274,-73.9588396,1580.64516129032
"Pending",299000,3,1,2184.207862,"New York, NY 10019","465 W 57th St Apt 3BNew York, NY 10019","New York County","New York","465 W 57th St #3b, New York, NY 10019, USA",40.76907,-73.987788,136.891733246586
"House for sale",1578000,5,3,2152,"Fresh Meadows, NY 11365","67-27 181st StFresh Meadows, NY 11365","New York","Queens County","67-27 181st St, Flushing, NY 11365, USA",40.7346802,-73.7905086,733.271375464684
"House for sale",715000,3,2,2184.207862,"Saint Albans, NY 11412","194-11 112th AveSaint Albans, NY 11412","New York","Queens County","194-11 112th Ave, Jamaica, NY 11412, USA",40.701497,-73.7613803,327.34979689401
"Townhouse for sale",6e+05,3,1,2184.207862,"Brooklyn, NY 11233","40 Somers St Unit 2Brooklyn, NY 11233","Kings County","Brooklyn","40 Somers St # 2, Brooklyn, NY 11233, USA",40.6786381,-73.910662,274.699130260708
"House for sale",850000,3,2,1090,"Staten Island, NY 10304","101 Dalemere RdStaten Island, NY 10304","New York","Richmond County","101 Dalemere Rd, Staten Island, NY 10304, USA",40.5952951,-74.1039687,779.816513761468
"Condo for sale",1949000,2,2,1288,"New York, NY 10009","277 E 7th St Apt 2New York, NY 10009","New York County","New York","277 E 7th St APT 2, New York, NY 10009, USA",40.7234874,-73.976864,1513.19875776398
"Multi-family home for sale",1599999,5,4,3773,"Staten Island, NY 10312","160 Rathbun Ave Unit AStaten Island, NY 10312","New York","Richmond County","160 Rathbun Ave, Staten Island, NY 10312, USA",40.5461245,-74.1826661,424.065465147098
"House for sale",640000,3,2,1110,"Staten Island, NY 10308","58 Elmwood AveStaten Island, NY 10308","New York","Richmond County","58 Elmwood Ave, Staten Island, NY 10308, USA",40.542861,-74.154978,576.576576576577
"Contingent",799900,3,4,3510,"Staten Island, NY 10301","59 Park PlStaten Island, NY 10301","New York","Richmond County","59 Park Pl, Staten Island, NY 10301, USA",40.641795,-74.090599,227.891737891738
"Pending",1599000,6,4,3690,"Jackson Heights, NY 11372","33-17 85th StJackson Heights, NY 11372","New York","Queens County","33-17 85th St, Flushing, NY 11372, USA",40.7552678,-73.8822127,433.333333333333
"Contingent",695000,3,1,650,"New York, NY 10003","217 E 5th St Apt 8New York, NY 10003","New York County","New York","217 E 5th St Apt 8, New York, NY 10003, USA",40.727533,-73.99017,1069.23076923077
"Contingent",740000,3,2,1976,"Staten Island, NY 10305","391 Fingerboard RdStaten Island, NY 10305","New York","Richmond County","391 Fingerboard Rd, Staten Island, NY 10305, USA",40.6020874,-74.071448,374.493927125506
"Co-op for sale",329000,1,1,764,"Brooklyn, NY 11209","9902 3rd Ave Apt 2EBrooklyn, NY 11209","Kings County","Brooklyn","9902 3rd Ave #2e, Brooklyn, NY 11209, USA",40.6141658,-74.0353827,430.628272251309
"Multi-family home for sale",750000,4,2,2340,"Bronx, NY 10466","4325 Boyd AveBronx, NY 10466","New York","Bronx County","4325 Boyd Ave, Bronx, NY 10466, USA",40.8959494,-73.85177,320.51282051282
"House for sale",1450000,4,4,1746,"Brooklyn, NY 11209","227 90th StBrooklyn, NY 11209","New York","Kings County","227 90th St, Brooklyn, NY 11209, USA",40.6212482,-74.0338909,830.469644902635
"Condo for sale",1999999,3,3,1800,"Brooklyn, NY 11235","70 Oceana Dr W Ph 1DBrooklyn, NY 11235","Kings County","Brooklyn","70 Oceana Dr W Ph 1D, Brooklyn, NY 11235, USA",40.5770098,-73.958346,1111.11055555556
"House for sale",899888,4,2,2185,"Staten Island, NY 10314","467 Maine AveStaten Island, NY 10314","New York","Richmond County","467 Maine Ave, Staten Island, NY 10314, USA",40.6215947,-74.1404429,411.848054919908
"Co-op for sale",379000,2,1,900,"Flushing, NY 11367","78-16 Main St Unit 1KFlushing, NY 11367","Queens County","Queens","78-16 Main St #1f, Flushing, NY 11367, USA",40.7194655,-73.8183058,421.111111111111
"Multi-family home for sale",879000,4,2,1824,"Staten Island, NY 10308","11 Edgewood RdStaten Island, NY 10308","New York","Richmond County","11 Edgewood Rd, Staten Island, NY 10308, USA",40.5452993,-74.1492507,481.907894736842
"Co-op for sale",1030000,2,2,1077,"New York, NY 10128","217 E 96th St Apt 29CNew York, NY 10128","New York County","New York","217 E 96th St #29c, New York, NY 10128, USA",40.7849374,-73.9480901,956.36025998143
"Co-op for sale",699999,1,2,2184.207862,"New York, NY 10024","11 W 81st St Unit 1CNew York, NY 10024","New York County","New York","11 W 81st St #1c, New York, NY 10024, USA",40.7826608,-73.9723737,320.481860805609
"Co-op for sale",388000,2,1,2184.207862,"Forest Hills, NY 11375","67-66 108th St Units B & 65Forest Hills, NY 11375","New York","Queens County","67-66 108th St, Forest Hills, NY 11375, USA",40.7272034,-73.8471901,177.638770901924
"Condo for sale",1750000,1,1,937,"Manhattan, NY 10003","114 E 13th St Apt 3DManhattan, NY 10003","New York County","New York","114 E 13th St #3d, New York, NY 10003, USA",40.7330327,-73.9891825,1867.66275346852
"Co-op for sale",995000,1,1,2184.207862,"Brooklyn, NY 11249","111 N 9th St Apt 2LBrooklyn, NY 11249","Kings County","Brooklyn","111 N 9th St #2l, Brooklyn, NY 11249, USA",40.7201147,-73.9581256,455.542724349007
"House for sale",599999,5,4,2184.207862,"Jamaica, NY 11436","145-37 115th AveJamaica, NY 11436","New York","Queens County","145-37 115th Ave, Jamaica, NY 11436, USA",40.6836616,-73.7970345,274.698672428824
"Co-op for sale",3e+05,1,1,2184.207862,"Manhattan, NY 10026","209 W 118th St Apt 2FManhattan, NY 10026","New York County","New York","209 W 118th St #2f, New York, NY 10026, USA",40.8050658,-73.9524985,137.349565130354
"Co-op for sale",389000,1,1,900,"Elmhurst, NY 11373","44-10 Ketcham St Unit 5BElmhurst, NY 11373","Queens County","Queens","4410 Ketcham St #5b, Queens, NY 11373, USA",40.7427717,-73.8796707,432.222222222222
"Co-op for sale",875000,1,2,2184.207862,"New York, NY 10021","750 Park Ave Apt 9BNew York, NY 10021","New York County","New York","750 Park Ave #9b, New York, NY 10021, USA",40.7710157,-73.9642556,400.602898296865
"Condo for sale",3e+06,3,3,2100,"Manhattan, NY 10022","418 E 59th St # BManhattan, NY 10022","New York","New York County","418 E 59th St, New York, NY 10022, USA",40.7590132,-73.9612618,1428.57142857143
"Multi-family home for sale",850000,3,2,2194,"Bronx, NY 10465","1626 Research AveBronx, NY 10465","New York","Bronx County","1626 Research Ave, Bronx, NY 10465, USA",40.8467388,-73.8189548,387.420237010027
"Townhouse for sale",3595000,5,4,4675,"New York, NY 10031","549 W 149th StNew York, NY 10031","New York","New York County","549 W 149th St, New York, NY 10031, USA",40.828721,-73.947403,768.983957219251
"House for sale",925000,3,2,2184.207862,"Woodside, NY 11377","50-02 60th StWoodside, NY 11377","New York","Queens County","50-02 60th St, Queens, NY 11377, USA",40.737003,-73.904942,423.494492485258
"House for sale",799000,5,3,2184.207862,"Queens Village, NY 11429","112-20 210th StQueens Village, NY 11429","New York","Queens County","112-20 210th St, Queens Village, NY 11429, USA",40.7039425,-73.7459355,365.807675130509
"Pending",1399000,4,2,1800,"Bayside, NY 11361","35-12 213th StBayside, NY 11361","New York","Queens County","35-12 213th St, Flushing, NY 11361, USA",40.768361,-73.7747442,777.222222222222
"House for sale",1880000,3,5,1920,"Flushing, NY 11355","143-40 Poplar AveFlushing, NY 11355","New York","Queens County","143-40 Poplar Ave, Flushing, NY 11355, USA",40.7492709,-73.8119666,979.166666666667
"Co-op for sale",375000,3,1,2184.207862,"Manhattan, NY 10036","517 W 48th St Apt 2RWManhattan, NY 10036","New York County","New York","517 W 48th St Apartment 2rw, New York, NY 10036, USA",40.764038,-73.993548,171.686956412942
"Co-op for sale",269000,1,1,625,"Brooklyn, NY 11209","130 Bay Ridge Pkwy Apt 4HBrooklyn, NY 11209","Kings County","Brooklyn","130 Bay Ridge Pkwy #4h, Brooklyn, NY 11209, USA",40.632218,-74.0321902,430.4
"House for sale",4500000,6,4,2184.207862,"Whitestone, NY 11357","147-21 14th AveWhitestone, NY 11357","New York","Queens County","147-21 14th Ave, Whitestone, NY 11357, USA",40.7880839,-73.8180817,2060.24347695531
"House for sale",589000,3,2,1120,"Brooklyn, NY 11208","1316 Dumont AveBrooklyn, NY 11208","New York","Kings County","1316 Dumont Ave, Brooklyn, NY 11208, USA",40.6697595,-73.8692311,525.892857142857
"Co-op for sale",239000,1,1,700,"Brooklyn, NY 11229","1720 E 13th St Apt 1CBrooklyn, NY 11229","Kings County","Brooklyn","1720 E 13th St #1c, Brooklyn, NY 11229, USA",40.6073781,-73.9601827,341.428571428571
"Co-op for sale",385000,1,1,2184.207862,"Jackson Heights, NY 11372","35-40 82nd St Unit 2AJackson Heights, NY 11372","Queens County","Queens","35-40 82nd St #2a, Flushing, NY 11372, USA",40.7505242,-73.8847507,176.265275250621
"Condo for sale",1e+06,1,1,773,"New York, NY 10036","18 W 48th St Apt 9CNew York, NY 10036","New York County","New York","18 W 48th St #9c, New York, NY 10036, USA",40.7574596,-73.9793586,1293.66106080207
"Pending",2800000,5,4,3400,"Brooklyn, NY 11218","232 Argyle RdBrooklyn, NY 11218","New York","Kings County","232 Argyle Rd, Brooklyn, NY 11218, USA",40.6435168,-73.9669556,823.529411764706
"Contingent",789888,4,2,1865,"Staten Island, NY 10312","600 Annadale RdStaten Island, NY 10312","New York","Richmond County","600 Annadale Rd, Staten Island, NY 10312, USA",40.5476973,-74.1752129,423.532439678284
"House for sale",798000,3,2,760,"Corona, NY 11368","58-13 Waldron StCorona, NY 11368","New York","Queens County","58-13 Waldron St, Flushing, NY 11368, USA",40.7392555,-73.8523054,1050
"Co-op for sale",495000,1,1,2184.207862,"New York, NY 10003","54 E 1st St Apt 2CNew York, NY 10003","New York County","New York","54 E 1st St #2c, New York, NY 10003, USA",40.7238926,-73.9893733,226.626782465084
"Condo for sale",555000,1,1,649,"Fresh Meadows, NY 11366","158-15 Union Tpke Unit 411NFresh Meadows, NY 11366","Queens County","Queens","15815 Union Tpke #411n, Flushing, NY 11366, USA",40.7206509,-73.808539,855.161787365177
"Co-op for sale",1274000,3,2,2184.207862,"New York, NY 10016","111 E 36th St # 5ABNew York, NY 10016","New York County","New York","111 E 36th St #5a, New York, NY 10016, USA",40.7482245,-73.9795398,583.277819920236
"Co-op for sale",349000,2,1,2184.207862,"Kew Gardens, NY 11415","83-75 118 St Unit 2IKew Gardens, NY 11415","Queens County","Queens","83-75 118th St #2i, Jamaica, NY 11415, USA",40.7052273,-73.8336358,159.783327434978
"House for sale",2500000,3,2.37386085796844,2184.207862,"Brooklyn, NY 11215","1203 8th AveBrooklyn, NY 11215","New York","Kings County","1203 8th Ave, Brooklyn, NY 11215, USA",40.6637132,-73.9806843,1144.57970941962
"Pending",1250000,1,1,2184.207862,"Manhattan, NY 10011","17 W 10th St Apt 3NManhattan, NY 10011","New York County","New York","17 W 10th St #3b, New York, NY 10011, USA",40.7340094,-73.9963862,572.289854709808
"Townhouse for sale",2495000,8,8,5374,"Bronx, NY 10471","211 W 252nd St Unit TownhouseBronx, NY 10471","New York","Bronx County","211 W 252nd St, Bronx, NY 10471, USA",40.8980177,-73.8977004,464.27242277633
"Co-op for sale",749900,3,1,830,"New York, NY 10025","51 W 106th St Apt 3DNew York, NY 10025","New York County","New York","51 W 106th St #3d, New York, NY 10025, USA",40.798921,-73.961553,903.493975903614
"House for sale",1399900,4,4,3149,"Staten Island, NY 10305","292 Raritan AveStaten Island, NY 10305","New York","Richmond County","292 Raritan Ave, Staten Island, NY 10305, USA",40.5900537,-74.0906619,444.553826611623
"Condo for sale",948888,2,2,950,"Brooklyn, NY 11209","115 96th St Apt 6ABrooklyn, NY 11209","Kings County","Brooklyn","115 96th St #6a, Brooklyn, NY 11209, USA",40.6163216,-74.0374941,998.82947368421
"Pending",775000,4,2,1230,"Bellerose, NY 11426","92-19 241st StBellerose, NY 11426","New York","Queens County","92-19 241st St, Jamaica, NY 11426, USA",40.7258337,-73.7268795,630.081300813008
"House for sale",475000,3,2,1280,"Bronx, NY 10466","912 Cranford AveBronx, NY 10466","New York","Bronx County","912 Cranford Ave, Bronx, NY 10466, USA",40.9034885,-73.8435964,371.09375
"Condo for sale",2595000,3,3,1449,"Manhattan, NY 10128","200 E 94th St Apt 2610Manhattan, NY 10128","New York County","New York","200 E 94th St APT 2610, New York, NY 10128, USA",40.7833546,-73.9499982,1790.89026915114
"Multi-family home for sale",1199000,3,1,2726,"Staten Island, NY 10305","354 Buel AveStaten Island, NY 10305","New York","Richmond County","354 Buel Ave, Staten Island, NY 10305, USA",40.5837427,-74.0909372,439.838591342627
"Condo for sale",750000,1,1,654,"Brooklyn, NY 11206","129 Meserole St Apt 3BBrooklyn, NY 11206","Kings County","Brooklyn","129 Meserole St #3b, Brooklyn, NY 11206, USA",40.708157,-73.944452,1146.78899082569
"Condo for sale",713000,2,2,1040,"Brooklyn, NY 11214","217 Bay 49th St Unit 3ABrooklyn, NY 11214","New York","Kings County","217 Bay 49th St #3a, Brooklyn, NY 11214, USA",40.5855131,-73.9883977,685.576923076923
"Co-op for sale",3e+05,1,1,2184.207862,"Woodside, NY 11377","64-09 39 Ave Unit 1Woodside, NY 11377","Queens County","Queens","6409 39th Ave Apt 1, Woodside, NY 11377, USA",40.7464499,-73.89982,137.349565130354
"Co-op for sale",2695000,3,3,2184.207862,"Manhattan, NY 10024","316 W 79th St Apt 7WManhattan, NY 10024","New York County","New York","316 W 79th St Apt 7e, New York, NY 10024, USA",40.7843128,-73.9814804,1233.85692675435
"Co-op for sale",450000,2,2,2184.207862,"Glen Oaks, NY 11004","254-15 74 Ave Unit 1STGlen Oaks, NY 11004","Queens County","Queens","254-15 74th Ave #1st, Glen Oaks, NY 11004, USA",40.7475547,-73.718359,206.024347695531
"Co-op for sale",699000,1,1,2184.207862,"New York, NY 10025","760 W End Ave Apt 6CNew York, NY 10025","New York County","New York","760 West End Ave #6c, New York, NY 10025, USA",40.7959993,-73.9723278,320.024486753724
"Co-op for sale",225000,1,1,2184.207862,"Floral Park, NY 11005","269-10 Grand Central Pkwy Unit 9PFloral Park, NY 11005","New York","Queens County","269-10 Grand Central Pkwy, Queens, NY 11005, USA",40.7577974,-73.7159601,103.012173847765
"Condo for sale",5925000,3,4,2539,"Brooklyn, NY 11201","30 Front St Unit 15ABrooklyn, NY 11201","Kings County","Brooklyn","30 Front St #15a, Brooklyn, NY 11201, USA",40.7022,-73.990838,2333.59590389917
"Co-op for sale",255000,1,1,2184.207862,"Little Neck, NY 11362","245-18 62nd Ave Unit UpperLittle Neck, NY 11362","New York","Queens County","245-18 62nd Ave, Douglaston, NY 11362, USA",40.755562,-73.7316684,116.747130360801
"Multi-family home for sale",2500000,12,2.37386085796844,4140,"Brooklyn, NY 11204","1694 64th StBrooklyn, NY 11204","New York","Kings County","1694 64th St, Brooklyn, NY 11204, USA",40.6210191,-73.9921739,603.864734299517
"House for sale",2095000,4,4,3223,"Jamaica, NY 11432","166-21 Goethals AveJamaica, NY 11432","New York","Queens County","166-21 Goethals Ave, Jamaica, NY 11432, USA",40.7200361,-73.8007029,650.015513496742
"House for sale",10250000,7,6,5200,"New York, NY 10128","1211 Park AveNew York, NY 10128","New York","New York County","1211 Park Ave, New York, NY 10128, USA",40.7854792,-73.9528586,1971.15384615385
"Co-op for sale",750000,1,1,2184.207862,"Brooklyn, NY 11201","200 Congress St Apt 5DBrooklyn, NY 11201","Kings County","Brooklyn","200 Congress St #5d, Brooklyn, NY 11201, USA",40.6880273,-73.9950123,343.373912825885
"Townhouse for sale",2999000,9,8,5560,"Manhattan, NY 10035","1937 Madison Ave Unit TownhouseManhattan, NY 10035","New York","New York County","1937 Madison Ave, New York, NY 10035, USA",40.8052328,-73.9407352,539.388489208633
"Co-op for sale",199000,3,1,650,"Brooklyn, NY 11218","207 Ocean Pkwy Ste 1HBrooklyn, NY 11218","Kings County","Brooklyn","207 Ocean Pkwy Ste 1h, Brooklyn, NY 11218, USA",40.6449836,-73.9738362,306.153846153846
"Multi-family home for sale",1250000,7,3,1800,"Brooklyn, NY 11223","2528 West StBrooklyn, NY 11223","New York","Kings County","2528 West St, Brooklyn, NY 11223, USA",40.58761,-73.9698943,694.444444444444
"Co-op for sale",2425000,2,2,1300,"Manhattan, NY 10003","50 E 10th St Apt 6BManhattan, NY 10003","New York County","New York","50 E 10th St #6b, New York, NY 10003, USA",40.731874,-73.9921379,1865.38461538462
"Pending",205000,1,1,660,"Corona, NY 11368","5921 Calloway St Apt 2UCorona, NY 11368","Queens County","Queens","5921 Calloway St #2a, Corona, NY 11368, USA",40.7376662,-73.8566546,310.606060606061
"Co-op for sale",2500000,5,6,3860,"Manhattan, NY 10017","870 United Nations Plaza Plz Units 37 & 38CManhattan, NY 10017","New York","New York County","870 United Nations Plaza, New York, NY 10017, USA",40.7524819,-73.9654633,647.668393782383
"Co-op for sale",3499000,6,8,6000,"Manhattan, NY 10021","190 E 72nd St Units 23C & 24ABCManhattan, NY 10021","New York","New York County","190 E 72nd St, New York, NY 10021, USA",40.7698703,-73.9611404,583.166666666667
"Co-op for sale",649000,1,2,1000,"Manhattan, NY 10022","45 Sutton Pl S Apt 14GManhattan, NY 10022","New York","New York County","45 Sutton Pl S, New York, NY 10022, USA",40.7556274,-73.9614685,649
"Pending",729000,2,1,2184.207862,"New York, NY 10012","193 Bleecker St Apt 12BNew York, NY 10012","New York County","New York","193 Bleecker St #12b, New York, NY 10012, USA",40.7293904,-74.0013331,333.75944326676
"Multi-family home for sale",998500,3,2,2184.207862,"Brooklyn, NY 11226","929 Rogers AveBrooklyn, NY 11226","New York","Kings County","929 Rogers Ave, Brooklyn, NY 11226, USA",40.6476837,-73.9519338,457.145135942194
"Multi-family home for sale",765000,4,2,1152,"Bronx, NY 10466","858 E 223rd StBronx, NY 10466","New York","Bronx County","858 E 223rd St, Bronx, NY 10466, USA",40.8847302,-73.8563591,664.0625
"Condo for sale",599000,2,2,705,"Jackson Heights, NY 11372","37-32 89th St Unit 1BJackson Heights, NY 11372","Queens County","Queens","37-32 89th St #1b, Queens, NY 11372, USA",40.7494499,-73.8778676,849.645390070922
"Condo for sale",11500000,5,5,5276,"Manhattan, NY 10013","39 Lispenard St Unit 3RDFLOORManhattan, NY 10013","New York","New York County","39 Lispenard St, New York, NY 10013, USA",40.7198832,-74.0033836,2179.68157695224
"Co-op for sale",595000,1,2,2184.207862,"New York, NY 10022","465 Park Ave Unit 9ENew York, NY 10022","New York County","New York","465 Park Ave #9e, New York, NY 10022, USA",40.761641,-73.9702246,272.409970841869
"Co-op for sale",675000,1,1,2184.207862,"Manhattan, NY 10029","1270 Fifth Ave Unit 12JManhattan, NY 10029","New York County","New York","1270 5th Ave Apt 12h, New York, NY 10029, USA",40.7957847,-73.9498024,309.036521543296
"Multi-family home for sale",949000,8,3,3500,"Staten Island, NY 10301","90 Fillmore StStaten Island, NY 10301","New York","Richmond County","90 Fillmore St, Staten Island, NY 10301, USA",40.6445278,-74.0913961,271.142857142857
"Condo for sale",729000,2,2,950,"Flushing, NY 11354","149-06 Northern Blvd Unit 303Flushing, NY 11354","Queens County","Queens","14906 Northern Blvd # 303, Flushing, NY 11354, USA",40.7650102,-73.8167757,767.368421052632
"Contingent",895000,2,1,520,"New York, NY 10024","321 W 82nd St Apt 8New York, NY 10024","New York County","New York","321 W 82nd St APT 8, New York, NY 10024, USA",40.7868879,-73.9805511,1721.15384615385
"Multi-family home for sale",2449000,3,2.37386085796844,3000,"Bedford Stuyvesant, NY 11206","46 Pulaski StBedford Stuyvesant, NY 11206","New York","Kings County","46 Pulaski St, Brooklyn, NY 11206, USA",40.6921191,-73.9498754,816.333333333333
"Co-op for sale",399999,2,1,2184.207862,"Kew Gardens, NY 11415","83-80 118th St Unit 5EKew Gardens, NY 11415","Queens County","Queens","83-80 118th St #5e, Queens, NY 11415, USA",40.7047878,-73.8344551,183.132295675255
"Co-op for sale",397000,2,1,1000,"Elmhurst, NY 11373","84-20 51 Ave Unit 2BElmhurst, NY 11373","Queens County","Queens","84-20 51st Ave #2b, Elmhurst, NY 11373, USA",40.7381747,-73.8785246,397
"Townhouse for sale",950000,2,1,1800,"Brooklyn, NY 11232","219 26th StBrooklyn, NY 11232","New York","Kings County","219 26th St, Brooklyn, NY 11232, USA",40.6594527,-73.9975913,527.777777777778
"Condo for sale",3995000,4,3,2578,"New York, NY 10019","171 W 57th St Apt 8CNew York, NY 10019","New York County","New York","171 W 57th St #8c, New York, NY 10019, USA",40.7655712,-73.979561,1549.65089216447
"Co-op for sale",599000,1,1,780,"Brooklyn, NY 11209","8901 Shore Rd Apt 7EBrooklyn, NY 11209","Brooklyn","Fort Hamilton","Harbor View Towers, 8901 Shore Rd #7e, Brooklyn, NY 11209, USA",40.6230753,-74.0403471,767.948717948718
"Condo for sale",1999999,4,3,2729,"New York, NY 10005","50 Pine St Apt 2New York, NY 10005","New York County","New York","50 Pine St APT 2, New York, NY 10005, USA",40.7069134,-74.0085778,732.86881641627
"Co-op for sale",3370000,2,2,2184.207862,"New York, NY 10003","20 E 9th St # 14JNew York, NY 10003","New York County","New York","20 E 9th St #14j, New York, NY 10003, USA",40.7321377,-73.9947952,1542.89344829764
"Townhouse for sale",6995000,4,5,4187,"Brooklyn, NY 11201","92 Amity StBrooklyn, NY 11201","New York","Kings County","92 Amity St, Brooklyn, NY 11201, USA",40.6894191,-73.9977098,1670.64724146167
"House for sale",1598000,4,4,2184.207862,"Flushing, NY 11367","63-31 136 StFlushing, NY 11367","New York","Queens County","63-31 136th St, Flushing, NY 11367, USA",40.7392152,-73.8301205,731.615350261018
"Condo for sale",699000,2,2,1030,"Flushing, NY 11354","147-48 Roosevelt Ave Unit 2CFlushing, NY 11354","Queens County","Queens","147-48 Roosevelt Ave #2c, Flushing, NY 11354, USA",40.7627559,-73.8168695,678.640776699029
"Co-op for sale",265000,3,1,650,"Brooklyn, NY 11235","3101 Ocean Pkwy Apt 6TBrooklyn, NY 11235","Kings County","Brooklyn","3101 Ocean Pkwy #6c, Brooklyn, NY 11235, USA",40.5757325,-73.9679335,407.692307692308
"House for sale",1699000,5,3,2488,"Brooklyn, NY 11235","134 Beaumont StBrooklyn, NY 11235","New York","Kings County","134 Beaumont St, Brooklyn, NY 11235, USA",40.5786214,-73.9515728,682.877813504823
"Pending",1098000,4,4,2184.207862,"Bayside, NY 11360","213-07 28th AveBayside, NY 11360","New York","Queens County","213-07 28th Ave, Flushing, NY 11360, USA",40.7770737,-73.7760771,502.699408377095
"Contingent",960000,1,1,834,"Brooklyn, NY 11201","133 Water St Apt 12DBrooklyn, NY 11201","Kings County","Brooklyn","133 Water St #12d, Brooklyn, NY 11201, USA",40.7032891,-73.9891782,1151.07913669065
"Condo for sale",1086300,2,1,780,"New York, NY 10024","203 W 81st St Apt 4ENew York, NY 10024","New York County","New York","203 W 81st St #4e, New York, NY 10024, USA",40.7847793,-73.9778528,1392.69230769231
"Multi-family home for sale",859000,6,4,2820,"Bronx, NY 10457","729 E 182nd StBronx, NY 10457","New York","Bronx County","729 E 182nd St, Bronx, NY 10457, USA",40.8500672,-73.885658,304.609929078014
"House for sale",945000,2,2,2184.207862,"Middle Village, NY 11379","69-05 65th DrMiddle Village, NY 11379","New York","Queens County","69-05 65th Dr, Flushing, NY 11379, USA",40.7154822,-73.8862242,432.651130160615
"Condo for sale",549000,2,2,2184.207862,"Bronx, NY 10457","247 MT Hope Pl Apt 1Bronx, NY 10457","Bronx County","The Bronx","247 Mt Hope Pl #1, Bronx, NY 10457, USA",40.848222,-73.9043179,251.349704188548
"Multi-family home for sale",969999,6,4,2184.207862,"Bronx, NY 10466","3710 Secor AveBronx, NY 10466","New York","Bronx County","3710 Secor Ave, Bronx, NY 10466, USA",40.887362,-73.8321425,444.096469422927
"House for sale",1649000,8,3,2184.207862,"Brooklyn, NY 11225","119 Fenimore StBrooklyn, NY 11225","New York","Kings County","119 Fenimore St, Brooklyn, NY 11225, USA",40.658346,-73.9583816,754.964776333178
"Condo for sale",2800000,2,2,1412,"New York, NY 10019","230 W 56th St Apt 62BNew York, NY 10019","New York","Manhattan","Random House Tower, 230 W 56th St APT 62B, New York, NY 10019, USA",40.7652485,-73.9824857,1983.00283286119
"Co-op for sale",449000,2,1,2184.207862,"New York, NY 10128","123 E 88th St Apt 1ANew York, NY 10128","New York County","New York","123 E 88th St #1a, New York, NY 10128, USA",40.7810674,-73.954925,205.566515811763
"Co-op for sale",294500,1,1,2184.207862,"Jackson Heights, NY 11372","35-45 81 St Unit C1Jackson Heights, NY 11372","Queens County","Queens","35-45 81st St c1, Jackson Heights, NY 11372, USA",40.7505078,-73.8851355,134.831489769631
"Multi-family home for sale",990000,8,4,3120,"Bronx, NY 10474","842 Bryant AveBronx, NY 10474","New York","Bronx County","842 Bryant Ave, Bronx, NY 10474, USA",40.8182411,-73.8863072,317.307692307692
"House for sale",314000,2,1,847,"Staten Island, NY 10303","18 Richmond CtStaten Island, NY 10303","New York","Richmond County","18 Richmond Ct, Staten Island, NY 10303, USA",40.6396832,-74.1652748,370.720188902007
"Multi-family home for sale",1598000,7,2.37386085796844,2184.207862,"Fresh Meadows, NY 11365","61-17 170th StFresh Meadows, NY 11365","New York","Queens County","61-17 170th St, Flushing, NY 11365, USA",40.7375872,-73.7989142,731.615350261018
"Co-op for sale",208000,3,1,2184.207862,"Forest Hills, NY 11375","76-36 113th St Unit 3FForest Hills, NY 11375","Queens County","Queens","76-36 113th St #3f, Forest Hills, NY 11375, USA",40.7170693,-73.8332429,95.229031823712
"Co-op for sale",169900,2,1,900,"Bronx, NY 10460","1430 Thieriot Ave Apt 5KBronx, NY 10460","Bronx County","The Bronx","1430 Thieriot Ave #5k, Bronx, NY 10460, USA",40.8363523,-73.865036,188.777777777778
"Co-op for sale",235000,1,1,2184.207862,"Rego Park, NY 11374","65-38 Booth St Unit 6HRego Park, NY 11374","Queens County","Queens","65-38 Booth St #6h, Rego Park, NY 11374, USA",40.7267837,-73.8587799,107.590492685444
"Co-op for sale",278000,1,1,2184.207862,"Kew Gardens, NY 11415","125-10 Queens Blvd Unit 2302Kew Gardens, NY 11415","Queens County","The Bronx","125 Queens Blvd # 10, Bronx, NY 10452, USA",40.7119297,-73.826361,127.277263687461
"Townhouse for sale",998000,6,2.37386085796844,2236,"Brooklyn, NY 11207","690 Vermont StBrooklyn, NY 11207","New York","Kings County","690 Vermont St, Brooklyn, NY 11207, USA",40.6623484,-73.8914648,446.332737030411
"Co-op for sale",6400000,3,4,2184.207862,"New York, NY 10021","14 E 75th St # 4ANew York, NY 10021","New York County","New York","14 E 75th St #4a, New York, NY 10021, USA",40.7737635,-73.9644574,2930.12405611422
"Co-op for sale",385000,2,1,920,"Rego Park, NY 11374","97-40 62nd Dr Unit 3HRego Park, NY 11374","Queens County","Queens","97-40 62nd Dr #3h, Rego Park, NY 11374, USA",40.7325379,-73.8601516,418.478260869565
"Co-op for sale",250000,1,1,750,"Brooklyn, NY 11229","2241 Plumb 1st St Apt 1NBrooklyn, NY 11229","Kings County","Brooklyn","2241 Plumb 1st St Apt 1l, Brooklyn, NY 11229, USA",40.5986758,-73.9325474,333.333333333333
"Multi-family home for sale",1849000,6,3,2184.207862,"Bayside, NY 11361","212-15 35th AveBayside, NY 11361","New York","Queens County","212-15 35th Ave, Flushing, NY 11361, USA",40.7688965,-73.7752498,846.531153086748
"House for sale",449500,3,2,2184.207862,"Bronx, NY 10473","266 Soundview AveBronx, NY 10473","New York","Bronx County","266 Soundview Ave, Bronx, NY 10473, USA",40.8112605,-73.855529,205.795431753647
"Multi-family home for sale",1250000,5,2,2184.207862,"Elmhurst, NY 11373","86-08 57th AveElmhurst, NY 11373","New York","Queens County","86-08 57th Ave, Queens, NY 11373, USA",40.7324444,-73.8760359,572.289854709808
"House for sale",1099000,7,3,2322,"Brooklyn, NY 11236","188 Conklin AveBrooklyn, NY 11236","New York","Kings County","188 Conklin Ave, Brooklyn, NY 11236, USA",40.6438485,-73.9016506,473.298880275624
"House for sale",1900000,4,2,1400,"Flushing, NY 11367","13739 75th RdFlushing, NY 11367","New York","Queens County","137-39 75th Rd, Flushing, NY 11367, USA",40.7230171,-73.8231693,1357.14285714286
"Condo for sale",2500000,2,2,1250,"New York, NY 10036","350 W 42nd St Ph DNew York, NY 10036","New York","New York County","350 W 42nd St, New York, NY 10036, USA",40.7578531,-73.9923304,2000
"House for sale",1288000,3,3,1696,"College Point, NY 11356","9-22 119th StCollege Point, NY 11356","New York","Queens County","9-22 119th St, Flushing, NY 11356, USA",40.788704,-73.84908,759.433962264151
"Co-op for sale",1150000,1,1,2184.207862,"New York, NY 10023","50 Central Park W Apt 10DNew York, NY 10023","New York County","New York","50 Central Park W #10d, New York, NY 10023, USA",40.7717316,-73.9797209,526.506666333023
"Condo for sale",825000,3,2,2184.207862,"Woodside, NY 11377","63-14 Queens Blvd Unit 3LWoodside, NY 11377","Queens County","Queens","6314 Queens Blvd STE 3E, Flushing, NY 11377, USA",40.7407971,-73.9021337,377.711304108473
"Townhouse for sale",4195000,5,4,2184.207862,"Brooklyn, NY 11238","445 Waverly AveBrooklyn, NY 11238","New York","Kings County","445 Waverly Ave, Brooklyn, NY 11238, USA",40.6847934,-73.965911,1920.60475240611
"Pending",675000,3,2,1444,"Staten Island, NY 10306","46 Coddington AveStaten Island, NY 10306","New York","Richmond County","46 Coddington Ave, Staten Island, NY 10306, USA",40.5712145,-74.1132944,467.451523545706
"Condo for sale",875000,2,1,922,"Brooklyn, NY 11237","1437 Hancock St # BBrooklyn, NY 11237","New York","Kings County","1437 Hancock St, Brooklyn, NY 11237, USA",40.6965975,-73.9071739,949.023861171367
"Co-op for sale",297000,1,1,2184.207862,"Brooklyn, NY 11214","261 Bay 19th St Unit BBrooklyn, NY 11214","New York","Kings County","261 Bay 19th St, Brooklyn, NY 11214, USA",40.6013587,-74.0073583,135.97606947905
"Condo for sale",485000,1,1,575,"Rego Park, NY 11374","62-96 Woodhaven Blvd Unit 5RRego Park, NY 11374","Queens County","Queens","62-96 Woodhaven Blvd #5f, Middle Village, NY 11379, USA",40.7245332,-73.8696876,843.478260869565
"Co-op for sale",230000,2,1,800,"Bronx, NY 10471","6200 Riverdale Ave Apt 4HBronx, NY 10471","Bronx County","The Bronx","6200 Riverdale Ave #4h, Bronx, NY 10471, USA",40.9117719,-73.9024392,287.5
"House for sale",629000,4,2,2184.207862,"Bronx, NY 10466","1281 E 223rd StBronx, NY 10466","New York","Bronx County","1281 E 223rd St, Bronx, NY 10466, USA",40.8807198,-73.8445368,287.976254889975
"Pending",625000,3,2,1040,"Staten Island, NY 10308","108 Howton AveStaten Island, NY 10308","New York","Richmond County","108 Howton Ave, Staten Island, NY 10308, USA",40.557402,-74.148792,600.961538461538
"Multi-family home for sale",1200000,5,2,2184.207862,"Staten Island, NY 10312","591 Huguenot AveStaten Island, NY 10312","New York","Richmond County","591 Huguenot Ave, Staten Island, NY 10312, USA",40.5404111,-74.1957141,549.398260521416
"Townhouse for sale",7550000,5,5,2184.207862,"New York, NY 10014","48 Charles StNew York, NY 10014","New York","New York County","48 Charles St, New York, NY 10014, USA",40.7348673,-74.0023636,3456.63072244724
"Pending",499000,2,2,1358,"Brooklyn, NY 11234","7272 Royce Pl Unit G1-9Brooklyn, NY 11234","Kings County","Brooklyn","7272 Royce Pl G1, Brooklyn, NY 11234, USA",40.6248278,-73.909396,367.452135493373
"Pending",485000,3,2,1200,"Brooklyn, NY 11214","2652 Cropsey Ave Apt 14HBrooklyn, NY 11214","New York","Kings County","2652 Cropsey Ave #14h, Brooklyn, NY 11214, USA",40.5883839,-73.9910376,404.166666666667
"Condo for sale",399000,3,2.37386085796844,2184.207862,"Queens, NY 11102","30-38 29th StQueens, NY 11102","New York","Queens County","30-38 29th St, Queens, NY 11102, USA",40.7668236,-73.9239725,182.674921623371
"Co-op for sale",299000,1,1,2184.207862,"Flushing, NY 11355","144-44 41st Ave Unit 6AFlushing, NY 11355","Queens County","Queens","144-44 41st Ave #6a, Flushing, NY 11355, USA",40.7607762,-73.8197115,136.891733246586
"Multi-family home for sale",2200000,6,6,2184.207862,"Ridgewood, NY 11385","6402 Fresh Pond RdRidgewood, NY 11385","New York","Queens County","6402 Fresh Pond Rd, Ridgewood, NY 11385, USA",40.7101745,-73.8995452,1007.23014428926
"Condo for sale",465000,2,2,708,"Corona, NY 11368","104-21 39th Ave Unit 212DCorona, NY 11368","Queens County","Queens","10421 39th Ave #212D, Corona, NY 11368, USA",40.7511218,-73.8614488,656.779661016949
"Co-op for sale",278000,1,1,750,"Flushing, NY 11367","138-28 68th Dr Unit 1AFlushing, NY 11367","Queens County","Queens","138-28 68th Dr #1a, Flushing, NY 11367, USA",40.7306353,-73.8276823,370.666666666667
"Pending",709000,3,3,2184.207862,"Brooklyn, NY 11236","1249 E 87th StBrooklyn, NY 11236","New York","Kings County","1249 E 87th St, Brooklyn, NY 11236, USA",40.6330746,-73.9014669,324.602805591403
"Condo for sale",685000,2,2,2184.207862,"Forest Hills, NY 11375","64-34 Grand Central Pkwy Unit 1BForest Hills, NY 11375","Queens County","Queens","64-34 Grand Central Pkwy #1b, Forest Hills, NY 11375, USA",40.7332174,-73.8448704,313.614840380975
"Co-op for sale",4500000,2,2,1800,"New York, NY 10023","65 Central Park W Apt 12BNew York, NY 10023","New York County","New York","65 Central Park W #12b, New York, NY 10023, USA",40.7727705,-73.9787651,2500
"Multi-family home for sale",779000,3,2,1540,"Brooklyn, NY 11229","2369 Bragg StBrooklyn, NY 11229","New York","Kings County","2369 Bragg St, Brooklyn, NY 11229, USA",40.5949347,-73.9347766,505.844155844156
"House for sale",640000,3,2,1224,"Bronx, NY 10469","944 Duncan StBronx, NY 10469","New York","Bronx County","944 Duncan St, Bronx, NY 10469, USA",40.8729069,-73.8596638,522.875816993464
"Co-op for sale",449000,2,2,1200,"Bayside, NY 11360","23-45 Bell Blvd Unit 2BBayside, NY 11360","Queens County","Queens","23-45 Bell Blvd #2b, Bayside, NY 11360, USA",40.7812626,-73.7745671,374.166666666667
"Co-op for sale",1100000,2,1,2184.207862,"Brooklyn, NY 11215","1209 8th Ave Apt 4RBrooklyn, NY 11215","Kings County","Brooklyn","1209 8th Ave #4r, Brooklyn, NY 11215, USA",40.6634878,-73.9807302,503.615072144631
"Condo for sale",550000,3,2.37386085796844,2184.207862,"Brooklyn, NY 11230","702 Ocean Pkwy Apt 1ABrooklyn, NY 11230","Kings County","Brooklyn","702 Ocean Pkwy #1a, Brooklyn, NY 11230, USA",40.6310935,-73.9723541,251.807536072315
"Condo for sale",1899000,3,2,1900,"Brooklyn, NY 11235","105 Oceana Dr E Ph 1DBrooklyn, NY 11235","Kings County","Brooklyn","105 Oceana Dr E Ph 1D, Brooklyn, NY 11235, USA",40.5763957,-73.9575654,999.473684210526
"House for sale",599900,3,2,1204,"Staten Island, NY 10308","3774 Hylan BlvdStaten Island, NY 10308","New York","Richmond County","3774 Hylan Blvd, Staten Island, NY 10308, USA",40.5466066,-74.1406837,498.255813953488
"Townhouse for sale",22500000,4,2.37386085796844,4000,"New York, NY 10014","22 Bank StNew York, NY 10014","New York","New York County","22 Bank St, New York, NY 10014, USA",40.7368312,-74.0024003,5625
"House for sale",739000,2,2,1473,"Brooklyn, NY 11210","19 Alton PlBrooklyn, NY 11210","New York","Kings County","19 Alton Pl, Brooklyn, NY 11210, USA",40.6241803,-73.9375665,501.697216564834
"Condo for sale",7995000,3,4,2184.207862,"New York, NY 10023","101 W 67th St Ph 1DNew York, NY 10023","New York County","New York","101 W 67th St Ph 1D, New York, NY 10023, USA",40.7745073,-73.981428,3660.36591072393
"Co-op for sale",1425000,2,2,2184.207862,"Manhattan, NY 10012","124 Thompson St Unit 23/24Manhattan, NY 10012","New York County","New York","124 Thompson St #23, New York, NY 10012, USA",40.7261696,-74.0013901,652.410434369181
"Multi-family home for sale",749000,4,2,2184.207862,"Flushing, NY 11367","154-12 65th AveFlushing, NY 11367","New York","Queens County","154-12 65th Ave, Flushing, NY 11367, USA",40.7369795,-73.8140379,342.916080942117
"Condo for sale",548000,1,1,950,"Flushing, NY 11354","144-85 Roosevelt Ave Unit 5EFlushing, NY 11354","Queens County","Queens","144-85 Roosevelt Ave #5e, Flushing, NY 11354, USA",40.7626705,-73.8191386,576.842105263158
"Condo for sale",950000,1,1,560,"New York, NY 10022","323 E 53rd Street Ter Ste BNew York, NY 10022","New York","New York County","323 E 53rd St, New York, NY 10022, USA",40.7564316,-73.9660912,1696.42857142857
"Pending",399000,1,1,2184.207862,"Kew Garden Hills, NY 11367","6939A Park Dr E Unit AKew Garden Hills, NY 11367","New York","Queens County","6939 Park Dr E, Flushing, NY 11367, USA",40.7231998,-73.8267722,182.674921623371
"Co-op for sale",1460000,2,2,2184.207862,"Manhattan, NY 10128","1060 Park Avenue Ave Unit 2GManhattan, NY 10128","New York County","New York","1060 Park Ave #2b, New York, NY 10128, USA",40.7812136,-73.9570373,668.434550301056
"Co-op for sale",269000,3,1,2184.207862,"Flushing, NY 11355","144-11 Sanford Ave Unit 6LFlushing, NY 11355","Queens County","Queens","144-11 Sanford Ave #6c, Flushing, NY 11355, USA",40.7592939,-73.8203855,123.156776733551
"Condo for sale",1695000,1,2,1072,"Brooklyn, NY 11201","70 Washington St Ph RBrooklyn, NY 11201","New York","Kings County","70 Washington St, Brooklyn, NY 11201, USA",40.7020349,-73.9899069,1581.15671641791
"Co-op for sale",155000,3,1,2184.207862,"Brooklyn, NY 11234","1275 E 51st St Apt 5ZBrooklyn, NY 11234","Kings County","Brooklyn","1275 E 51st St #5c, Brooklyn, NY 11234, USA",40.6299057,-73.9265933,70.9639419840162
"Co-op for sale",449000,2,1,764,"Glen Oaks, NY 11004","261-36 Langston Ave Unit 2NDGlen Oaks, NY 11004","Queens County","Queens","261-36 Langston Ave #2, Glen Oaks, NY 11004, USA",40.7526861,-73.7166669,587.696335078534
"Pending",825000,2,2,930,"New York, NY 11101","41-18 27th St Apt 1ANew York, NY 11101","Queens County","Queens","41-18 27th St #1a, Long Island City, NY 11101, USA",40.7515161,-73.9389442,887.096774193548
"Multi-family home for sale",938000,5,3,1890,"Brooklyn, NY 11229","1838 Brown StBrooklyn, NY 11229","United States","New York","1838 Brown St, Brooklyn, NY 11229, USA",40.6065668,-73.9413437,496.296296296296
"House for sale",690000,2,2,1500,"Brooklyn, NY 11234","1060 E 52nd StBrooklyn, NY 11234","New York","Kings County","1060 E 52nd St, Brooklyn, NY 11234, USA",40.6342245,-73.9268315,460
"House for sale",1499000,5,2.37386085796844,2088,"Brooklyn, NY 11204","1914 Bay Ridge AveBrooklyn, NY 11204","New York","Kings County","1914 Bay Ridge Ave, Brooklyn, NY 11204, USA",40.6151781,-73.9901308,717.911877394636
"Co-op for sale",795000,2,1,2184.207862,"Brooklyn, NY 11218","651 Vanderbilt St Apt 7KBrooklyn, NY 11218","Kings County","Brooklyn","651 Vanderbilt St #7k, Brooklyn, NY 11218, USA",40.654461,-73.9744629,363.976347595438
"Co-op for sale",3e+05,2,1,800,"Brooklyn, NY 11235","2620 Ocean Pkwy Apt 3FBrooklyn, NY 11235","Kings County","Brooklyn","2620 Ocean Pkwy #3f, Brooklyn, NY 11235, USA",40.5860215,-73.9668364,375
"Condo for sale",1100000,2,2,2184.207862,"New York, NY 10019","77 W 55th St # 2AKNew York, NY 10019","New York County","New York","77 W 55th St #2a, New York, NY 10019, USA",40.7630485,-73.9776229,503.615072144631
"Condo for sale",5e+06,2,2,1780,"New York, NY 10022","641 Fifth Ave Unit 42HNew York, NY 10022","New York County","New York","641 5th Ave #42B, New York, NY 10022, USA",40.7592091,-73.9760875,2808.98876404494
"House for sale",2500000,8,4,6425,"Brooklyn, NY 11221","14 Stuyvesant AveBrooklyn, NY 11221","New York","Kings County","14 Stuyvesant Ave, Brooklyn, NY 11221, USA",40.6960918,-73.9349507,389.105058365759
"Condo for sale",425000,1,1,603,"Brooklyn, NY 11218","640 Ditmas Ave Apt 29Brooklyn, NY 11218","Kings County","Brooklyn","640 Ditmas Ave APT 29, Brooklyn, NY 11218, USA",40.6360061,-73.971649,704.809286898839
"Co-op for sale",280000,3,1,2184.207862,"Manhattan, NY 10017","25 Tudor City Pl Apt 2006Manhattan, NY 10017","New York","New York County","25 Tudor City Pl, New York, NY 10017, USA",40.7486808,-73.9705383,128.192927454997
"House for sale",1149000,3,2,1660,"Brooklyn, NY 11229","1714 E 29th StBrooklyn, NY 11229","New York","Kings County","1714 E 29th St, Brooklyn, NY 11229, USA",40.6093215,-73.9448683,692.168674698795
"Co-op for sale",410000,2,2,2184.207862,"Forest Hills, NY 11375","110-55 72nd Rd Unit 309Forest Hills, NY 11375","Queens County","Queens","11055 72nd Rd Apt 309, Forest Hills, NY 11375, USA",40.7203199,-73.84052,187.711072344817
"Co-op for sale",268000,1,1,660,"Flushing, NY 11354","26-25 141 St Unit 5AFlushing, NY 11354","Queens County","Queens","26-25 141st St #5a, Flushing, NY 11354, USA",40.7739672,-73.8277862,406.060606060606
"Co-op for sale",6e+06,4,4,2184.207862,"Manhattan, NY 10022","480 Park Avenue Ave Unit 18HManhattan, NY 10022","New York County","New York","480 Park Ave Apt 18d, New York, NY 10022, USA",40.7625546,-73.9703842,2746.99130260708
"Co-op for sale",4650000,3,3,2184.207862,"New York, NY 10019","150 Central Park SNew York, NY 10019","New York","New York County","150 Central Park S, New York, NY 10019, USA",40.7661258,-73.9779145,2128.91825952048
"Condo for sale",660000,2,2,970,"Elmhurst, NY 11373","82-25 Queens Blvd Unit 4AElmhurst, NY 11373","Queens County","Queens","82-25 Queens Blvd #4a, Elmhurst, NY 11373, USA",40.7376925,-73.8803546,680.412371134021
"House for sale",465000,2,2,1048,"Staten Island, NY 10306","12 Maple TerStaten Island, NY 10306","New York","Richmond County","12 Maple Terrace, Staten Island, NY 10306, USA",40.5636372,-74.1009652,443.702290076336
"Condo for sale",1175000,2,2,1072,"New York, NY 10038","90 William St Apt 6CNew York, NY 10038","New York County","New York","90 William St #6c, New York, NY 10038, USA",40.7081041,-74.0074731,1096.08208955224
"Pending",698999,3,2,2184.207862,"South Ozone Park, NY 11420","149-47 115th StSouth Ozone Park, NY 11420","New York","Queens County","149-47 115th St, Jamaica, NY 11420, USA",40.6680173,-73.8253534,320.024028921841
"Pending",5250000,4,4,2184.207862,"Brooklyn, NY 11211","18 Fillmore PlBrooklyn, NY 11211","New York","Kings County","18 Fillmore Pl, Brooklyn, NY 11211, USA",40.7140169,-73.9587962,2403.61738978119
"House for sale",1078000,3,2,1260,"Flushing, NY 11355","5848 150th StFlushing, NY 11355","New York","Queens County","58-48 150th St, Flushing, NY 11355, USA",40.7421583,-73.8191116,855.555555555556
"Co-op for sale",349000,1,1,652,"Brooklyn, NY 11209","8301 Ridge Blvd Apt 4DBrooklyn, NY 11209","Kings County","Brooklyn","8301 Ridge Blvd #4d, Brooklyn, NY 11209, USA",40.6259955,-74.0323073,535.276073619632
"Co-op for sale",269995,1,1,2184.207862,"Forest Hills, NY 11375","61-20 Grand Central Pkwy Unit C102Forest Hills, NY 11375","Queens County","Queens","61-20 Grand Central Pkwy #102, Forest Hills, NY 11375, USA",40.7379227,-73.8470718,123.6123194579
"Multi-family home for sale",1590000,7,4,1739,"Brooklyn, NY 11214","144 Bay 50th StBrooklyn, NY 11214","United States","New York","144 Bay 50th St, Brooklyn, NY 11214, USA",40.5859774,-73.9869629,914.318573893042
"Contingent",375000,1,1,900,"Staten Island, NY 10301","10 Bay Street Lndg Apt 1GStaten Island, NY 10301","Richmond County","Staten Island","10 Bay Street Landing #1b, Staten Island, NY 10301, USA",40.638118,-74.073964,416.666666666667
"Multi-family home for sale",6999000,6,3,2184.207862,"Brooklyn, NY 11201","108 Willow StBrooklyn, NY 11201","New York","Kings County","108 Willow St, Brooklyn, NY 11201, USA",40.697795,-73.995861,3204.36535449116
"Co-op for sale",1398000,4,2,2184.207862,"New York City, NY 10002","530 Grand St Unit D4C4New York City, NY 10002","New York","New York County","530 Grand St, New York, NY 10002, USA",40.7147871,-73.9809765,640.048973507449
"House for sale",750000,3,2,1868,"East Flatbush, NY 11203","857 E 37th StEast Flatbush, NY 11203","New York","Kings County","857 E 37th St, Brooklyn, NY 11210, USA",40.6359284,-73.9409763,401.498929336188
"Co-op for sale",629000,1,1,2184.207862,"New York, NY 10025","600 W 111th St Unit 2BNew York, NY 10025","New York","Manhattan","Five Guys, 600 W 111th St #2b, New York, NY 10025, USA",40.8048821,-73.966726,287.976254889975
"House for sale",1150000,3,2,1280,"Brooklyn, NY 11204","327 Avenue PBrooklyn, NY 11204","New York","Kings County","327 Avenue L, Brooklyn, NY 11230, USA",40.6193771,-73.9717704,898.4375
"House for sale",12500000,4,6,7500,"New York, NY 10003","64 E 7th StNew York, NY 10003","New York","New York County","64 E 7th St, New York, NY 10003, USA",40.7273703,-73.9870777,1666.66666666667
"House for sale",699900,3,2,1420,"Staten Island, NY 10314","22 Oakville StStaten Island, NY 10314","New York","Richmond County","22 Oakville St, Staten Island, NY 10314, USA",40.5986989,-74.1318297,492.887323943662
"Pending",1098888,2,3,2184.207862,"Malba, NY 11357","34 Center DrMalba, NY 11357","New York","Queens County","34 Center Dr, Flushing, NY 11357, USA",40.7899772,-73.828053,503.105963089881
"Co-op for sale",519000,2,2,1079,"Forest Hills, NY 11375","110-35 72 Rd Unit 108Forest Hills, NY 11375","Queens County","Queens","11035 72nd Rd Apt 108, Forest Hills, NY 11375, USA",40.7203199,-73.84052,481.000926784059
"Pending",1200000,3,2.37386085796844,3280,"Brooklyn, NY 11221","1176 Bushwick AveBrooklyn, NY 11221","New York","Kings County","1176 Bushwick Ave, Brooklyn, NY 11221, USA",40.688515,-73.916949,365.853658536585
"Co-op for sale",279000,1,1,2184.207862,"Forest Hills, NY 11375","61-20 Grand Central Pkwy Unit C500Forest Hills, NY 11375","New York","Queens County","61-20 Grand Central Pkwy, Forest Hills, NY 11375, USA",40.7379227,-73.8470718,127.735095571229
"Multi-family home for sale",1325000,6,4,2184.207862,"East Elmhurst, NY 11369","29-11 Butler StEast Elmhurst, NY 11369","New York","Queens County","29-11 Butler St, Flushing, NY 11369, USA",40.7635384,-73.8628798,606.627245992396
"House for sale",635000,4,2,1684,"Staten Island, NY 10309","57 Peacock LoopStaten Island, NY 10309","New York","Richmond County","57 Peacock Loop, Staten Island, NY 10309, USA",40.5307866,-74.2217959,377.0783847981
"Contingent",499000,3,2,1450,"Staten Island, NY 10304","173 Wright StStaten Island, NY 10304","New York","Richmond County","173 Wright St, Staten Island, NY 10304, USA",40.629123,-74.0811056,344.137931034483
"Multi-family home for sale",1100000,7,2.37386085796844,1040,"Brooklyn, NY 11207","118 Miller AveBrooklyn, NY 11207","New York","Kings County","118 Miller Ave, Brooklyn, NY 11207, USA",40.6784973,-73.892987,1057.69230769231
"Co-op for sale",199000,1,1,600,"Kew Gardens, NY 11415","83-52 Talbot St Unit 2GKew Gardens, NY 11415","Queens County","Queens","83-52 Talbot St #2g, Jamaica, NY 11415, USA",40.7085553,-73.8279947,331.666666666667
"Co-op for sale",550000,2,2,1012,"Manhattan, NY 10035","333 E 119th St Apt 6CManhattan, NY 10035","New York County","New York","333 E 119th St #6c, New York, NY 10035, USA",40.7986288,-73.9351095,543.478260869565
"Co-op for sale",518000,3,2,2184.207862,"Jackson Heights, NY 11372","3304 Junction Blvd Apt 4SJackson Heights, NY 11372","Queens County","Queens","3304 Junction Blvd #4d, Jackson Heights, NY 11372, USA",40.7568027,-73.8736566,237.156915791744
"Condo for sale",1250000,2,2,1057,"Brooklyn, NY 11215","575 4th Ave Apt 10DBrooklyn, NY 11215","New York","Kings County","575 4th Ave, Brooklyn, NY 11215, USA",40.6655513,-73.9922171,1182.59224219489
"Townhouse for sale",8750000,3,4,4275,"New York, NY 10128","133 E 91st StNew York, NY 10128","New York","New York County","133 E 91st St, New York, NY 10128, USA",40.7829849,-73.9535589,2046.78362573099
"Condo for sale",1465000,2,1,1107,"Brooklyn, NY 11222","61 N Henry St Fl 4Brooklyn, NY 11222","Kings County","Brooklyn","61 N Henry St Fl 4, Brooklyn, NY 11222, USA",40.7213959,-73.9430921,1323.39656729901
"Co-op for sale",278000,1,1,2184.207862,"Woodside, NY 11377","39-82 65th Pl Unit 4FWoodside, NY 11377","Queens County","Queens","39-82 65th Pl #4f, Queens, NY 11377, USA",40.7439196,-73.8992843,127.277263687461
"Co-op for sale",469000,2,1,2184.207862,"Astoria, NY 11106","21-41 34th Ave Unit 5DAstoria, NY 11106","Queens County","Queens","21-41 34th Ave #5d, Astoria, NY 11106, USA",40.7623991,-73.9321744,214.72315348712
"Co-op for sale",225000,1,1,2184.207862,"Bayside, NY 11361","35-41 205 St Unit 291Bayside, NY 11361","Queens County","Queens","3541 205th St # 291, Bayside, NY 11361, USA",40.7667099,-73.78272,103.012173847765
"Multi-family home for sale",1100000,4,3,3664,"Bronx, NY 10460","1893 Longfellow AveBronx, NY 10460","New York","Bronx County","1893 Longfellow Ave, Bronx, NY 10460, USA",40.8389133,-73.8826337,300.218340611354
"Multi-family home for sale",1960000,8,7,2184.207862,"Fresh Meadows, NY 11365","71-60 163rd StFresh Meadows, NY 11365","New York","Queens County","71-60 163rd St, Flushing, NY 11365, USA",40.7286837,-73.8065818,897.350492184979
"Pending",799000,4,2,1560,"Brooklyn, NY 10308","62 Daleham StBrooklyn, NY 10308","New York","Richmond County","62 Daleham St, Staten Island, NY 10308, USA",40.5642806,-74.1530498,512.179487179487
"Multi-family home for sale",949000,5,3,2184.207862,"Brooklyn, NY 11234","4551 Kings HwyBrooklyn, NY 11234","New York","Kings County","4551 Kings Hwy, Brooklyn, NY 11234, USA",40.6290233,-73.9330774,434.482457695686
"Multi-family home for sale",799000,4,2,1716,"Brooklyn, NY 11235","3032 Brighton 1st StBrooklyn, NY 11235","New York","Kings County","3032 Brighton 1st St, Brooklyn, NY 11235, USA",40.5778456,-73.9670934,465.617715617716
"House for sale",699000,3,3,1280,"Brooklyn, NY 11229","20 Keen CtBrooklyn, NY 11229","New York","Kings County","20 Keen Ct, Brooklyn, NY 11229, USA",40.5877725,-73.9253044,546.09375
"House for sale",9e+05,3,2,1248,"Staten Island, NY 10305","917 Hylan BlvdStaten Island, NY 10305","New York","Richmond County","917 Hylan Blvd, Staten Island, NY 10305, USA",40.5981713,-74.0732699,721.153846153846
"Multi-family home for sale",1235000,8,5,2538,"Rosedale, NY 11422","235-18 147 RdRosedale, NY 11422","New York","Queens County","235-18 147th Rd, Jamaica, NY 11422, USA",40.6565969,-73.745832,486.603624901497
"Co-op for sale",3295000,2,2,2184.207862,"Manhattan, NY 10128","11 E 92nd St Apt 1Manhattan, NY 10128","New York County","New York","11 E 92nd St Apt 1f, New York, NY 10128, USA",40.7852991,-73.9571579,1508.55605701505
"Co-op for sale",595000,2,1,2184.207862,"New York, NY 10025","328 W 96th St Apt 5CNew York, NY 10025","New York County","New York","328 W 96th St #5c, New York, NY 10025, USA",40.7955171,-73.9745834,272.409970841869
"Condo for sale",269000,3,1,485,"Brooklyn, NY 11235","2900 Ocean Ave Apt 5NBrooklyn, NY 11235","Kings County","Brooklyn","2900 Ocean Ave #5n, Brooklyn, NY 11235, USA",40.590145,-73.9499887,554.639175257732
"Townhouse for sale",548000,2,2,1354,"Staten Island, NY 10312","17 Bianca CtStaten Island, NY 10312","New York","Richmond County","17 Bianca Ct, Staten Island, NY 10312, USA",40.5646084,-74.184535,404.726735598227
"Co-op for sale",6995000,4,4,2184.207862,"New York, NY 10028","1050 Fifth Ave Apt 17DNew York, NY 10028","New York County","New York","1050 5th Ave #17d, New York, NY 10028, USA",40.7816743,-73.9600313,3202.53402695608
"Co-op for sale",1150000,2,1,900,"Brooklyn, NY 11215","114 Garfield Pl Apt 1RBrooklyn, NY 11215","Kings County","Brooklyn","114 Garfield Pl #1r, Brooklyn, NY 11215, USA",40.6737554,-73.9803629,1277.77777777778
"Contingent",595000,1,1,2184.207862,"New York, NY 10016","10 Park Ave Unit 11KNew York, NY 10016","New York County","New York","10 Park Ave #11c, New York, NY 10016, USA",40.7473555,-73.9813841,272.409970841869
"Condo for sale",799000,5,2,1500,"Brooklyn, NY 11219","1025 45th St Unit 4Brooklyn, NY 11219","Kings County","Brooklyn","1025 45th St APT 4D, Brooklyn, NY 11219, USA",40.6409434,-73.9953527,532.666666666667
"Condo for sale",2110000,2,2,1326,"Manhattan, NY 10010","327 E 22nd St Unit 6AManhattan, NY 10010","New York County","New York","327 E 22nd St #6, New York, NY 10010, USA",40.7367893,-73.9799267,1591.25188536953
"Townhouse for sale",4200000,5,4,4480,"Manhattan, NY 10024","164 W 88th St Unit TownhouseManhattan, NY 10024","New York","New York County","164 W 88th St, New York, NY 10024, USA",40.788437,-73.9731887,937.5
"Multi-family home for sale",450000,4,2,2184.207862,"Jamaica, NY 11433","93-04 177th StJamaica, NY 11433","New York","Queens County","93-04 177th St, Jamaica, NY 11433, USA",40.7065602,-73.7835572,206.024347695531
"Co-op for sale",385000,1,1,779,"Brooklyn, NY 11235","1625 Emmons Ave Apt 4YBrooklyn, NY 11235","Kings County","Brooklyn","1625 Emmons Ave Apt 4b, Brooklyn, NY 11235, USA",40.5834583,-73.9522667,494.223363286264
"House for sale",649999,4,1,2184.207862,"Saint Albans, NY 11412","118-10 202nd StSaint Albans, NY 11412","New York","Queens County","118-10 202nd St, Jamaica, NY 11412, USA",40.6936825,-73.7495584,297.590266617216
"Condo for sale",539000,2,1,708,"Brooklyn, NY 11209","307 72nd St Apt 4BBrooklyn, NY 11209","Kings County","Brooklyn","307 72nd St #4b, Brooklyn, NY 11209, USA",40.633546,-74.0266446,761.299435028249
"Pending",550000,3,2,1292,"Staten Island, NY 10309","21 Locust CtStaten Island, NY 10309","New York","Richmond County","21 Locust Ct, Staten Island, NY 10309, USA",40.5482041,-74.2109853,425.696594427245
"House for sale",1525000,3,2,1650,"Brooklyn, NY 11228","1139 72nd StBrooklyn, NY 11228","New York","Kings County","1139 72nd St, Brooklyn, NY 11228, USA",40.6242186,-74.0088847,924.242424242424
"Multi-family home for sale",2100000,6,2,2720,"Brooklyn, NY 11219","1068 51st StBrooklyn, NY 11219","New York","Kings County","1068 51st St, Brooklyn, NY 11219, USA",40.6366874,-73.9984062,772.058823529412
"House for sale",625000,3,2,1944,"Bronx, NY 10473","2249 Seward AveBronx, NY 10473","New York","Bronx County","2249 Seward Ave, Bronx, NY 10473, USA",40.8216537,-73.8465699,321.502057613169
"House for sale",728888,4,3,1379,"Springfield Gardens, NY 11413","135-16 221st StSpringfield Gardens, NY 11413","New York","Queens County","135-16 221st St, Jamaica, NY 11413, USA",40.6767141,-73.7492797,528.562726613488
"Co-op for sale",739000,2,1,2184.207862,"New York, NY 10028","529 E 84th St Apt 2BNew York, NY 10028","New York County","New York","529 E 84th St #2b, New York, NY 10028, USA",40.7741621,-73.9467221,338.337762104438
"Multi-family home for sale",1290000,3,2,2184.207862,"Flushing, NY 11358","45-01 Utopia PkwyFlushing, NY 11358","New York","Queens County","45-01 Utopia Pkwy, Flushing, NY 11358, USA",40.7554032,-73.7924388,590.603130060522
"Multi-family home for sale",675000,3,2,1750,"Bronx, NY 10465","756 Calhoun AveBronx, NY 10465","New York","Bronx County","756 Calhoun Ave, Bronx, NY 10465, USA",40.8266591,-73.824848,385.714285714286
"Contingent",950000,3,2,1364,"Staten Island, NY 10306","221 Edinboro RdStaten Island, NY 10306","New York","Richmond County","221 Edinboro Rd, Staten Island, NY 10306, USA",40.5781512,-74.1348919,696.480938416422
"House for sale",550000,3,2,1221,"Howard Beach, NY 11414","10229 Davenport CtHoward Beach, NY 11414","New York","Queens County","10229 Davenport Ct, Jamaica, NY 11414, USA",40.653784,-73.8286059,450.45045045045
"House for sale",1099999,3,1,1100,"East Elmhurst, NY 11370","19-36 75th StEast Elmhurst, NY 11370","New York","Queens County","19-36 75th St, Flushing, NY 11370, USA",40.7709973,-73.8950248,999.999090909091
"Multi-family home for sale",906300,8,4,3116,"Brooklyn, NY 11208","1017 Dumont AveBrooklyn, NY 11208","New York","Kings County","1017 Dumont Ave, Brooklyn, NY 11208, USA",40.668499,-73.8810259,290.853658536585
"Co-op for sale",5900000,3,4,3000,"New York, NY 10011","410 W 24th St # 18BCENew York, NY 10011","New York County","New York","410 W 24th St #18b, New York, NY 10011, USA",40.7472085,-74.0013378,1966.66666666667
"Condo for sale",2700000,3,3,1689,"Manhattan, NY 10019","555 W 59th St Apt 19BManhattan, NY 10019","New York County","New York","555 W 59th St #19b, New York, NY 10019, USA",40.7715251,-73.9895943,1598.57904085258
"House for sale",659000,4,2,2184.207862,"Jamaica, NY 11436","130-35 145th StJamaica, NY 11436","New York","Queens County","130-35 145th St, Jamaica, NY 11436, USA",40.6695117,-73.7942558,301.711211403011
"Condo for sale",898000,1,2,1340,"Brooklyn, NY 11221","215 Cornelia St Unit 1ABrooklyn, NY 11221","Kings County","Brooklyn","215 Cornelia St #1a, Brooklyn, NY 11221, USA",40.6928399,-73.9131908,670.149253731343
"Co-op for sale",189990,1,1,2184.207862,"Howard Beach, NY 11414","151-31 88th St Unit 2FHoward Beach, NY 11414","Queens County","Queens","151-31 88th St #2f, Jamaica, NY 11414, USA",40.6668092,-73.8471901,86.9834795970531
"Multi-family home for sale",2150000,6,2,2184.207862,"Long Island City, NY 11101","12-11 Jackson AveLong Island City, NY 11101","New York","Queens County","12-11 Jackson Ave, Long Island City, NY 11101, USA",40.7438369,-73.9505652,984.338550100869
"Co-op for sale",550000,3,1,2184.207862,"Manhattan, NY 10011","24 5th Ave Apt 510Manhattan, NY 10011","New York County","New York","24 5th Ave Apt 510, New York, NY 10011, USA",40.7330596,-73.9959886,251.807536072315
"Co-op for sale",2100000,3,3,1968,"New York, NY 10025","285 Riverside Dr Apt 11GNew York, NY 10025","New York County","New York","285 Riverside Dr #11g, New York, NY 10025, USA",40.7989206,-73.9723967,1067.07317073171
"Pending",1088888,3,4,2550,"Howard Beach, NY 11414","163-36 98th StHoward Beach, NY 11414","New York","Queens County","163-36 98th St, Howard Beach, NY 11414, USA",40.6520565,-73.8335563,427.014901960784
"House for sale",499000,5,2,1236,"Bronx, NY 10467","3636 Barnes AveBronx, NY 10467","New York","Bronx County","3636 Barnes Ave, Bronx, NY 10467, USA",40.879318,-73.8613522,403.721682847896
"Co-op for sale",1795000,4,3,2184.207862,"New York, NY 10025","622 W 114th St Apt 53New York, NY 10025","New York County","New York","622 W 114th St #53, New York, NY 10025, USA",40.80699,-73.966129,821.808231363284
"Condo for sale",2300000,2,2,1163,"New York, NY 10021","515 E 72nd St Apt 29DNew York, NY 10021","New York County","New York","515 E 72nd St #29d, New York, NY 10021, USA",40.7666839,-73.9527719,1977.64402407567
"Pending",749000,3,3,1368,"Jamaica, NY 11432","90-47 176th StJamaica, NY 11432","New York","Queens County","9047 176th St, Jamaica, NY 11432, USA",40.7088867,-73.7844919,547.514619883041
"Condo for sale",594900,2,1,729,"Brooklyn, NY 11225","306 Lincoln Rd Apt 2LBrooklyn, NY 11225","Kings County","Brooklyn","306 Lincoln Rd #2l, Brooklyn, NY 11225, USA",40.6612226,-73.9525371,816.049382716049
"Townhouse for sale",1399000,4,2,1700,"Brooklyn, NY 11233","1746 Bergen StBrooklyn, NY 11233","New York","Kings County","1746 Bergen St, Brooklyn, NY 11233, USA",40.6745279,-73.9243055,822.941176470588
"Condo for sale",639000,2,2,800,"Queens, NY 11355","144-49 Barclay Ave Unit 7BQueens, NY 11355","Queens County","Queens","14449 Barclay Ave APT 7A, Flushing, NY 11355, USA",40.7603904,-73.8194905,798.75
"Multi-family home for sale",1995000,9,3,3600,"Brooklyn, NY 11221","673 Knickerbocker Ave Unit BldgBrooklyn, NY 11221","New York","Kings County","673 Knickerbocker Ave, Brooklyn, NY 11221, USA",40.6950726,-73.9113766,554.166666666667
"Multi-family home for sale",1250000,5,2,2376,"Ditmas Park, NY 11226","2337 Foster AveDitmas Park, NY 11226","New York","Kings County","2337 Foster Ave, Brooklyn, NY 11210, USA",40.6383413,-73.9547608,526.094276094276
"Co-op for sale",3495000,3,3,2184.207862,"New York, NY 10021","129 E 69th St Apt 7BNew York, NY 10021","New York County","New York","129 E 69th St #7b, New York, NY 10021, USA",40.7687653,-73.9638365,1600.12243376862
"Pending",325000,2,1,2184.207862,"Staten Island, NY 10301","36 Hamilton Ave Apt 6KStaten Island, NY 10301","Richmond County","Staten Island","36 Hamilton Ave #6b, Staten Island, NY 10301, USA",40.6449121,-74.0787385,148.79536222455
"Co-op for sale",5e+05,3,2,2184.207862,"Brooklyn, NY 11201","142 Joralemon St Ste 14DBrooklyn, NY 11201","Kings County","Brooklyn","142 Joralemon St #14b, Brooklyn, NY 11201, USA",40.6927721,-73.9936086,228.915941883923
"Condo for sale",349000,3,1,500,"Bayside, NY 11360","2 Bay Club Dr Apt 15Z4Bayside, NY 11360","Queens County","Queens","2 Bay Club Dr Apartment 15z4, Bayside, NY 11360, USA",40.778411,-73.781048,698
"Multi-family home for sale",3195000,4,4,3612,"Brooklyn, NY 11231","26 4th PlBrooklyn, NY 11231","New York","Kings County","26 4th Pl, Brooklyn, NY 11231, USA",40.6784683,-74.0011264,884.551495016611
"House for sale",709999,4,2,2184.207862,"Jamaica, NY 11436","116-40 148th StJamaica, NY 11436","New York","Queens County","116-40 148th St, Jamaica, NY 11436, USA",40.6811881,-73.793438,325.060179643287
"House for sale",774900,3,2,1335,"Staten Island, NY 10305","226 Fingerboard RdStaten Island, NY 10305","New York","Richmond County","226 Fingerboard Rd, Staten Island, NY 10305, USA",40.6058796,-74.0681791,580.449438202247
"Multi-family home for sale",988000,3,2,3061,"Staten Island, NY 10314","251 Kelly BlvdStaten Island, NY 10314","New York","Richmond County","251 Kelly Blvd, Staten Island, NY 10314, USA",40.5838227,-74.1568196,322.770336491343
"Co-op for sale",275000,1,1,2184.207862,"Rego Park, NY 11374","98-20 62 Dr Unit 15FRego Park, NY 11374","Queens County","Queens","9820 62nd Dr Apt 15h, Rego Park, NY 11374, USA",40.7334099,-73.85851,125.903768036158
"Co-op for sale",219000,1,1,2184.207862,"Kew Gardens Hills, NY 11367","68-05 138 St Unit 3BKew Gardens Hills, NY 11367","Queens County","Queens","68-5 138th St #3b, Flushing, NY 11367, USA",40.7315119,-73.8286528,100.265182545158
"Co-op for sale",439000,1,1,2184.207862,"Manhattan, NY 10028","212 E 84th St Apt 2CManhattan, NY 10028","New York County","New York","212 E 84th St #2c, New York, NY 10028, USA",40.7770851,-73.9541834,200.988196974085
"Co-op for sale",425000,3,1,2184.207862,"Manhattan, NY 10011","24 5th Ave Apt 1512Manhattan, NY 10011","New York County","New York","24 5th Ave Apt 1512, New York, NY 10011, USA",40.7330596,-73.9959886,194.578550601335
"Multi-family home for sale",599999,4,2,2184.207862,"Brooklyn, NY 11208","829 Pine StBrooklyn, NY 11208","New York","Kings County","829 Pine St, Brooklyn, NY 11208, USA",40.6647996,-73.868117,274.698672428824
"Multi-family home for sale",1139000,3,3,2520,"Brooklyn, NY 11229","2120 E 26th StBrooklyn, NY 11229","New York","Kings County","2120 E 26th St, Brooklyn, NY 11229, USA",40.5994335,-73.9458671,451.984126984127
"House for sale",680000,3,2,1296,"Brooklyn, NY 11234","605 E 57th StBrooklyn, NY 11234","New York","Kings County","605 E 57th St, Brooklyn, NY 11234, USA",40.6381159,-73.9218484,524.691358024691
"Multi-family home for sale",2300000,11,6,2184.207862,"Jamaica, NY 11436","11549 Inwood StJamaica, NY 11436","New York","Queens County","115- 49 Inwood St, Jamaica, NY 11436, USA",40.6818734,-73.7962038,1053.01333266605
"Condo for sale",560000,2,2,1008,"Staten Island, NY 10301","155 Bay St Apt 4FStaten Island, NY 10301","Richmond County","Staten Island","155 Bay St #4f, Staten Island, NY 10301, USA",40.638148,-74.0756332,555.555555555556
"Multi-family home for sale",1600000,9,3,3000,"New York, NY 10035","53 E 126th StNew York, NY 10035","New York","New York County","53 E 126th St, New York, NY 10035, USA",40.8062235,-73.9392312,533.333333333333
"Condo for sale",699900,3,1,558,"Manhattan, NY 10016","80 Park Avenue Ave Unit 10BManhattan, NY 10016","New York County","New York","80 Park Ave #10b, New York, NY 10016, USA",40.7502793,-73.9795235,1254.30107526882
"Condo for sale",1650000,3,2,1493,"New York, NY 10019","150 W 51st St Apt 2116New York, NY 10019","New York County","New York","150 W 51st St APT 2116, New York, NY 10019, USA",40.7612516,-73.9826113,1105.15740120563
"Co-op for sale",679000,1,1,2184.207862,"New York, NY 10022","319 E 50th St Apt 9ENew York, NY 10022","New York County","New York","319 E 50th St #9e, New York, NY 10022, USA",40.7546656,-73.9675207,310.867849078368
"Condo for sale",1249000,2,2,2158,"Brooklyn, NY 11218","271 McDonald Ave Apt 1ABrooklyn, NY 11218","Kings County","Brooklyn","271 McDonald Ave #1a, Brooklyn, NY 11218, USA",40.648091,-73.98013,578.776645041705
"Co-op for sale",438000,1,1,2184.207862,"New York, NY 10009","162 E 2nd St Apt 1ANew York, NY 10009","New York County","New York","162 E 2nd St #1a, New York, NY 10009, USA",40.7228235,-73.98509,200.530365090317
"Co-op for sale",449000,2,1,2184.207862,"Rego Park, NY 11374","99-72 66 Rd Unit 7CRego Park, NY 11374","Queens County","Queens","99-72 66th Rd #7c, Rego Park, NY 11374, USA",40.7282347,-73.8522092,205.566515811763
"Co-op for sale",699000,1,1,2184.207862,"New York, NY 10003","205 E 10th St Apt 4DNew York, NY 10003","New York County","New York","205 E 10th St #4d, New York, NY 10003, USA",40.729738,-73.9861097,320.024486753724
"Land for sale",1400000,3,2.37386085796844,2184.207862,"Bronx, NY 10454","501 E 136th StBronx, NY 10454","New York","Bronx County","501 E 136th St, Bronx, NY 10454, USA",40.8065368,-73.9202661,640.964637274985
"Co-op for sale",6e+05,3,2,1000,"New York, NY 10027","100 W 121st St Apt 64New York, NY 10027","New York County","New York","100 W 121st St #64, New York, NY 10027, USA",40.8052883,-73.9478167,600
"House for sale",686000,3,2,2184.207862,"Jamaica, NY 11436","116-34 146th StJamaica, NY 11436","New York","Queens County","116-34 146th St, Jamaica, NY 11436, USA",40.6808451,-73.7952952,314.072672264742
"Condo for sale",2255000,2,2,1450,"New York, NY 10019","540 W 49th St Ph 8NNew York, NY 10019","New York County","New York","540 W 49th St Ph 8n, New York, NY 10019, USA",40.764655,-73.994257,1555.1724137931
"Pending",2500000,5,4,4400,"Brooklyn, NY 11216","210 Jefferson AveBrooklyn, NY 11216","New York","Kings County","210 Jefferson Ave, Brooklyn, NY 11216, USA",40.6832052,-73.9491758,568.181818181818
"Pending",1848888,6,4,3234,"Jamaica, NY 11432","85-26 Edgerton BlvdJamaica, NY 11432","New York","Queens County","85-26 Edgerton Blvd, Jamaica, NY 11432, USA",40.7160582,-73.7872685,571.703153988868
"Co-op for sale",259900,2,1,850,"Bronx, NY 10463","601 Kappock St Apt 2EBronx, NY 10463","Bronx County","The Bronx","601 Kappock St #2e, Bronx, NY 10463, USA",40.8789773,-73.916004,305.764705882353
"Co-op for sale",399000,1,1,750,"Brooklyn, NY 11209","9707 4th Ave Apt 5RBrooklyn, NY 11209","Kings County","Brooklyn","9707 4th Ave #5r, Brooklyn, NY 11209, USA",40.614285,-74.0315729,532
"Multi-family home for sale",1479000,7,2.37386085796844,4200,"Brooklyn, NY 11234","1272 E 70th StBrooklyn, NY 11234","New York","Kings County","1272 E 70th St, Brooklyn, NY 11234, USA",40.6244327,-73.913742,352.142857142857
"Pending",559900,5,2,1886,"Brooklyn, NY 11234","7315 Avenue UBrooklyn, NY 11234","New York","Kings County","7315 Avenue U, Brooklyn, NY 11234, USA",40.6211924,-73.905796,296.871686108165
"House for sale",599000,3,2,1196,"Staten Island, NY 10304","80 Park Hill CirStaten Island, NY 10304","New York","Richmond County","80 Park Hill Cir, Staten Island, NY 10304, USA",40.6175888,-74.0775836,500.836120401338
"Multi-family home for sale",2480000,7,6,2740,"Fresh Meadows, NY 11365","57-34 159th StFresh Meadows, NY 11365","New York","Queens County","57-34 159th St, Flushing, NY 11365, USA",40.7411879,-73.8094885,905.109489051095
"Multi-family home for sale",5995000,8,6,6500,"Brooklyn, NY 11205","176 Washington ParkBrooklyn, NY 11205","New York","Kings County","176 Washington Park, Brooklyn, NY 11205, USA",40.691847,-73.9732656,922.307692307692
"Condo for sale",4750000,3,2,2060,"New York, NY 10065","40 E 62nd St Apt 5WNew York, NY 10065","New York County","New York","40 E 62nd St #5b, New York, NY 10065, USA",40.7649484,-73.9694663,2305.82524271845
"Multi-family home for sale",778000,4,3,1300,"Staten Island, NY 10309","131 Darnell LnStaten Island, NY 10309","New York","Richmond County","131 Darnell Ln, Staten Island, NY 10309, USA",40.5358271,-74.2226504,598.461538461538
"Multi-family home for sale",1125000,6,3,3354,"Bronx, NY 10456","1046 Morris AveBronx, NY 10456","New York","Bronx County","1046 Morris Ave, Bronx, NY 10456, USA",40.8296324,-73.9159236,335.420393559928
"Condo for sale",550000,1,1,721,"Flushing, NY 11355","42-31 Colden St Unit F6DFlushing, NY 11355","Queens County","Queens","42-31 Colden St f6, Flushing, NY 11355, USA",40.7539009,-73.8261514,762.829403606103
"Townhouse for sale",1775000,4,4,2078,"Brooklyn, NY 11232","142 A 31st StBrooklyn, NY 11232","New York","Kings County","142 E 31st St, Brooklyn, NY 11226, USA",40.6473249,-73.9484704,854.186717998075
"Condo for sale",888000,2,2,1146,"Brooklyn, NY 11219","1238 63rd St Apt D324Brooklyn, NY 11219","Kings County","Brooklyn","1238 63rd St #324, Brooklyn, NY 11219, USA",40.6275896,-74.0016198,774.869109947644
"Condo for sale",375000,3,1,2184.207862,"Brooklyn, NY 11216","454 Nostrand Ave Unit BBrooklyn, NY 11216","New York","Kings County","454 Nostrand Ave., Brooklyn, NY 11216, USA",40.6834585,-73.9504707,171.686956412942
"House for sale",1.5e+07,3,2,2184.207862,"Jamaica, NY 11432","89-02 171st StJamaica, NY 11432","New York","Queens County","89-02 171st St, Jamaica, NY 11432, USA",40.70971,-73.790302,6867.47825651769
"House for sale",849000,3,2,2256,"Staten Island, NY 10308","3891 Amboy RdStaten Island, NY 10308","New York","Richmond County","3891 Amboy Rd, Staten Island, NY 10308, USA",40.5518357,-74.1483332,376.329787234043
"Co-op for sale",185000,3,1,500,"Bronx, NY 10471","4705 Henry Hudson Pkwy W Apt 4ABronx, NY 10471","Bronx County","The Bronx","4705 Henry Hudson Pkwy W #4a, Bronx, NY 10471, USA",40.8952914,-73.9089308,370
"Multi-family home for sale",1250000,5,4,2700,"Staten Island, NY 10307","129 Satterlee StStaten Island, NY 10307","New York","Richmond County","129 Satterlee St, Staten Island, NY 10307, USA",40.5041935,-74.252823,462.962962962963
"Co-op for sale",349000,2,1,800,"Howard Beach, NY 11414","89-22 155th AveHoward Beach, NY 11414","New York","Queens County","89-22 155th Ave, Howard Beach, NY 11414, USA",40.6662726,-73.8457131,436.25
"Co-op for sale",259000,2,1,2184.207862,"Brooklyn, NY 11203","285 E 35th St Apt 2DBrooklyn, NY 11203","Kings County","Brooklyn","285 E 35th St #2d, Brooklyn, NY 11203, USA",40.6482666,-73.9442024,118.578457895872
"Co-op for sale",575000,1,1,850,"Manhattan, NY 10022","118 E 60th St Apt 4BManhattan, NY 10022","New York County","New York","118 E 60th St #4b, New York, NY 10022, USA",40.7630774,-73.9685002,676.470588235294
"Co-op for sale",5e+05,4,1,2184.207862,"Manhattan, NY 10030","133 W 140th St Apt 21Manhattan, NY 10030","New York County","New York","133 W 140th St #21, New York, NY 10030, USA",40.8178093,-73.9391738,228.915941883923
"Co-op for sale",399999,2,1,2184.207862,"Brooklyn, NY 11211","648 Grand St Apt 3FBrooklyn, NY 11211","Kings County","Brooklyn","648 Grand St #3f, Brooklyn, NY 11206, USA",40.7112984,-73.9463142,183.132295675255
"Condo for sale",10800000,5,6,4544,"Brooklyn, NY 11201","50 Bridge Park Dr Unit 22ABBrooklyn, NY 11201","Kings County","Brooklyn","50 Bridge Park Dr #22a, Brooklyn Heights, NY 11201, USA",40.692916,-74.0008815,2376.76056338028
"Co-op for sale",239000,1,1,750,"Bronx, NY 10463","3103 Fairfield Ave Apt 10JBronx, NY 10463","Bronx County","The Bronx","3103 Fairfield Ave #10j, Bronx, NY 10463, USA",40.8836826,-73.9144424,318.666666666667
"Multi-family home for sale",979000,5,2,2392,"Bronx, NY 10474","910 Faile StBronx, NY 10474","New York","Bronx County","910 Faile St, Bronx, NY 10474, USA",40.8201064,-73.8877326,409.280936454849
"Condo for sale",599999,2,1,932,"Bedford Stuyvesant, NY 11233","478 Bainbridge St Apt 3ABedford Stuyvesant, NY 11233","Kings County","Brooklyn","478 Bainbridge St. #3a, Brooklyn, NY 11233, USA",40.6822675,-73.9178308,643.775751072961
"Condo for sale",699000,3,2,1290,"Elmhurst, NY 11373","80-06 47th Ave Unit 4PElmhurst, NY 11373","Queens County","Queens","80-06 47th Ave #4b, Elmhurst, NY 11373, USA",40.7402182,-73.8844499,541.860465116279
"Multi-family home for sale",1400000,5,4,2184.207862,"Brooklyn, NY 11235","2978 Avenue ZBrooklyn, NY 11235","New York","Kings County","2978 Avenue Z, Brooklyn, NY 11235, USA",40.5895581,-73.9376469,640.964637274985
"House for sale",649000,3,2,1188,"Brooklyn, NY 11234","2509 Mill AveBrooklyn, NY 11234","New York","Kings County","2509 Mill Ave, Brooklyn, NY 11234, USA",40.610384,-73.910535,546.296296296296
"Co-op for sale",5475000,4,4,2184.207862,"Manhattan, NY 10021","900 5th Ave Apt 4AManhattan, NY 10021","New York County","New York","900 5th Ave #4a, New York, NY 10021, USA",40.7719126,-73.967281,2506.62956362896
"Co-op for sale",224000,1,1,2184.207862,"Forest Hills, NY 11375","67-66 108 St Unit C4Forest Hills, NY 11375","Queens County","Queens","6766 108th St Apt C4, Forest Hills, NY 11375, USA",40.7276199,-73.84686,102.554341963998
"Condo for sale",590000,3,1,579,"New York, NY 10025","400 Central Park W Apt 3TNew York, NY 10025","New York County","New York","400 Central Park W #3b, New York, NY 10025, USA",40.7942099,-73.9636725,1018.99827288428
"Co-op for sale",1050000,3,2,2184.207862,"New York, NY 10065","205 E 63rd St Apt 19ENew York, NY 10065","New York County","New York","205 E 63rd St #19e, New York, NY 10065, USA",40.7640501,-73.964336,480.723477956239
"Multi-family home for sale",2288000,6,4,3280,"Brooklyn, NY 11204","1774 70th StBrooklyn, NY 11204","New York","Kings County","1774 70th St, Brooklyn, NY 11204, USA",40.6164146,-73.9938038,697.560975609756
"House for sale",1175000,3,2,1240,"Brooklyn, NY 11214","299 Bay 13th StBrooklyn, NY 11214","New York","Kings County","299 Bay 13th St, Brooklyn, NY 11214, USA",40.6034711,-74.0124361,947.58064516129
"Condo for sale",838000,3,2,706,"New York, NY 10002","48 Market St Apt 3ANew York, NY 10002","New York County","New York","48 Market St #3a, New York, NY 10002, USA",40.7118928,-73.9940945,1186.96883852691
"Pending",995000,4,2,2184.207862,"Flushing, NY 11358","45-53 169 StFlushing, NY 11358","New York","Queens County","45-53 169th St, Flushing, NY 11358, USA",40.7543498,-73.797977,455.542724349007
"Condo for sale",1345000,1,2,752,"New York, NY 10065","140 E 63rd St # 4MNNew York, NY 10065","New York County","New York","140 E 63rd St #4n, New York, NY 10065, USA",40.7644486,-73.9662417,1788.56382978723
"Co-op for sale",339000,1,1,910,"Forest Hills, NY 11375","68-09 Booth St Unit 6MForest Hills, NY 11375","Queens County","Queens","68-09 Booth St #6c, Forest Hills, NY 11375, USA",40.7244239,-73.8511076,372.527472527473
"Co-op for sale",999000,1,1,2184.207862,"Manhattan, NY 10028","1010 Fifth Ave Unit 4BBManhattan, NY 10028","New York County","New York","1010 5th Ave #4b, New York, NY 10028, USA",40.7789146,-73.9619806,457.374051884078
"Contingent",2499000,7,4,2268,"Brooklyn, NY 11206","26 Hart StBrooklyn, NY 11206","New York","Kings County","26 Hart St, Brooklyn, NY 11206, USA",40.6927739,-73.951031,1101.85185185185
"Co-op for sale",289000,1,1,750,"Queens, NY 11375","118-17 Union Turnpike Tpke Unit 2FQueens, NY 11375","New York","Queens County","118-17 Union Tpke, Forest Hills, NY 11375, USA",40.7129779,-73.8345967,385.333333333333
"Multi-family home for sale",1350000,3,5,3210,"Woodside, NY 11377","43-15 54th StWoodside, NY 11377","New York","Queens County","43-15 54th St, Flushing, NY 11377, USA",40.7432038,-73.9105824,420.560747663551
"House for sale",850000,2,2,1122,"Brooklyn, NY 11204","1621 73rd StBrooklyn, NY 11204","New York","Kings County","1621 73rd St, Brooklyn, NY 11204, USA",40.6172561,-73.9989227,757.575757575758
"Townhouse for sale",1450000,6,4,2800,"Brooklyn, NY 11210","575 E 28th StBrooklyn, NY 11210","New York","Kings County","575 E 28th St, Brooklyn, NY 11210, USA",40.6367665,-73.9497245,517.857142857143
"Co-op for sale",549995,3,1,2184.207862,"Brooklyn, NY 11201","57 Montague St Apt 8KBrooklyn, NY 11201","Kings County","Brooklyn","57 Montague St #8c, Brooklyn, NY 11201, USA",40.6957468,-73.9970996,251.805246912897
"Condo for sale",995000,3,2,1175,"Manhattan, NY 10030","2545 Frederick Douglass Blvd Apt DManhattan, NY 10030","New York County","New York","2545 Frederick Douglass Blvd c, New York, NY 10030, USA",40.817538,-73.94614,846.808510638298
"House for sale",880000,2,2,1120,"Brooklyn, NY 11235","1808 Avenue YBrooklyn, NY 11235","United States","New York","1808 Avenue P, Brooklyn, NY 11229, USA",40.6104879,-73.955347,785.714285714286
"House for sale",775000,3,2,2184.207862,"Staten Island, NY 10306","46 Aviston StStaten Island, NY 10306","New York","Richmond County","46 Aviston St, Staten Island, NY 10306, USA",40.5572427,-74.1202564,354.819709920081
"Condo for sale",330000,3,2,1067,"Bronx, NY 10451","776 Brook Ave Unit 33BBronx, NY 10451","Bronx County","The Bronx","776A Brook Ave #33A, Bronx, NY 10451, USA",40.8203804,-73.9109368,309.278350515464
"Multi-family home for sale",789000,3,4,1900,"Staten Island, NY 10309","40 Winant PlStaten Island, NY 10309","New York","Richmond County","40 Winant Pl, Staten Island, NY 10309, USA",40.5364742,-74.2389448,415.263157894737
"Co-op for sale",288000,1,1,800,"Brooklyn, NY 11214","8853 Bay 16th St Apt 3ABrooklyn, NY 11214","Kings County","Brooklyn","8853 Bay 16th St #3a, Brooklyn, NY 11214, USA",40.6028929,-74.0093853,360
"Co-op for sale",2399000,2,2,2391,"New York, NY 10001","249 W 29th St Apt 2ENew York, NY 10001","New York County","New York","249 W 29th St #2e, New York, NY 10001, USA",40.7489369,-73.9948023,1003.34588038478
"House for sale",589000,3,2,1320,"Brooklyn, NY 11229","111 Abbey CtBrooklyn, NY 11229","New York","Kings County","111 Abbey Ct, Brooklyn, NY 11229, USA",40.5905162,-73.9233755,446.212121212121
"Co-op for sale",250000,3,1,2184.207862,"Jackson Heights, NY 11372","37-30 83rd St Unit 5Jackson Heights, NY 11372","Queens County","Queens","3730 83rd St Apt 5n, Jackson Heights, NY 11372, USA",40.7493341,-73.8834178,114.457970941962
"Contingent",1495000,3,2,1590,"New York, NY 10022","301 E 52nd St Apt 4BNew York, NY 10022","New York County","New York","301 E 52nd St #4b, New York, NY 10022, USA",40.7561092,-73.9669846,940.251572327044
"Co-op for sale",225000,1,1,2184.207862,"Howard Beach, NY 11414","84-40 153rd Ave Unit 5MHoward Beach, NY 11414","Queens County","Queens","84-40 153rd Ave #5m, Jamaica, NY 11414, USA",40.6660965,-73.8478793,103.012173847765
"Co-op for sale",380000,2,1,850,"Brooklyn, NY 11229","1855 E 12th St Apt 5ABrooklyn, NY 11229","Kings County","Brooklyn","1855 E 12th St #5a, Brooklyn, NY 11229, USA",40.6041775,-73.9603087,447.058823529412
"Multi-family home for sale",1800000,11,5,3969,"Bronx, NY 10453","1637 Nelson AveBronx, NY 10453","New York","Bronx County","1637 Nelson Ave, Bronx, NY 10453, USA",40.8470503,-73.9188566,453.514739229025
"Townhouse for sale",939000,3,2,1728,"Middle Village, NY 11379","61-44 77th StMiddle Village, NY 11379","New York","Queens County","61-44 77th St, Flushing, NY 11379, USA",40.7223997,-73.8818876,543.402777777778
"Co-op for sale",150000,3,1,2184.207862,"Queens, NY 11374","98-34 63rd Dr Unit 6GGQueens, NY 11374","Queens County","Queens","98-34 63rd Dr #6g, Rego Park, NY 11374, USA",40.731183,-73.857622,68.6747825651769
"Multi-family home for sale",889000,5,2,2184.207862,"Jamaica, NY 11435","101-11 Remington StJamaica, NY 11435","New York","Queens County","101-11 Remington St, Jamaica, NY 11435, USA",40.6939213,-73.810465,407.012544669615
"Condo for sale",665000,2,1,1120,"Jackson Heights, NY 11372","80-09 35th Ave Unit A8Jackson Heights, NY 11372","Queens County","Queens","8009 35th Ave APT A8, Flushing, NY 11372, USA",40.7519149,-73.8861292,593.75
"Condo for sale",899000,1,2,1151,"Brooklyn, NY 11231","95 Dikeman St Apt 1RBrooklyn, NY 11231","Kings County","Brooklyn","95 Dikeman St #1r, Brooklyn, NY 11231, USA",40.6764286,-74.013234,781.059947871416
"Townhouse for sale",10750000,5,6,5771,"New York, NY 10075","123 E 80th StNew York, NY 10075","New York","New York County","123 E 80th St, New York, NY 10075, USA",40.776067,-73.9588179,1862.76208629354
"Townhouse for sale",3200000,5,6,5400,"Manhattan, NY 10030","121 W 136th StManhattan, NY 10030","New York","New York County","121 W 136th St, New York, NY 10030, USA",40.8153973,-73.9412519,592.592592592593
"Townhouse for sale",399985,2,1,1148,"Brownville, NY 11212","923 Rockaway AveBrownville, NY 11212","New York","Kings County","923 Rockaway Ave, Brooklyn, NY 11212, USA",40.6570214,-73.9072202,348.418989547038
"Co-op for sale",437500,1,1,2184.207862,"Queens, NY 11372","35-15 84th St Unit 1IQueens, NY 11372","Queens County","Queens","35-15 84th St #1a, Jackson Heights, NY 11372, USA",40.7513972,-73.8824773,200.301449148433
"Condo for sale",1385000,1,2,875,"New York, NY 10019","301 W 57th St Apt 34ENew York, NY 10019","New York County","New York","301 W 57th St #34e, New York, NY 10019, USA",40.767078,-73.9831196,1582.85714285714
"Pending",769000,3,2,1170,"Staten Island, NY 10314","10 Neal Dow AveStaten Island, NY 10314","New York","Richmond County","10 Neal Dow Ave, Staten Island, NY 10314, USA",40.6222601,-74.1349837,657.264957264957
"Co-op for sale",399000,1,1,2184.207862,"New York, NY 10028","108 E 86th St Apt 1SWNew York, NY 10028","New York County","New York","108 East 86th St #1fw, New York, NY 10028, USA",40.7797181,-73.9566929,182.674921623371
"Co-op for sale",318000,1,1,2184.207862,"Forest Hills, NY 11375","110-35 72nd Rd Unit 607Forest Hills, NY 11375","Queens County","Queens","11035 72nd Rd Apt 607, Forest Hills, NY 11375, USA",40.7203199,-73.84052,145.590539038175
"Multi-family home for sale",1580000,6,4,2184.207862,"Jackson Heights, NY 11370","73-09 21st AveJackson Heights, NY 11370","New York","Queens County","73-09 21st Ave, Flushing, NY 11370, USA",40.77038,-73.8961042,723.374376353197
"Co-op for sale",1300000,2,2,2184.207862,"Manhattan, NY 10011","425 W 24th St Unit 3GFManhattan, NY 10011","New York County","New York","425 W 24th St #3f, New York, NY 10011, USA",40.747844,-74.00189,595.1814488982
"Co-op for sale",290000,3,1,2184.207862,"New York, NY 10065","301 E 63rd St Apt 8DNew York, NY 10065","New York County","New York","301 E 63rd St #8d, New York, NY 10065, USA",40.7631466,-73.9622114,132.771246292675
"Co-op for sale",419000,2,1,1000,"Brooklyn, NY 11224","458 Neptune Ave Apt 6HBrooklyn, NY 11224","Kings County","Brooklyn","458 Neptune Ave #6h, Brooklyn, NY 11224, USA",40.5794182,-73.9709078,419
"Co-op for sale",448000,1,1,750,"Brooklyn, NY 11218","221 McDonald Ave Apt 2JBrooklyn, NY 11218","Kings County","Brooklyn","221 McDonald Ave #2j, Brooklyn, NY 11218, USA",40.6492641,-73.98034,597.333333333333
"Pending",540000,2,2,823,"Kew Gardens, NY 11415","118-82 Metropolitan Ave Unit 7CKew Gardens, NY 11415","Queens County","Queens","118-82 Metropolitan Ave #7c, Jamaica, NY 11415, USA",40.7059564,-73.8319922,656.136087484812
"House for sale",549990,3,2,1782,"Bronx, NY 10461","3080 Coddington AveBronx, NY 10461","New York","Bronx County","3080 Coddington Ave, Bronx, NY 10461, USA",40.8411589,-73.8265147,308.636363636364
"Condo for sale",299000,1,1,671,"Bronx, NY 10451","837 Washington Ave Apt 4ABronx, NY 10451","Bronx County","The Bronx","837 Washington Ave #4a, Bronx, NY 10451, USA",40.8225186,-73.9117785,445.603576751118
"Contingent",840000,5,1,1182,"Staten Island, NY 10302","331 Leonard AveStaten Island, NY 10302","New York","Richmond County","331 Leonard Ave, Staten Island, NY 10302, USA",40.6192205,-74.1425531,710.659898477157
"Condo for sale",15250000,4,5,4264,"New York, NY 10011","551 W 21st St Apt 15ANew York, NY 10011","New York County","New York","551 W 21st St #15a, New York, NY 10011, USA",40.7474926,-74.0072666,3576.45403377111
"Co-op for sale",420000,3,2,1200,"Corona, NY 11368","99-11 60 Ave Unit 1HCorona, NY 11368","Queens County","Queens","99-11 60th Ave #1h, Corona, NY 11368, USA",40.7367277,-73.8586765,350
"Multi-family home for sale",1550000,7,3,2024,"Brooklyn, NY 11220","6741 Colonial RdBrooklyn, NY 11220","New York","Kings County","6741 Colonial Rd, Brooklyn, NY 11220, USA",40.6384136,-74.0305401,765.810276679842
"House for sale",668888,3,2,2184.207862,"Staten Island, NY 10301","87 Hewitt AveStaten Island, NY 10301","New York","Richmond County","87 Hewitt Ave, Staten Island, NY 10301, USA",40.6078478,-74.0994376,306.238253069707
"Condo for sale",225000,3,1,2184.207862,"Brooklyn, NY 11207","971 Jerome St Apt 3ABrooklyn, NY 11207","Kings County","Brooklyn","971 Jerome St #3a, Brooklyn, NY 11207, USA",40.6570179,-73.8781548,103.012173847765
"Condo for sale",975000,2,1,1164,"Manhattan, NY 10004","20 West St Unit 18Manhattan, NY 10004","New York County","New York","20 West St APT 18A, New York, NY 10004, USA",40.7061841,-74.0156098,837.628865979381
"Townhouse for sale",1900000,4,4,2184.207862,"Brooklyn, NY 11225","362 Hawthorne St Unit TownhouseBrooklyn, NY 11225","New York","Kings County","362 Hawthorne St, Brooklyn, NY 11225, USA",40.6577472,-73.9484157,869.880579158908
"Co-op for sale",450500,2,1,1200,"Beechhurst, NY 11357","162-41 Powells Cove Blvd Unit 2OBeechhurst, NY 11357","Queens County","Queens","16241 Powells Cove Blvd Apt 2m, Whitestone, NY 11357, USA",40.7941499,-73.79959,375.416666666667
"Co-op for sale",399000,3,2,2184.207862,"Brooklyn, NY 11214","2475 W 16th St Apt 12HBrooklyn, NY 11214","New York","Kings County","2475 W 16th St #12h, Brooklyn, NY 11214, USA",40.5866482,-73.9845156,182.674921623371
"Pending",249000,2,1,900,"Bronx, NY 10463","2601 Henry Hudson West Parkway Pkwy W Unit 6CBronx, NY 10463","New York","Bronx County","2601 Henry Hudson Pkwy W, Bronx, NY 10463, USA",40.8808392,-73.9191025,276.666666666667
"Co-op for sale",175000,3,1,2184.207862,"Rego Park, NY 11374","99-40 63 Rd Unit 5ARego Park, NY 11374","Queens County","Queens","99-40 63rd Rd #5a, Rego Park, NY 11374, USA",40.7324206,-73.8555724,80.1205796593731
"Co-op for sale",720000,1,1,2184.207862,"Brooklyn, NY 11201","220 Congress St Apt 4DBrooklyn, NY 11201","Kings County","Brooklyn","220 Congress St #4d, Brooklyn, NY 11201, USA",40.687871,-73.994454,329.638956312849
"Townhouse for sale",6995000,6,5,3552,"Manhattan, NY 10012","74 Macdougal StManhattan, NY 10012","New York","New York County","74 MacDougal St, New York, NY 10012, USA",40.7283165,-74.0017116,1969.31306306306
"Co-op for sale",2150000,2,2,2184.207862,"New York, NY 10028","1035 Fifth Ave # 4DNew York, NY 10028","New York County","New York","1035 5th Ave #4b, New York, NY 10028, USA",40.7805609,-73.9608663,984.338550100869
"House for sale",1388800,6,4,2146,"Staten Island, NY 10304","37 Douglas RdStaten Island, NY 10304","New York","Richmond County","37 Douglas Rd, Staten Island, NY 10304, USA",40.6066676,-74.093461,647.157502329916
"Multi-family home for sale",1400000,6,2,1600,"Bronx, NY 10458","2419 Arthur AveBronx, NY 10458","New York","Bronx County","2419 Arthur Ave, Bronx, NY 10458, USA",40.8561226,-73.8873536,875
"Condo for sale",2250000,3,2,2184.207862,"Brooklyn, NY 11215","353 3rd St Apt 5BBrooklyn, NY 11215","Kings County","Brooklyn","353 3rd St. #5b, Brooklyn, NY 11215, USA",40.6731905,-73.9835999,1030.12173847765
"Multi-family home for sale",1170000,5,4,3120,"Brooklyn, NY 11234","2623 Mill AveBrooklyn, NY 11234","New York","Kings County","2623 Mill Ave, Brooklyn, NY 11234, USA",40.6090159,-73.9118129,375
"Condo for sale",350000,3,2,2184.207862,"Bronx, NY 10455","527 E 156th St Unit 67CBronx, NY 10455","Bronx County","The Bronx","527D E 156th St #67D, Bronx, NY 10455, USA",40.8203804,-73.9109368,160.241159318746
"Contingent",748800,3,2,1242,"Staten Island, NY 10305","437 Buel AveStaten Island, NY 10305","New York","Richmond County","437 Buel Ave, Staten Island, NY 10305, USA",40.5831679,-74.0887805,602.898550724638
"Condo for sale",469000,2,1,780,"Corona, NY 11368","104-33 39th Ave Unit 3D-ACorona, NY 11368","Queens County","Queens","104-33 39th Ave #3d, Flushing, NY 11368, USA",40.751236,-73.8610379,601.282051282051
"Condo for sale",1355000,3,2,2184.207862,"Brooklyn, NY 11215","316 22nd St Unit 1BBrooklyn, NY 11215","Kings County","Brooklyn","316 22nd St #1b, Brooklyn, NY 11215, USA",40.6588717,-73.9912442,620.362202505432
"Multi-family home for sale",1099000,6,5,2184.207862,"Brooklyn, NY 11207","245 Vermont StBrooklyn, NY 11207","New York","Kings County","245 Vermont St, Brooklyn, NY 11207, USA",40.6738741,-73.8941707,503.157240260863
"Pending",250000,1,1,2184.207862,"Brighton Beach, NY 11235","18 Brighton 8thBrighton Beach, NY 11235","New York","Kings County","18 Brighton 8th St, Brooklyn, NY 11235, USA",40.5838809,-73.9614297,114.457970941962
"Pending",860000,3,4,2325,"Staten Island, NY 10309","270 Ramapo AveStaten Island, NY 10309","New York","Richmond County","270 Ramapo Ave, Staten Island, NY 10309, USA",40.5394441,-74.2109853,369.89247311828
"Co-op for sale",2250000,2,2,2184.207862,"New York, NY 10065","825 Fifth Ave Unit 16DNew York, NY 10065","New York County","New York","825 5th Ave #16d, New York, NY 10065, USA",40.7670351,-73.970568,1030.12173847765
"Co-op for sale",288800,2,1,2184.207862,"Flushing, NY 11367","77-32 Vleigh Pl Unit 82EFlushing, NY 11367","New York","Queens County","77-32 Vleigh Pl, Flushing, NY 11367, USA",40.7198854,-73.8209128,132.221848032154
"Condo for sale",285000,1,1,613,"Staten Island, NY 10305","20 Cliff St Apt 5HStaten Island, NY 10305","Richmond County","Staten Island","20 Cliff St #5b, Staten Island, NY 10305, USA",40.6109595,-74.060351,464.926590538336
"Co-op for sale",399000,3,1,2184.207862,"New York, NY 10032","512 W 156th St Apt 33New York, NY 10032","New York County","New York","512 W 156th St #33, New York, NY 10032, USA",40.8323885,-73.9433069,182.674921623371
"Condo for sale",489000,2,2,1100,"Brooklyn, NY 11234","1075 E 72nd St Unit 43Brooklyn, NY 11234","Kings County","Brooklyn","1075 E 72nd St #43, Brooklyn, NY 11234, USA",40.6280579,-73.9171101,444.545454545455
"Multi-family home for sale",1098000,3,3,1155,"Bayside, NY 11361","200-03 34th AveBayside, NY 11361","New York","Queens County","200-03 34th Ave, Flushing, NY 11361, USA",40.7668927,-73.787636,950.649350649351
"Townhouse for sale",1200000,3,2.37386085796844,2184.207862,"Brooklyn, NY 11209","435 81st StBrooklyn, NY 11209","New York","Kings County","435 81st St, Brooklyn, NY 11209, USA",40.6260506,-74.0258346,549.398260521416
"House for sale",1750000,4,1,2184.207862,"Bayside, NY 11361","39-15 212th StBayside, NY 11361","New York","Queens County","39-15 212th St, Flushing, NY 11361, USA",40.7642941,-73.7730781,801.205796593731
"Multi-family home for sale",999999,8,2,3023,"Brooklyn, NY 11210","895 E 37th StBrooklyn, NY 11210","New York","Kings County","895 E 37th St, Brooklyn, NY 11210, USA",40.6350854,-73.9408271,330.79689050612
"Co-op for sale",1890000,2,2,2184.207862,"New York, NY 10021","45 E 72nd St Apt 11BNew York, NY 10021","New York County","New York","45 E 72nd St #11b, New York, NY 10021, USA",40.7716485,-73.9646206,865.302260321229
"Co-op for sale",180000,3,1,500,"Jackson Heights, NY 11372","90-11 35th Ave Unit 1LJackson Heights, NY 11372","Queens County","Queens","9011 35th Ave Apt 1f, Jackson Heights, NY 11372, USA",40.7525699,-73.87724,360
"Pending",1600000,6,2,2128,"Brooklyn, NY 11225","155 Sterling StBrooklyn, NY 11225","New York","Kings County","155 Sterling St, Brooklyn, NY 11225, USA",40.6630373,-73.9558549,751.87969924812
"Condo for sale",9995000,4,4,2918,"New York, NY 10028","1049 Fifth Ave Unit 17BNew York, NY 10028","New York County","New York","1049 5th Ave #17b, New York, NY 10028, USA",40.7810722,-73.9599463,3425.29129540781
"Co-op for sale",5400000,4,2,3800,"New York, NY 10013","14 Wooster St Apt 4New York, NY 10013","New York County","New York","14 Wooster St #4, New York, NY 10013, USA",40.7213533,-74.0032588,1421.05263157895
"Co-op for sale",3395000,2,2,1525,"Manhattan, NY 10014","2 Charlton St Unit 1ABManhattan, NY 10014","New York County","New York","2 Charlton St #1a, New York, NY 10014, USA",40.7268776,-74.0038573,2226.22950819672
"Condo for sale",1050000,4,2,2800,"Brooklyn, NY 11219","1025 45th St Apt 1DBrooklyn, NY 11219","Kings County","Brooklyn","1025 45th St #1d, Brooklyn, NY 11219, USA",40.6408974,-73.9954451,375
"House for sale",799000,3,2,1000,"Brooklyn, NY 11235","2455 E 13th StBrooklyn, NY 11235","New York","Kings County","2455 E 13th St, Brooklyn, NY 11235, USA",40.5907198,-73.956552,799
"Condo for sale",698000,1,1,721,"New York, NY 10002","18 Eldridge St Apt 2BNew York, NY 10002","New York County","New York","18 Eldridge St #2b, New York, NY 10002, USA",40.7148425,-73.9934391,968.099861303745
"Multi-family home for sale",1699000,6,2,2184.207862,"Brooklyn, NY 11209","265 78th StBrooklyn, NY 11209","New York","Kings County","265 78th St, Brooklyn, NY 11209, USA",40.629645,-74.0292549,777.856370521571
"Condo for sale",558000,2,1,747,"East Elmhurst, NY 11370","22-40 80th St Unit 133FEast Elmhurst, NY 11370","Queens County","Queens","2240 80th St #133A, Flushing, NY 11370, USA",40.7677997,-73.8900207,746.987951807229
"Condo for sale",1900000,2,2,1035,"New York, NY 10065","220 E 65th St Apt 20BNew York, NY 10065","New York County","New York","220 E 65th St #20b, New York, NY 10065, USA",40.7642638,-73.9626394,1835.74879227053
"Condo for sale",2150000,3,3,1315,"New York, NY 10128","389 E 89th St Apt 17GNew York, NY 10128","New York County","New York","389 E 89th St #17g, New York, NY 10128, USA",40.7791164,-73.9482901,1634.98098859316
"House for sale",769000,2,2,992,"Whitestone, NY 11357","20-08 150th StWhitestone, NY 11357","New York","Queens County","20-08 150th St, Flushing, NY 11357, USA",40.7810618,-73.8144859,775.201612903226
"Multi-family home for sale",1249999,6,3,3491,"Bronx, NY 10471","5112 Post RdBronx, NY 10471","New York","Bronx County","5112 Post Rd, Bronx, NY 10471, USA",40.8961697,-73.8978853,358.063305643082
"Co-op for sale",419000,3,2.37386085796844,2184.207862,"Brooklyn, NY 11230","1401 Ocean Ave Apt 8JBrooklyn, NY 11230","Kings County","Brooklyn","1401 Ocean Ave #8j, Brooklyn, NY 11230, USA",40.6278433,-73.9564523,191.831559298728
"Co-op for sale",329000,1,1,850,"Brooklyn, NY 11224","464 Neptune Ave Apt 22HBrooklyn, NY 11224","Kings County","Brooklyn","464 Neptune Ave #22a, Brooklyn, NY 11224, USA",40.5792324,-73.9713245,387.058823529412
"Co-op for sale",275000,1,1,650,"New York, NY 10027","2053 Adam C Powell Blvd Unit 1ANew York, NY 10027","New York County","New York","2053 Adam Clayton Powell Jr Blvd #1a, New York, NY 10027, USA",40.807254,-73.949107,423.076923076923
"Co-op for sale",438000,1,1,900,"Flushing, NY 11354","142-05 Roosevelt Ave Unit 703Flushing, NY 11354","Queens County","Queens","14205 Roosevelt Ave Apt 703, Flushing, NY 11354, USA",40.7607942,-73.8258766,486.666666666667
"Condo for sale",568000,1,1,680,"Queens, NY 11374","62 54 97th Pl Unit 16GQueens, NY 11374","New York","Queens County","54 97th Pl, Rego Park, NY 11374, USA",40.733048,-73.8612179,835.294117647059
"Co-op for sale",2150000,3,2,2300,"New York, NY 10024","52 Riverside Dr Apt 2ANew York, NY 10024","New York County","New York","52 Riverside Dr #2a, New York, NY 10024, USA",40.7840425,-73.9833243,934.782608695652
"House for sale",750000,2,2,2184.207862,"Brooklyn, NY 11216","454 Nostrand Ave Apt 1Brooklyn, NY 11216","Kings County","Brooklyn","454 Nostrand Ave. #1, Brooklyn, NY 11216, USA",40.6834662,-73.9504976,343.373912825885
"Pending",999999,5,3,2184.207862,"Richmond Hill, NY 11418","91-31 113th StRichmond Hill, NY 11418","New York","Queens County","91-31 113th St, Richmond Hill, NY 11418, USA",40.6941485,-73.8335209,457.831425935962
"Pending",1995000,2,2,2184.207862,"Brooklyn, NY 11218","246 Sherman StBrooklyn, NY 11218","New York","Kings County","246 Sherman St, Brooklyn, NY 11218, USA",40.652842,-73.974441,913.374608116853
"Multi-family home for sale",875000,3,2.37386085796844,1688,"Bronx, NY 10466","3949 Rombouts AveBronx, NY 10466","New York","Bronx County","3949 Rombouts Ave, Bronx, NY 10466, USA",40.8905817,-73.8304424,518.364928909953
"House for sale",989000,4,3,1305,"Glen Oaks, NY 11004","81-36 267th StGlen Oaks, NY 11004","New York","Queens County","81-36 267th St, Glen Oaks, NY 11004, USA",40.743303,-73.7039503,757.854406130268
"Co-op for sale",499000,3,2,1266,"Forest Hills, NY 11375","61-20 Grand Central Pkwy Unit A1105Forest Hills, NY 11375","Queens County","Queens","61-20 Grand Central Pkwy #1105, Forest Hills, NY 11375, USA",40.7379227,-73.8470718,394.154818325434
"Condo for sale",660400,1,2.37386085796844,2184.207862,"Queens, NY 11101","3 Court Sq WQueens, NY 11101","New York","Queens County","3 Ct Square W, Long Island City, NY 11101, USA",40.7478785,-73.9444755,302.352176040286
"Condo for sale",1199999,2,2,1197,"Brooklyn, NY 11206","143 Meserole St Unit GardenBrooklyn, NY 11206","New York","Kings County","143 Meserole St, Brooklyn, NY 11206, USA",40.7081991,-73.9438121,1002.50543024227
"House for sale",580880,4,2,1504,"Brooklyn, NY 11203","976 Schenectady AveBrooklyn, NY 11203","New York","Kings County","976 Schenectady Ave, Brooklyn, NY 11203, USA",40.6492194,-73.933307,386.223404255319
"Co-op for sale",1399000,1,1,2184.207862,"New York, NY 10024","100 Riverside Dr Unit 19DNew York, NY 10024","New York County","New York","100 Riverside Dr #19a, New York, NY 10024, USA",40.7869306,-73.980845,640.506805391217
"Condo for sale",630000,2,2,2184.207862,"College Point, NY 11356","5-42 115th St Unit ACollege Point, NY 11356","New York","Queens County","5-42 115th St, College Point, NY 11356, USA",40.7903558,-73.8528872,288.434086773743
"Contingent",479999,3,2,1510,"Staten Island, NY 10312","66 Bianca CtStaten Island, NY 10312","New York","Richmond County","66 Bianca Ct, Staten Island, NY 10312, USA",40.5646752,-74.1838356,317.880132450331
"Co-op for sale",460000,1,1,950,"Brooklyn, NY 11209","7423 Ridge Blvd Apt 1DBrooklyn, NY 11209","Kings County","Brooklyn","7423 Ridge Blvd #1d, Brooklyn, NY 11209, USA",40.6323374,-74.0301041,484.210526315789
"Condo for sale",1649000,3,2,2184.207862,"Manhattan, NY 10128","401 E 89th St Apt 10KManhattan, NY 10128","New York County","New York","401 E 89th St APT 10L, New York, NY 10128, USA",40.7787875,-73.9473234,754.964776333178
"Co-op for sale",5999000,4,3,3900,"Manhattan, NY 10022","322 E 57th St Units 12 & 13AManhattan, NY 10022","New York","New York County","322 E 57th St, New York, NY 10022, USA",40.7588099,-73.9645276,1538.20512820513
"Condo for sale",845000,1,1,692,"Manhattan, NY 10075","510 E 80th St Apt 12DManhattan, NY 10075","New York County","New York","510 E 80th St Apartment 12e, New York, NY 10075, USA",40.771604,-73.949419,1221.09826589595
"Co-op for sale",160000,1,1,2184.207862,"Bronx, NY 10471","5601 Riverdale Ave Apt 3SBronx, NY 10471","Bronx County","The Bronx","5601 Riverdale Ave #3s, Bronx, NY 10471, USA",40.9048823,-73.9051113,73.2531014028554
"House for sale",729000,3,2,1854,"Brooklyn, NY 11224","3126 Mermaid AveBrooklyn, NY 11224","New York","Kings County","3126 Mermaid Ave, Brooklyn, NY 11224, USA",40.5749619,-73.9982799,393.203883495146
"Condo for sale",995000,1,1,2184.207862,"New York, NY 10025","382 Central Park W Apt 18LNew York, NY 10025","New York County","New York","382 Central Park W #18j, New York, NY 10025, USA",40.7935585,-73.9656011,455.542724349007
"Co-op for sale",565000,4,1,1024,"Manhattan, NY 10035","54 E 129th St Apt 6BManhattan, NY 10035","New York County","New York","54 E 129th St #6b, New York, NY 10035, USA",40.807789,-73.938228,551.7578125
"House for sale",875000,2,1,1050,"Brooklyn, NY 11223","2161 W 7th StBrooklyn, NY 11223","New York","Kings County","2161 W 7th St, Brooklyn, NY 11223, USA",40.5949166,-73.9779852,833.333333333333
"Pending",1280000,5,4,3600,"Staten Island, NY 10307","371 Swinnerton StStaten Island, NY 10307","New York","Richmond County","371 Swinnerton St, Staten Island, NY 10307, USA",40.4995462,-74.2443078,355.555555555556
"Co-op for sale",248000,1,1,800,"Flushing, NY 11354","142-20 26 Ave Unit 2AFlushing, NY 11354","Queens County","Queens","14220 26th Ave #2a, Flushing, NY 11354, USA",40.7741978,-73.8256676,310
"House for sale",1295000,3,2,2184.207862,"Brooklyn, NY 11230","1235 E 10th StBrooklyn, NY 11230","New York","Kings County","1235 E 10th St, Brooklyn, NY 11230, USA",40.6189992,-73.9648549,592.892289479361
"Condo for sale",4995000,3,4,3750,"New York, NY 10011","213 W 23rd St Apt 5NNew York, NY 10011","New York County","New York","213 W 23rd St #5n, New York, NY 10011, USA",40.7445521,-73.9963339,1332
"Co-op for sale",330000,2,1,2184.207862,"Rego Park, NY 11374","66-15 Wetherole St Unit A6Rego Park, NY 11374","Queens County","Queens","6615 Wetherole St Apt A6, Rego Park, NY 11374, USA",40.7256799,-73.85726,151.084521643389
"Townhouse for sale",6500000,5,4,4000,"New York, NY 10021","247 E 71st StNew York, NY 10021","New York","New York County","247 E 71st St, New York, NY 10021, USA",40.7685714,-73.959526,1625
"Multi-family home for sale",789000,4,2,2184.207862,"Saint Albans, NY 11412","205-23 113 AveSaint Albans, NY 11412","New York","Queens County","205-23 113th Ave, Jamaica, NY 11412, USA",40.7029196,-73.7500482,361.229356292831
"House for sale",3250000,8,4,2184.207862,"Bronx, NY 10471","4970 Independence AveBronx, NY 10471","New York","Bronx County","4970 Independence Ave, Bronx, NY 10471, USA",40.8984527,-73.9105843,1487.9536222455
"Condo for sale",3200000,3,3,1820,"Brooklyn, NY 11217","675 Sackett St Apt 105Brooklyn, NY 11217","Kings County","Brooklyn","675 Sackett St APT 105, Brooklyn, NY 11217, USA",40.6779373,-73.981685,1758.24175824176
"Multi-family home for sale",1499000,3,2,3090,"Brooklyn, NY 11220","746 50th StBrooklyn, NY 11220","New York","Kings County","746 50th St, Brooklyn, NY 11220, USA",40.6416317,-74.0049828,485.113268608414
"Condo for sale",1599000,2,2,1400,"New York, NY 10019","1600 Broadway Apt 16GNew York, NY 10019","New York County","New York","1600 Broadway #16g, New York, NY 10019, USA",40.7601775,-73.9843631,1142.14285714286
"House for sale",549000,2,2,1148,"Brooklyn, NY 11212","609 Thomas S Boyland StBrooklyn, NY 11212","New York","Kings County","609 Thomas S Boyland St, Brooklyn, NY 11212, USA",40.6658988,-73.9124097,478.222996515679
"Condo for sale",249999,1,1,596,"Staten Island, NY 10301","215 Hart Blvd Apt 3JStaten Island, NY 10301","Richmond County","Staten Island","215 Hart Blvd #3j, Staten Island, NY 10301, USA",40.6299335,-74.0999243,419.461409395973
"House for sale",699900,3,4,2160,"Staten Island, NY 10309","62 Ambassador LnStaten Island, NY 10309","New York","Richmond County","62 Ambassador Ln, Staten Island, NY 10309, USA",40.528676,-74.2188267,324.027777777778
"Multi-family home for sale",1149000,2,2,1472,"Brooklyn, NY 11223","1625 W 2nd StBrooklyn, NY 11223","New York","Kings County","1625 W 2nd St, Brooklyn, NY 11223, USA",40.6078291,-73.9755535,780.570652173913
"Co-op for sale",219000,1,1,780,"Richmond Hill, NY 11418","86-10 109th St Unit CC1Richmond Hill, NY 11418","Queens County","Queens","8610 109th St Apt C1, Richmond Hill, NY 11418, USA",40.6981799,-73.83976,280.769230769231
"Co-op for sale",499000,3,1,2184.207862,"Manhattan, NY 10001","284 5th Ave Unit 7BManhattan, NY 10001","New York County","New York","284 5th Ave # 7a, New York, NY 10001, USA",40.7460725,-73.9865041,228.458110000155
"House for sale",749999,4,2.37386085796844,1063,"Staten Island, NY 10312","4236 Richmond AveStaten Island, NY 10312","New York","Richmond County","4236 Richmond Ave, Staten Island, NY 10312, USA",40.5355078,-74.1566675,705.549388523048
"Co-op for sale",449000,1,2,1130,"Floral Park, NY 11005","26910 Grand Central Pkwy Apt 9SFloral Park, NY 11005","Queens County","Queens","269-10 Grand Central Pkwy #9N, Queens, NY 11005, USA",40.7578216,-73.7159784,397.345132743363
"Condo for sale",879000,2,2,1278,"New York, NY 10035","435 E 117th St Apt 3New York, NY 10035","New York County","New York","435 E 117th St APT 3, New York, NY 10035, USA",40.7962956,-73.9334096,687.793427230047
"Co-op for sale",650000,1,1,800,"New York, NY 10028","500 E 83rd St Apt 18ANew York, NY 10028","New York County","New York","500 E 83rd St #18a, New York, NY 10028, USA",40.7735711,-73.9481587,812.5
"Condo for sale",750000,2,2,732,"Brooklyn, NY 11206","109 Troutman St # 3BBrooklyn, NY 11206","Kings County","Brooklyn","109 Troutman St #3b, Brooklyn, NY 11206, USA",40.6996109,-73.9302507,1024.59016393443
"Condo for sale",780000,2,2,847,"Queens, NY 11366","158-16 79th Ave Unit 205NQueens, NY 11366","Queens County","Queens","158-16 79th Ave #205, Flushing, NY 11366, USA",40.7209348,-73.808761,920.897284533648
"Multi-family home for sale",699000,3,2.37386085796844,2184.207862,"Brooklyn, NY 11226","356 E 31st StBrooklyn, NY 11226","New York","Kings County","356 E 31st St, Brooklyn, NY 11226, USA",40.6418865,-73.9479336,320.024486753724
"Co-op for sale",275000,2,1,2184.207862,"Queens Village, NY 11427","227-10 88th Ave Unit LOWER1Queens Village, NY 11427","New York","Queens County","227-10 88th Ave, Queens Village, NY 11427, USA",40.7300949,-73.7400976,125.903768036158
"House for sale",925000,2,2.37386085796844,2100,"Glendale, NY 11385","69-08 Myrtle AveGlendale, NY 11385","New York","Queens County","69-08 Myrtle Ave, Flushing, NY 11385, USA",40.7015796,-73.88237,440.47619047619
"Co-op for sale",388000,2,2,2184.207862,"Jackson Heights, NY 11372","33-26 92 St Unit 3LJackson Heights, NY 11372","Queens County","Queens","33-26 92nd St #3c, Queens, NY 11372, USA",40.7555541,-73.8760424,177.638770901924
"Co-op for sale",224995,3,1,550,"Forest Hills, NY 11375","67-71 Yellowstone Blvd Unit 3PForest Hills, NY 11375","Queens County","Queens","67-71 Yellowstone Blvd #3a, Forest Hills, NY 11375, USA",40.7266666,-73.8482928,409.081818181818
"Co-op for sale",239000,1,1,670,"Brooklyn, NY 11223","2035 E 7th St Apt 3BBrooklyn, NY 11223","Kings County","Brooklyn","2035 E 7th St #3b, Brooklyn, NY 11223, USA",40.6010459,-73.9643613,356.716417910448
"Co-op for sale",529000,2,2,1200,"Brooklyn, NY 11235","2815 Ocean Pkwy Apt 4IBrooklyn, NY 11235","Kings County","Brooklyn","2815 Ocean Pkwy #4i, Brooklyn, NY 11235, USA",40.5811062,-73.966749,440.833333333333
"Condo for sale",995000,4,2,1782,"Brooklyn, NY 11228","956 79th St Unit 3BBrooklyn, NY 11228","Kings County","Brooklyn","956 79th St #3b, Brooklyn, NY 11228, USA",40.6226046,-74.0176964,558.361391694725
"House for sale",1030000,4,2,1624,"Fresh Meadows, NY 11365","69-33 165th StFresh Meadows, NY 11365","New York","Queens County","69-33 165th St, Fresh Meadows, NY 11365, USA",40.7320016,-73.8037556,634.23645320197
"Townhouse for sale",598500,3,2.37386085796844,1500,"Staten Island, NY 10314","44 Venus LnStaten Island, NY 10314","New York","Richmond County","44 Venus Ln, Staten Island, NY 10314, USA",40.5819183,-74.155565,399
"Co-op for sale",265000,1,1,2184.207862,"Bayside, NY 11360","18-55 Corporal Kennedy St Unit 6JBayside, NY 11360","Queens County","Queens","18-55 Corporal Kennedy St #6k, Bayside, NY 11360, USA",40.7800225,-73.7830402,121.325449198479
"Multi-family home for sale",1698000,12,4,2184.207862,"Ridgewood, NY 11385","488 Onderdonk AveRidgewood, NY 11385","New York","Queens County","488 Onderdonk Ave, Ridgewood, NY 11385, USA",40.7063276,-73.9114914,777.398538637803
"Condo for sale",1995000,1,1,826,"New York, NY 10003","28 E 10th St Apt 1KNew York, NY 10003","New York","Manhattan","Devonshire House, 28 E 10th St #1k, New York, NY 10003, USA",40.7324605,-73.9936315,2415.25423728814
"Condo for sale",820000,1,2,788,"Brooklyn, NY 11218","35 McDonald Ave Apt 3FBrooklyn, NY 11218","Kings County","Brooklyn","35 McDonald Ave #3f, Brooklyn, NY 11218, USA",40.6541679,-73.9812592,1040.60913705584
"Multi-family home for sale",1995000,3,4,2184.207862,"Brooklyn, NY 11224","5100 Surf AveBrooklyn, NY 11224","New York","Kings County","5100 Surf Ave, Brooklyn, NY 11224, USA",40.579667,-74.009975,913.374608116853
"Co-op for sale",210000,1,1,2184.207862,"Forest Hills, NY 11375","66-04 Grand Central Pkwy Unit 1CForest Hills, NY 11375","Queens County","Queens","6604 Grand Central Pkwy #1c, Forest Hills, NY 11375, USA",40.7315312,-73.8437204,96.1446955912477
"Co-op for sale",2350000,2,2,2184.207862,"Manhattan, NY 10011","2 5th Ave Apt 4CManhattan, NY 10011","New York County","New York","2 5th Ave #4c, New York, NY 10011, USA",40.7324629,-73.9972883,1075.90492685444
"Co-op for sale",6995000,4,4,2184.207862,"New York, NY 10028","1010 Fifth Ave Unit 11BWNew York, NY 10028","New York County","New York","1010 5th Ave #11b, New York, NY 10028, USA",40.7789146,-73.9619806,3202.53402695608
"Condo for sale",1475000,2,3,1397,"New York, NY 10019","347 W 57th St Apt 29CNew York, NY 10019","New York County","New York","347 W 57th St #29c, New York, NY 10019, USA",40.7681878,-73.9845086,1055.83392984968
"Condo for sale",1225000,2,2,1050,"Manhattan, NY 10019","159 W 53rd St Apt 36BManhattan, NY 10019","New York County","New York","159 W 53rd St #36b, New York, NY 10019, USA",40.7629277,-73.9813818,1166.66666666667
"Co-op for sale",1995000,5,3,2400,"New York, NY 10128","520 E 90th St # 2GLMNew York, NY 10128","New York","New York County","520 E 90th St, New York, NY 10128, USA",40.7779975,-73.9445342,831.25
"Condo for sale",2999999,2,2,1770,"New York, NY 10075","45 E 80th St Apt 11BNew York, NY 10075","New York County","New York","45 E 80th St #11b, New York, NY 10075, USA",40.7770031,-73.9611884,1694.91468926554
"Co-op for sale",292950,1,1,675,"Jackson Heights, NY 11372","35-11 85th St Unit 6BJackson Heights, NY 11372","Queens County","Queens","35-11 85th St #6b, Jackson Heights, NY 11372, USA",40.7513557,-73.8814631,434
"Contingent",990000,11,9,6240,"Brooklyn, NY 11212","269 Grafton StBrooklyn, NY 11212","New York","Kings County","269 Grafton St, Brooklyn, NY 11212, USA",40.6616708,-73.9171293,158.653846153846
"Condo for sale",1540000,3,3,1357,"Brooklyn, NY 11215","575 4th Ave Apt 4CBrooklyn, NY 11215","Kings County","Brooklyn","575 4th Ave #4c, Brooklyn, NY 11215, USA",40.6655513,-73.9922171,1134.85630066323
"Co-op for sale",679000,1,1,700,"New York, NY 10024","250-254 W 82nd St Unit 2CNew York, NY 10024","New York County","New York","250 W 82nd St #2c, New York, NY 10024, USA",40.7858813,-73.9790257,970
"Co-op for sale",8e+05,1,1,2184.207862,"Manhattan, NY 10014","9 Barrow St Apt 6GManhattan, NY 10014","New York County","New York","9 Barrow St #6b, New York, NY 10014, USA",40.7326742,-74.0023327,366.265507014277
"House for sale",998000,3,2,1232,"Brooklyn, NY 11223","2247 Coney Island AveBrooklyn, NY 11223","New York","Kings County","2247 Coney Island Ave, Brooklyn, NY 11223, USA",40.6022677,-73.9611815,810.064935064935
"Multi-family home for sale",920000,5,3,2640,"Bronx, NY 10461","1859 Mulford AveBronx, NY 10461","New York","Bronx County","1859 Mulford Ave, Bronx, NY 10461, USA",40.8486686,-73.8351692,348.484848484848
"Multi-family home for sale",1098000,3,3,2184.207862,"East Elmhurst, NY 11370","32-58 77th StEast Elmhurst, NY 11370","New York","Queens County","32-58 77th St, Flushing, NY 11370, USA",40.755637,-73.8903854,502.699408377095
"House for sale",798000,4,4,1410,"Staten Island, NY 10314","11 Goller PlStaten Island, NY 10314","New York","Richmond County","11 Goller Pl, Staten Island, NY 10314, USA",40.607299,-74.159021,565.957446808511
"Co-op for sale",525000,1,1,715,"Manhattan, NY 10016","67 Park Ave Unit 8EManhattan, NY 10016","New York County","New York","67 Park Ave #8e, New York, NY 10016, USA",40.74958,-73.9790355,734.265734265734
"Multi-family home for sale",3900000,5,3,2184.207862,"Springfield Gardens, NY 11413","183-05 145th DrSpringfield Gardens, NY 11413","New York","Queens County","183-05 145th Dr, Jamaica, NY 11413, USA",40.6632544,-73.7626214,1785.5443466946
"Co-op for sale",479500,2,2,2184.207862,"Bayside, NY 11360","23-55 Bell Blvd Unit 4HBayside, NY 11360","Queens County","Queens","2355 Bell Blvd Apt 4d, Bayside, NY 11360, USA",40.7824499,-73.7765099,219.530388266682
"Co-op for sale",599000,1,1,600,"New York, NY 10019","314 W 56th St Apt 3CNew York, NY 10019","New York County","New York","314 W 56th St #3c, New York, NY 10019, USA",40.7662847,-73.9843344,998.333333333333
"Townhouse for sale",6900000,4,4,4000,"Manhattan, NY 10003","335 E 18th StManhattan, NY 10003","New York","New York County","335 E 18th St, New York, NY 10003, USA",40.73439,-73.981607,1725
"Co-op for sale",629000,1,1,2184.207862,"Manhattan, NY 10025","504 W 111th St Apt 34Manhattan, NY 10025","New York County","New York","504 W 111th St Apt 34, New York, NY 10025, USA",40.8037336,-73.9639803,287.976254889975
"Multi-family home for sale",1650000,3,3,1472,"Brooklyn, NY 11204","1876 60th StBrooklyn, NY 11204","New York","Kings County","1876 60th St, Brooklyn, NY 11204, USA",40.6206794,-73.9855221,1120.92391304348
"Co-op for sale",1100000,2,1,980,"New York, NY 10024","545 W End Ave Apt 8DNew York, NY 10024","New York County","New York","545 West End Ave #8d, New York, NY 10024, USA",40.7892103,-73.9780213,1122.44897959184
"Townhouse for sale",1450000,4,3,2128,"Brooklyn, NY 11233","323 Bainbridge StBrooklyn, NY 11233","New York","Kings County","323 Bainbridge St., Brooklyn, NY 11233, USA",40.6820137,-73.9237828,681.390977443609
"House for sale",1049000,4,3,2184.207862,"Fresh Meadows, NY 11365","180-14 69 AveFresh Meadows, NY 11365","New York","Queens County","180-14 69th Ave, Flushing, NY 11365, USA",40.7332846,-73.7904626,480.265646072471
"Multi-family home for sale",2925000,3,4,5170,"Brooklyn, NY 11209","7302 6th AveBrooklyn, NY 11209","New York","Kings County","7302 6th Ave, Brooklyn, NY 11209, USA",40.6298549,-74.0197658,565.764023210832
"Condo for sale",695000,2,2,889,"New York, NY 10027","42 W 120th St Apt 2DNew York, NY 10027","New York County","New York","42 W 120th St #2d, New York, NY 10027, USA",40.8037811,-73.9462459,781.77727784027
"Condo for sale",650000,1,1,776,"New York, NY 10280","300 Albany St Apt 3DNew York, NY 10280","New York County","New York","300 Albany St #3d, New York, NY 10280, USA",40.7100278,-74.0168528,837.628865979381
"Co-op for sale",1695000,3,3,1818,"Manhattan, NY 10128","333 E 91st St Apt 24AManhattan, NY 10128","New York County","New York","333 E 91st St #24a, New York, NY 10128, USA",40.7803429,-73.947266,932.343234323432
"Co-op for sale",1200000,2,2,2184.207862,"New York, NY 10128","1150 Park Ave Unit 6DNew York, NY 10128","New York County","New York","1150 Park Ave #6d, New York, NY 10128, USA",40.7839857,-73.9547397,549.398260521416
"Co-op for sale",4675000,4,2,2184.207862,"New York, NY 10024","180 Riverside Dr Apt 8ANew York, NY 10024","New York County","New York","180 Riverside Dr #8a, New York, NY 10024, USA",40.7920875,-73.9773027,2140.36405661468
"Multi-family home for sale",1200000,7,4,3240,"Bronx, NY 10461","2885 E 195th StBronx, NY 10461","New York","Bronx County","2885 E 195th St, Bronx, NY 10461, USA",40.853352,-73.831719,370.37037037037
"Condo for sale",4495000,3,3,2012,"New York, NY 10022","252 E 57th St Apt 39CNew York, NY 10022","New York County","New York","252 E 57th St #39c, New York, NY 10022, USA",40.7590821,-73.9658765,2234.09542743539
"Co-op for sale",462900,3,1,2184.207862,"New York, NY 10016","159 Madison Ave Apt 7INew York, NY 10016","New York County","New York","159 Madison Ave #7e, New York, NY 10016, USA",40.746567,-73.9835139,211.930378996136
"Co-op for sale",635000,1,1,2184.207862,"Brooklyn, NY 11238","673 Vanderbilt Ave Apt 1CBrooklyn, NY 11238","Kings County","Brooklyn","673 Vanderbilt Ave #1c, Brooklyn, NY 11238, USA",40.676549,-73.968922,290.723246192582
"Co-op for sale",368000,2,1,950,"Flushing, NY 11354","29-08 139th St Unit 2GFlushing, NY 11354","Queens","Flushing","Parking lot, 2908 139th St #2g, Flushing, NY 11354, USA",40.7715386,-73.8302815,387.368421052632
"Contingent",12850000,5,5,5139,"New York, NY 10023","53 W 71st StNew York, NY 10023","New York","New York County","53 W 71st St, New York, NY 10023, USA",40.7764987,-73.9782935,2500.48647596809
"Co-op for sale",350777,1,1,2184.207862,"New York, NY 10026","50 W 112th St Apt 6DNew York, NY 10026","New York County","New York","50 W 112th St #6d, New York, NY 10026, USA",40.798979,-73.9509758,160.596894692434
"Co-op for sale",7e+05,4,1,1500,"New York, NY 10027","371 W 120th St Apt 2SNew York, NY 10027","New York County","New York","371 W 120th St #2a, New York, NY 10027, USA",40.808177,-73.9559355,466.666666666667
"Contingent",335900,1,1,670,"Staten Island, NY 10314","15 Kathy PlStaten Island, NY 10314","New York","Richmond County","15 Kathy Pl, Staten Island, NY 10314, USA",40.5791767,-74.1623976,501.34328358209
"Multi-family home for sale",1149000,11,6,4350,"Corona, NY 11368","40-11 102nd StCorona, NY 11368","New York","Queens County","40-11 102nd St, Flushing, NY 11368, USA",40.7494168,-73.8637412,264.137931034483
"House for sale",1888000,3,3,4100,"Brooklyn, NY 11234","2307 E 66th StBrooklyn, NY 11234","New York","Kings County","2307 E 66th St, Brooklyn, NY 11234, USA",40.6137773,-73.9068869,460.487804878049
"Multi-family home for sale",1288000,4,3,2240,"Astoria, NY 11105","4317 20th RdAstoria, NY 11105","New York","Queens County","43-17 20th Rd, Queens, NY 11105, USA",40.7737146,-73.9000085,575
"House for sale",750000,3,2.37386085796844,1922,"Staten Island, NY 10314","15 Denker PlStaten Island, NY 10314","New York","Richmond County","15 Denker Pl, Staten Island, NY 10314, USA",40.5905967,-74.1527255,390.218522372529
"Co-op for sale",324888,1,1,713,"Rego Park, NY 11374","61-15 97th St Unit 6DRego Park, NY 11374","Queens County","Queens","61-15 97th St #6d, Rego Park, NY 11374, USA",40.7337965,-73.8620837,455.663394109397
"Co-op for sale",550000,2,1,2184.207862,"New York, NY 10033","804 W 180th St Apt 52New York, NY 10033","New York County","New York","804 W 180th St Apt 52, New York, NY 10033, USA",40.8499127,-73.9389587,251.807536072315
"Co-op for sale",2950000,4,2,2184.207862,"New York, NY 10128","1133 Park Ave Unit 12WNew York, NY 10128","New York County","New York","1133 Park Ave #12b, New York, NY 10128, USA",40.7831046,-73.9546035,1350.60405711515
"Townhouse for sale",2560000,13,4,2184.207862,"Brooklyn, NY 11216","413 Greene Ave Unit TownhouseBrooklyn, NY 11216","New York","Kings County","413 Greene Ave, Brooklyn, NY 11216, USA",40.6882331,-73.9543243,1172.04962244569
"Townhouse for sale",3500000,7,4,2184.207862,"Manhattan, NY 10035","2115 Fifth Ave Unit TownhouseManhattan, NY 10035","New York","New York County","2115 5th Ave, New York, NY 10035, USA",40.8092578,-73.9398282,1602.41159318746
"Condo for sale",1049000,3,1,897,"Brooklyn, NY 11249","85 N 3rd St Apt 504Brooklyn, NY 11249","Kings County","Brooklyn","85 N 3rd St APT 504, Brooklyn, NY 11249, USA",40.7172132,-73.9622559,1169.45373467113
"Condo for sale",9995000,3,4,2950,"New York, NY 10012","10 Sullivan St Unit 10ANew York, NY 10012","New York County","New York","10 Sullivan St #10a, New York, NY 10012, USA",40.724558,-74.004173,3388.13559322034
"House for sale",750000,4,3,1806,"Brooklyn, NY 11210","762 E 37th StBrooklyn, NY 11210","New York","Kings County","762 E 37th St, Brooklyn, NY 11210, USA",40.6383047,-73.9417504,415.282392026578
"Co-op for sale",219000,1,1,2184.207862,"Flushing, NY 11358","190-05 39 Ave Unit 142Flushing, NY 11358","Queens County","Queens","19005 39th Ave Apt 142, Flushing, NY 11358, USA",40.7617299,-73.79176,100.265182545158
"Co-op for sale",935000,1,1,2184.207862,"Manhattan, NY 10022","781 Fifth Ave Unit 407Manhattan, NY 10022","New York County","New York","781 5th Ave # 407, New York, NY 10022, USA",40.7643563,-73.9727544,428.072811322936
"Contingent",750000,6,2,1476,"Brooklyn, NY 11208","1363 Sutter AveBrooklyn, NY 11208","New York","Kings County","1363 Sutter Ave, Brooklyn, NY 11208, USA",40.6735859,-73.8674854,508.130081300813
"House for sale",1080000,4,3,1824,"Staten Island, NY 10304","115 Rome AveStaten Island, NY 10304","New York","Richmond County","115 Rome Ave, Staten Island, NY 10304, USA",40.6020615,-74.093461,592.105263157895
"House for sale",2888888,5,4,5000,"Brooklyn, NY 11235","1217 Doone CtBrooklyn, NY 11235","New York","Kings County","1217 Doone Ct, Brooklyn, NY 11235, USA",40.590624,-73.9581347,577.7776
"Co-op for sale",860000,3,2,1118,"New York, NY 10039","300 W 145th St Apt 2PNew York, NY 10039","New York County","New York","300 W 145th St #2b, New York, NY 10039, USA",40.822922,-73.9426429,769.230769230769
"Multi-family home for sale",1180000,4,5,3100,"Corona, NY 11368","47-19 99th StCorona, NY 11368","New York","Queens County","47-19 99th St, Flushing, NY 11368, USA",40.744266,-73.862867,380.645161290323
"Co-op for sale",235000,1,1,675,"Old Mill Basin, NY 11234","2011 E 56th St Unit 57BOld Mill Basin, NY 11234","Kings County","Brooklyn","2011 E 56th St # 57a, Brooklyn, NY 11234, USA",40.6136942,-73.920504,348.148148148148
"Co-op for sale",4650000,4,4,2184.207862,"New York, NY 10075","980 Fifth Ave Apt 8BNew York, NY 10075","New York County","New York","980 5th Ave #8b, New York, NY 10075, USA",40.7770753,-73.963133,2128.91825952048
"Condo for sale",680000,2,1,640,"Brooklyn, NY 11232","4016 7th Ave Unit 2RBrooklyn, NY 11232","Kings County","Brooklyn","4016 7th Ave #2r, Brooklyn, NY 11232, USA",40.6478661,-74.0006098,1062.5
"Townhouse for sale",14995000,3,0,2184.207862,"Manhattan, NY 10024","50 W 86th St Unit TownhouseManhattan, NY 10024","New York","New York County","50 W 86th St, New York, NY 10024, USA",40.786046,-73.9718342,6865.18909709885
"Co-op for sale",595000,1,1,2184.207862,"New York, NY 10128","1199 Park Ave Apt 6JNew York, NY 10128","New York","Manhattan","T.H.I.S Town House international School, 1199 Park Ave #6j, New York, NY 10128, USA",40.7851736,-73.9527438,272.409970841869
"Co-op for sale",1200000,1,1,2184.207862,"New York, NY 10075","3 E 77th St Apt 14DNew York, NY 10075","New York County","New York","3 E 77th St #14d, New York, NY 10075, USA",40.7754782,-73.9639697,549.398260521416
"House for sale",849999,4,2,1842,"Brooklyn, NY 11230","906 E 16th StBrooklyn, NY 11230","New York","Kings County","906 East 16th Street, Brooklyn, NY 11230, USA",40.6274471,-73.961091,461.454397394137
"House for sale",1300000,5,3,1750,"Flushing, NY 11358","173-22 Effington AveFlushing, NY 11358","New York","Queens County","173-22 Effington Ave, Flushing, NY 11358, USA",40.7496294,-73.7938635,742.857142857143
"Condo for sale",2175000,2,2,1666,"New York, NY 10023","243 W 60th St Apt 4ANew York, NY 10023","New York County","New York","243 W 60th St #4a, New York, NY 10023, USA",40.771979,-73.9889567,1305.52220888355
"Condo for sale",2795000,3,3,1689,"Manhattan, NY 10019","555 W 59th St Apt 20BManhattan, NY 10019","New York County","New York","555 W 59th St #20b, New York, NY 10019, USA",40.7715251,-73.9895943,1654.82534043813
"Townhouse for sale",979000,3,2,2184.207862,"Maspeth, NY 11378","53-70 64th StMaspeth, NY 11378","New York","Queens County","53-70 64th St, Flushing, NY 11378, USA",40.7295006,-73.9014268,448.217414208721
"Pending",589000,4,2,2235,"Far Rockaway, NY 11691","1118 Bay 24th StFar Rockaway, NY 11691","New York","Queens County","11-18 Bay 24th St, Queens, NY 11691, USA",40.6054311,-73.7620238,263.534675615213
"Co-op for sale",1995000,3,2,2184.207862,"Manhattan, NY 10023","11 Riverside Dr Apt 10MWManhattan, NY 10023","New York County","New York","11 Riverside Dr #10, New York, NY 10023, USA",40.7809028,-73.9846443,913.374608116853
"Condo for sale",679000,2,2,879,"Brooklyn, NY 11220","511 68th St Apt 1ABrooklyn, NY 11220","Kings County","Brooklyn","511 68th St #1a, Brooklyn, NY 11220, USA",40.6341182,-74.0202284,772.468714448237
"Co-op for sale",263000,2,1,2184.207862,"Queens Village, NY 11427","221-24 Manor Rd Unit UpperQueens Village, NY 11427","New York","Queens County","221-24 Manor Rd, Queens Village, NY 11427, USA",40.7320884,-73.7432042,120.409785430944
"Co-op for sale",7250000,4,4,2184.207862,"New York, NY 10023","101 Central Park W Units 11 & 12GNew York, NY 10023","New York County","New York","Apartments & Apartment Houses, 101 Central Park W, New York, NY 10023, USA",40.7753983,-73.9769193,3319.28115731689
"Co-op for sale",169999,1,1,750,"Jamaica, NY 11432","87-46 Chelsea St Unit 6EJamaica, NY 11432","Queens County","Queens","87-46 Chelsea St #6c, Queens, NY 11432, USA",40.714763,-73.776178,226.665333333333
"Co-op for sale",304900,1,1,850,"Forest Hills, NY 11375","68-63 108th St Unit 3DForest Hills, NY 11375","Queens County","Queens","68-63 108th St #3a, Forest Hills, NY 11375, USA",40.7254109,-73.8453358,358.705882352941
"Condo for sale",6e+05,1,1,600,"Manhattan, NY 10029","1810 Third Ave Unit A9Manhattan, NY 10029","New York County","New York","1810 3rd Ave a9, New York, NY 10029, USA",40.7881977,-73.947385,1000
"House for sale",999000,7,4,2000,"Brooklyn, NY 11223","33 Avenue XBrooklyn, NY 11223","New York","Kings County","33 Avenue X, Brooklyn, NY 11223, USA",40.58955,-73.9824749,499.5
"Co-op for sale",279000,2,1,1000,"Brooklyn, NY 11235","2719 E 28th St Apt 2BBrooklyn, NY 11235","Kings County","Brooklyn","2719 E 28th St #2b, Brooklyn, NY 11235, USA",40.5864616,-73.9410656,279
"Co-op for sale",1250000,1,1,1300,"New York, NY 10022","470 Park Ave Apt 6ANew York, NY 10022","New York County","New York","470 Park Ave #6a, New York, NY 10022, USA",40.762236,-73.9706084,961.538461538462
"Co-op for sale",179000,1,1,2184.207862,"Brooklyn, NY 11234","2239 Troy Ave Unit C6Brooklyn, NY 11234","Kings County","Brooklyn","2239 Troy Ave c6, Brooklyn, NY 11234, USA",40.6192487,-73.9324,81.9519071944445
"House for sale",1299800,4,4,2600,"Staten Island, NY 10306","41 Milburn StStaten Island, NY 10306","United States","New York","41 Milburn St, Staten Island, NY 10306, USA",40.5774818,-74.1262228,499.923076923077
"Co-op for sale",268000,2,1,950,"Flushing, NY 11354","141-16 25 Rd Unit 1DFlushing, NY 11354","Queens County","Queens","141-16 25th Rd #1d, Flushing, NY 11354, USA",40.7757085,-73.8271079,282.105263157895
"Co-op for sale",140000,3,1,507,"Bronx, NY 10470","4295 Webster Ave Apt 1KBronx, NY 10470","Bronx County","The Bronx","4295 Webster Ave #1k, Bronx, NY 10470, USA",40.8992144,-73.8624103,276.134122287968
"Multi-family home for sale",2100000,3,1,6862,"Staten Island, NY 10301","32-34 36 Monroe AveStaten Island, NY 10301","New York","Richmond County","36 Monroe Ave, Staten Island, NY 10301, USA",40.6407112,-74.0796848,306.033226464588
"Co-op for sale",293000,1,1,649,"Jackson Heights, NY 11372","35-11 85th St Unit 2CJackson Heights, NY 11372","Queens County","Queens","3511 85th St Apt 2l, Jackson Heights, NY 11372, USA",40.7520799,-73.88188,451.463790446841
"Condo for sale",649000,1,1,665,"Manhattan, NY 10027","145 W 129th St Apt 2Manhattan, NY 10027","New York County","New York","145 W 129th St #2, New York, NY 10027, USA",40.811152,-73.9451209,975.93984962406
"Co-op for sale",298888,1,1,700,"Beechhurst, NY 11357","160-15 Powells Cove Blvd Unit B104Beechhurst, NY 11357","Queens County","Queens","16015 Powells Cove Blvd Apt B104, Whitestone, NY 11357, USA",40.7942899,-73.80139,426.982857142857
"Co-op for sale",1650000,3,3,1800,"New York, NY 10024","123 W 86th St # GNew York, NY 10024","New York","New York County","123 W 86th St, New York, NY 10024, USA",40.7870704,-73.9729362,916.666666666667
"Condo for sale",538000,2,1,1105,"Brooklyn, NY 11223","2546 Stillwell Ave Apt 3BBrooklyn, NY 11223","New York","Kings County","2546 Stillwell Ave #3b, Brooklyn, NY 11223, USA",40.5857519,-73.9835309,486.877828054299
"Co-op for sale",990000,1,1,850,"New York, NY 10019","24 W 55th St Ph DNew York, NY 10019","New York","New York County","24 W 55th St, New York, NY 10019, USA",40.7615992,-73.9757944,1164.70588235294
"Condo for sale",4145000,2,2,1593,"New York, NY 10007","111 Murray St Apt 17ANew York, NY 10007","New York County","New York","111 Murray St #17a, New York, NY 10007, USA",40.715351,-74.0128441,2602.00878844947
"Townhouse for sale",2545000,6,2,3277,"Brooklyn, NY 11234","303 Whitman DrBrooklyn, NY 11234","New York","Kings County","303 Whitman Dr, Brooklyn, NY 11234, USA",40.6065609,-73.906028,776.624961855356
"Multi-family home for sale",999888,3,4,2016,"Staten Island, NY 10301","38 Edgar TerStaten Island, NY 10301","New York","Richmond County","38 Edgar Terrace, Staten Island, NY 10301, USA",40.6351047,-74.0818972,495.97619047619
"Condo for sale",15500000,4,4,4064,"Manhattan, NY 10019","1 Central Park S Unit 1801Manhattan, NY 10019","New York County","New York","1 Central Park S #1801, New York, NY 10019, USA",40.7646573,-73.9744439,3813.97637795276
"Co-op for sale",395000,3,1,2184.207862,"Manhattan, NY 10128","200 E End Ave Apt 3KManhattan, NY 10128","New York County","New York","200 East End Ave #3c, New York, NY 10128, USA",40.7772322,-73.9435595,180.843594088299
"House for sale",999000,4,1,2184.207862,"Brooklyn, NY 11207","18 Vermont CtBrooklyn, NY 11207","New York","Kings County","18 Vermont Ct, Brooklyn, NY 11207, USA",40.6830674,-73.8945769,457.374051884078
"Co-op for sale",3125000,2,2,1804,"New York, NY 10012","121 Mercer St Fl 4New York, NY 10012","New York County","New York","121 Mercer St Fl 4, New York, NY 10012, USA",40.7241512,-73.9992064,1732.26164079823
"Co-op for sale",2995000,3,2,2184.207862,"Brooklyn, NY 11215","35 Prospect Park W Apt 10BBrooklyn, NY 11215","Kings County","Brooklyn","35 Prospect Park W #10b, Brooklyn, NY 11215, USA",40.6703253,-73.9724152,1371.2064918847
"Condo for sale",570000,3,1,515,"New York, NY 10280","250 S End Ave Apt 12FNew York, NY 10280","New York County","New York","250 South End Ave #12f, New York, NY 10280, USA",40.7097702,-74.0162823,1106.79611650485
"Co-op for sale",599000,3,1,868,"New York, NY 10024","400 W End Ave Apt 2ANew York, NY 10024","New York County","New York","400 West End Ave #2a, New York, NY 10024, USA",40.7844489,-73.9807532,690.092165898618
"Co-op for sale",239000,2,1,950,"Brooklyn, NY 11223","2547 W 2nd St Apt 1HBrooklyn, NY 11223","Kings County","Brooklyn","2547 W 2nd St #1h, Brooklyn, NY 11223, USA",40.5871568,-73.9709274,251.578947368421
"Townhouse for sale",5e+06,3,2,2569,"Manhattan, NY 10002","165 Chrystie St Unit ThManhattan, NY 10002","New York","New York County","165 Chrystie St, New York, NY 10002, USA",40.720727,-73.9928511,1946.28260023355
"Co-op for sale",950000,2,2,2184.207862,"New York, NY 10128","168 E 90th St Apt 3WNew York, NY 10128","New York County","New York","168 E 90th St #3w, New York, NY 10128, USA",40.781483,-73.952964,434.940289579454
"Pending",1099000,3,2,1472,"Brooklyn, NY 11209","32 Oliver StBrooklyn, NY 11209","New York","Kings County","32 Oliver St, Brooklyn, NY 11209, USA",40.6193503,-74.0388023,746.603260869565
"Condo for sale",1950000,1,2,1117,"New York, NY 10014","345 W 14th St Apt 3ENew York, NY 10014","New York County","New York","345 W 14th St #3e, New York, NY 10011, USA",40.7408927,-74.0044465,1745.74753804834
"Multi-family home for sale",1085000,3,8,3480,"Brooklyn, NY 11224","2764 W 15th StBrooklyn, NY 11224","New York","Kings County","2764 W 15th St, Brooklyn, NY 11224, USA",40.5801478,-73.9835836,311.781609195402
"House for sale",999900,8,3,2184.207862,"Bronx, NY 10457","2066 Ryer AveBronx, NY 10457","New York","Bronx County","2066 Ryer Ave, Bronx, NY 10457, USA",40.8523239,-73.900732,457.786100579469
"Co-op for sale",759000,2,2,2184.207862,"Bronx, NY 10463","3777 Independence Ave Apt 16MBronx, NY 10463","Bronx County","The Bronx","3777 Independence Ave #16b, Bronx, NY 10463, USA",40.8890444,-73.9137075,347.494399779795
"Pending",799000,2,2,850,"Brooklyn, NY 11221","622 Madison St Unit TownhouseBrooklyn, NY 11221","New York","Kings County","622 Madison St, Brooklyn, NY 11221, USA",40.6864817,-73.9334333,940
"Multi-family home for sale",928500,5,4,2184.207862,"College Point, NY 11356","121-16 Keel CtCollege Point, NY 11356","New York","Queens County","121-16 Keel Ct, College Point, NY 11356, USA",40.7933742,-73.8458392,425.096904078445
"Contingent",1150000,2,1,1100,"Brooklyn, NY 11201","2 Grace Ct Apt 3NBrooklyn, NY 11201","Kings County","Brooklyn","2 Grace Ct Apt 3e, Brooklyn, NY 11201, USA",40.6944364,-73.9986563,1045.45454545455
"Co-op for sale",349000,2,1,900,"Brooklyn, NY 11224","2928 W 5th St Apt 4GBrooklyn, NY 11224","Kings County","Brooklyn","2928 W 5th St #4g, Brooklyn, NY 11224, USA",40.5781785,-73.9733314,387.777777777778
"Multi-family home for sale",1400000,6,2.37386085796844,2184.207862,"Whitestone, NY 11357","143-35 22nd RdWhitestone, NY 11357","New York","Queens County","143-35 22nd Rd, Whitestone, NY 11357, USA",40.7788549,-73.8246986,640.964637274985
"Townhouse for sale",6495000,6,6,5232,"New York, NY 10024","117 W 85th StNew York, NY 10024","New York","New York County","117 W 85th St, New York, NY 10024, USA",40.7863645,-73.9735331,1241.39908256881
"Multi-family home for sale",1800000,11,6,5000,"Elmhurst, NY 11373","42-22 82nd St Unit 6Elmhurst, NY 11373","Queens County","Queens","42-22 82nd St #6b, Elmhurst, NY 11373, USA",40.7422281,-73.8832744,360
"Condo for sale",1450000,3,2,1117,"New York, NY 10016","333 E 30th St Apt 8LNew York, NY 10016","New York County","New York","333 E 30th St #8l, New York, NY 10016, USA",40.7420749,-73.9757973,1298.11996418979
"Co-op for sale",599000,3,1,2184.207862,"Manhattan, NY 10017","320 E 42nd St Apt 1901Manhattan, NY 10017","New York County","New York","320 E 42nd St Apt 1901, New York, NY 10017, USA",40.7494678,-73.9717468,274.24129837694
"Contingent",898888,3,3,2080,"Staten Island, NY 10308","72 Middle Loop RdStaten Island, NY 10308","New York","Richmond County","72 Middle Loop Rd, Staten Island, NY 10308, USA",40.5550173,-74.163012,432.157692307692
"Condo for sale",2980000,3,3,1756,"New York, NY 10029","1280 Fifth Ave Ph BNew York, NY 10029","New York","New York County","1280 5th Ave, New York, NY 10029, USA",40.7961886,-73.949116,1697.03872437358
"Multi-family home for sale",829000,9,3,2276,"Bronx, NY 10459","1378 Bristow StBronx, NY 10459","New York","Bronx County","1378 Bristow St, Bronx, NY 10459, USA",40.8325102,-73.8947147,364.235500878735
"Townhouse for sale",15850000,5,6,2184.207862,"New York, NY 10128","15 E 93rd StNew York, NY 10128","New York","New York County","15 E 93rd St, New York, NY 10128, USA",40.7857744,-73.9562222,7256.63535772036
"Co-op for sale",945000,2,1,2184.207862,"Manhattan, NY 10022","455 E 51st St Unit 2DManhattan, NY 10022","New York County","New York","455 E 51st St #2b, New York, NY 10022, USA",40.7540096,-73.9637466,432.651130160615
"Co-op for sale",389000,1,1,2184.207862,"New York, NY 10034","60 Cooper St Apt 5BNew York, NY 10034","New York County","New York","60 Cooper St #5b, New York, NY 10034, USA",40.8683018,-73.9229016,178.096602785692
"Condo for sale",568000,1,1,2184.207862,"Forest Hills, NY 11375","69-45 108th St Unit 2AForest Hills, NY 11375","Queens County","Queens","69-45 108th St #2a, Forest Hills, NY 11375, USA",40.7241743,-73.8448471,260.048509980137
"Condo for sale",950000,1,1,2184.207862,"New York, NY 10023","29 W 65th St Apt 2FNew York, NY 10023","New York","Manhattan","Goldmark Practice Center, 29 W 65th St #2f, New York, NY 10023, USA",40.7727634,-73.9809139,434.940289579454
"Condo for sale",2e+06,2,2,1441,"Brooklyn, NY 11201","50 Bridge Park Dr Apt 3DBrooklyn, NY 11201","Kings County","Brooklyn","50 Bridge Park Dr #3d, Brooklyn Heights, NY 11201, USA",40.692916,-74.0008815,1387.92505204719
"Multi-family home for sale",1069000,6,5,2184.207862,"Jamaica, NY 11436","120-40 144 StJamaica, NY 11436","New York","Queens County","120-35 144th St, Jamaica, NY 11436, USA",40.6755971,-73.7952881,489.422283747828
"House for sale",599999,3,2,2184.207862,"Brooklyn, NY 11203","968 Schenectady AveBrooklyn, NY 11203","New York","Kings County","968 Schenectady Ave, Brooklyn, NY 11203, USA",40.6494096,-73.9332856,274.698672428824
"Condo for sale",7600000,4,4,3216,"New York, NY 10007","100 Barclay St Apt 20CNew York, NY 10007","New York County","New York","100 Barclay St #20c, New York, NY 10007, USA",40.7139639,-74.0127212,2363.18407960199
"Co-op for sale",248000,1,1,2184.207862,"Fresh Meadows, NY 11365","196-30 67 Ave Unit 2FLFresh Meadows, NY 11365","Queens County","Queens","196- 30 67th Ave #2fl, Fresh Meadows, NY 11365, USA",40.7383072,-73.7776864,113.542307174426
"Condo for sale",575000,1,1,1073,"New York, NY 10032","456 W 167th St Apt 6GNew York, NY 10032","New York County","New York","456 W 167th St #6g, New York, NY 10032, USA",40.8387144,-73.9369924,535.880708294501
"Co-op for sale",350000,2,1,850,"New York, NY 10033","2440 Amsterdam Ave Apt 2INew York, NY 10033","New York County","New York","2440 Amsterdam Ave #2a, New York, NY 10033, USA",40.8485417,-73.930871,411.764705882353
"Condo for sale",695000,3,2,704,"Brooklyn, NY 11238","888 Fulton St Apt 3ABrooklyn, NY 11238","Kings County","Brooklyn","888 Fulton St #3a, Brooklyn, NY 11238, USA",40.6829851,-73.9656007,987.215909090909
"House for sale",875000,4,2,1600,"Brooklyn, NY 11226","2420 Cortelyou RdBrooklyn, NY 11226","New York","Kings County","2420 Cortelyou Rd, Brooklyn, NY 11226, USA",40.6440698,-73.9539046,546.875
"Townhouse for sale",4e+06,6,4,5854,"Brooklyn, NY 11231","62 3rd StBrooklyn, NY 11231","New York","Kings County","62 3rd St., Brooklyn, NY 11231, USA",40.6777386,-73.9939495,683.293474547318
"Co-op for sale",195000,3,1,2184.207862,"Queens, NY 11372","90-10 34th Ave Unit 2NDFLLQueens, NY 11372","New York","Queens County","90-10 34th Ave, Flushing, NY 11372, USA",40.754307,-73.8769604,89.27721733473
"Co-op for sale",410000,3,1,766,"New York, NY 10037","42 W 138th St Apt 31New York, NY 10037","New York County","New York","42 W 138th St Apt 31, New York, NY 10037, USA",40.815359,-73.9374734,535.248041775457
"Townhouse for sale",699000,4,2,2184.207862,"Brooklyn, NY 11203","632 E 52nd StBrooklyn, NY 11203","New York","Kings County","632 E 52nd St, Brooklyn, NY 11203, USA",40.6450331,-73.9279337,320.024486753724
"House for sale",699999,3,2,2184.207862,"Bronx, NY 10473","902 Harding ParkBronx, NY 10473","New York","Bronx County","902 Harding Park, Bronx, NY 10473, USA",40.8070672,-73.8579727,320.481860805609
"Multi-family home for sale",915000,6,5,3096,"Bronx, NY 10462","1857 Holland AveBronx, NY 10462","New York","Bronx County","1857 Holland Ave, Bronx, NY 10462, USA",40.8471618,-73.8650964,295.542635658915
"Co-op for sale",399000,1,1,2184.207862,"Queens, NY 11372","35-20 82nd St Unit 32BQueens, NY 11372","Queens County","Queens","3520 82nd St Apt 32, Jackson Heights, NY 11372, USA",40.7517899,-73.88467,182.674921623371
"Co-op for sale",995000,2,1,1000,"New York, NY 10023","303 W 66th St Apt 20DWNew York, NY 10023","New York County","New York","303 W 66th St #20d, New York, NY 10023, USA",40.776554,-73.9876401,995
"Co-op for sale",535000,2,1,1000,"Astoria, NY 11106","33-52 Crescent St Unit 7CAstoria, NY 11106","Queens County","Queens","33-52 Crescent St #7c, Long Island City, NY 11106, USA",40.7616957,-73.9304941,535
"Co-op for sale",429000,1,1,575,"Brooklyn, NY 11205","195 Willoughby Ave Apt 1610Brooklyn, NY 11205","Kings County","Brooklyn","195 Willoughby Ave Apartment 1610, Brooklyn, NY 11205, USA",40.692675,-73.96429,746.086956521739
"House for sale",2195000,3,4,2184.207862,"Brooklyn, NY 11215","503 4th AveBrooklyn, NY 11215","New York","Kings County","503 4th Ave, Brooklyn, NY 11215, USA",40.6679746,-73.9903952,1004.94098487042
"Multi-family home for sale",1690000,7,7,4600,"Corona, NY 11368","56-09 Van Cleef StCorona, NY 11368","New York","Queens County","56-09 Van Cleef St, Flushing, NY 11368, USA",40.74073,-73.852058,367.391304347826
"Multi-family home for sale",1699999,4,3,2160,"Brooklyn, NY 11228","23 Bay 7th StBrooklyn, NY 11228","New York","Kings County","23 Bay 7th St, Brooklyn, NY 11228, USA",40.6116673,-74.0113637,787.036574074074
"Co-op for sale",235000,1,1,800,"Brooklyn, NY 11229","2675 Ocean Ave Apt 4ABrooklyn, NY 11229","Kings County","Brooklyn","2675 Ocean Ave #4a, Brooklyn, NY 11229, USA",40.595967,-73.9504018,293.75
"Contingent",984900,3,5,2532,"Staten Island, NY 10310","116 Taylor StStaten Island, NY 10310","United States","New York","116 Taylor St, Staten Island, NY 10310, USA",40.6360373,-74.1236718,388.981042654028
"Condo for sale",899000,2,1,1010,"Brooklyn, NY 11216","568 Saint Marks Ave Apt 3ABrooklyn, NY 11216","Kings County","Brooklyn","568 St Marks Ave #3a, Brooklyn, NY 11216, USA",40.6756382,-73.9555242,890.09900990099
"Co-op for sale",269999,1,1,2184.207862,"Bellerose, NY 11426","251-38 71st Ave Unit 80BBellerose, NY 11426","Queens County","Queens","25138 71st Ave # 80a, Queens, NY 11426, USA",40.7522899,-73.72315,123.614150785435
"Multi-family home for sale",1350000,6,2,2184.207862,"Brooklyn, NY 11213","1179 Lincoln PlBrooklyn, NY 11213","New York","Kings County","1179 Lincoln Pl, Brooklyn, NY 11213, USA",40.6702558,-73.9375206,618.073043086592
"House for sale",735000,3,2,1600,"Brooklyn, NY 11210","894 E 38th StBrooklyn, NY 11210","New York","Kings County","894 E 38th St, Brooklyn, NY 11210, USA",40.6334425,-73.9402186,459.375
"House for sale",1499000,3,2,2100,"Brooklyn, NY 11229","1813 E 24th StBrooklyn, NY 11229","New York","Kings County","1813 E 24th St, Brooklyn, NY 11229, USA",40.6063993,-73.9485994,713.809523809524
"Multi-family home for sale",899999,5,3,1440,"East Elmhurst, NY 11369","30-33 93rd StEast Elmhurst, NY 11369","New York","Queens County","30-33 93rd St, Flushing, NY 11369, USA",40.7604667,-73.8755356,624.999305555556
"Condo for sale",9e+05,2,2,951,"New York, NY 10029","77 E 110th St Apt 5BNew York, NY 10029","New York County","New York","77 E 110th St #5b, New York, NY 10029, USA",40.7958546,-73.9464985,946.372239747634
"House for sale",629900,3,2,1332,"Staten Island, NY 10314","184 Cannon AveStaten Island, NY 10314","New York","Richmond County","184 Cannon Ave, Staten Island, NY 10314, USA",40.5939996,-74.1910619,472.897897897898
"Co-op for sale",280000,1,1,650,"Brooklyn, NY 11204","1967 65th St Apt 2EBrooklyn, NY 11204","Kings County","Brooklyn","1967 65th St #2e, Brooklyn, NY 11204, USA",40.616988,-73.986133,430.769230769231
"Townhouse for sale",1999000,5,2.37386085796844,3100,"Brooklyn, NY 11233","468 Marion StBrooklyn, NY 11233","New York","Kings County","468 Marion St, Brooklyn, NY 11233, USA",40.6816466,-73.9105641,644.838709677419
"Condo for sale",5100000,2,2,1676,"Manhattan, NY 10019","1 Central Park S Unit 606Manhattan, NY 10019","New York County","New York","1 Central Park S # 606, New York, NY 10023, USA",40.7691094,-73.98162,3042.95942720764
"Condo for sale",8500000,3,3,2080,"New York, NY 10023","15 W 63rd St Apt 21ANew York, NY 10023","New York County","New York","15 W 63rd St. #21a, New York, NY 10023, USA",40.7710757,-73.9809771,4086.53846153846
"Condo for sale",1075000,3,4,2740,"Bronx, NY 10465","4 Marisa Ct Unit 4ABronx, NY 10465","Bronx County","The Bronx","4 Marisa Ct #4a, Bronx, NY 10465, USA",40.8125317,-73.8239933,392.335766423358
"Condo for sale",950000,3,1,660,"Manhattan, NY 10019","425 W 50th St Apt 12BManhattan, NY 10019","New York County","New York","425 W 50th St #12b, New York, NY 10019, USA",40.7641461,-73.9901764,1439.39393939394
"Co-op for sale",875000,2,2,1275,"Brooklyn, NY 11209","9201 Shore Rd Apt B301Brooklyn, NY 11209","Kings County","Brooklyn","9201 Shore Rd Apt B301, Brooklyn, NY 11209, USA",40.6206952,-74.0402708,686.274509803922
"House for sale",485000,2,2,816,"Bronx, NY 10462","1605 Purdy StBronx, NY 10462","New York","Bronx County","1605 Purdy St, Bronx, NY 10462, USA",40.8392076,-73.8539325,594.362745098039
"Condo for sale",598000,1,1,663,"Flushing, NY 11355","132-36 Pople Ave Unit 3EFlushing, NY 11355","Queens County","Queens","132-36 Pople Ave #3e, Flushing, NY 11355, USA",40.7533111,-73.8312005,901.960784313726
"House for sale",2999000,4,2,1732,"Brooklyn, NY 11204","1718 63rd StBrooklyn, NY 11204","New York","Kings County","1718 63rd St, Brooklyn, NY 11204, USA",40.6212043,-73.9908884,1731.52424942263
"Co-op for sale",6e+05,3,1,2184.207862,"New York, NY 10011","201 W 21st St Apt 9ANew York, NY 10011","New York County","New York","201 W 21st St #9a, New York, NY 10011, USA",40.7430502,-73.9967075,274.699130260708
"Co-op for sale",355000,1,1,2184.207862,"Rego Park, NY 11374","61-25 97th St Unit 10ERego Park, NY 11374","Queens County","Queens","61-25 97th St #10e, Rego Park, NY 11374, USA",40.7336463,-73.8618276,162.530318737585
"Townhouse for sale",889000,2,1,1056,"Forest Hills, NY 11375","102-57 62nd DrForest Hills, NY 11375","New York","Queens County","102-57 62nd Dr, Flushing, NY 11375, USA",40.7351177,-73.8536109,841.856060606061
"Multi-family home for sale",650000,3,3,2184.207862,"Saint Albans, NY 11412","110-02 203rd StSaint Albans, NY 11412","New York","Queens County","110-02 203rd St, Jamaica, NY 11412, USA",40.7051893,-73.7542415,297.5907244491
"Co-op for sale",629000,2,1,2184.207862,"New York, NY 10128","330 E 94th St Apt 3ANew York, NY 10128","New York County","New York","330 E 94th St #3a, New York, NY 10128, USA",40.7822297,-73.9466255,287.976254889975
"Pending",970000,3,2,2184.207862,"Little Neck, NY 11362","47-08 248th StLittle Neck, NY 11362","New York","Queens County","47-08 248th St, Flushing, NY 11362, USA",40.764944,-73.738236,444.096927254811
"Co-op for sale",515000,2,2,1200,"Brooklyn, NY 11235","3060 Ocean Ave Apt 6PBrooklyn, NY 11235","Kings County","Brooklyn","3060 Ocean Ave #6p, Brooklyn, NY 11235, USA",40.5866451,-73.949452,429.166666666667
"House for sale",1600000,4,4,3150,"Staten Island, NY 10312","782 Ionia AveStaten Island, NY 10312","New York","Richmond County","782 Ionia Ave, Staten Island, NY 10312, USA",40.5365056,-74.1988326,507.936507936508
"Multi-family home for sale",1900000,6,4,2000,"Brooklyn, NY 11220","751 58th StBrooklyn, NY 11220","New York","Kings County","751 58th St, Brooklyn, NY 11220, USA",40.6371891,-74.0089766,950
"Co-op for sale",3395000,2,2,1800,"New York, NY 10013","399 Washington St Fl 4New York, NY 10013","New York County","New York","399 Washington St Fl 4, New York, NY 10013, USA",40.7217139,-74.0103804,1886.11111111111
"Multi-family home for sale",1795000,5,3,1800,"Brooklyn, NY 11215","166 12th StBrooklyn, NY 11215","New York","Kings County","166 12th St, Brooklyn, NY 11215, USA",40.6691888,-73.9919673,997.222222222222
"Co-op for sale",549000,3,1,2184.207862,"Manhattan, NY 10003","60 E 9th St Apt 214Manhattan, NY 10003","New York County","New York","60 E 9th St Apt 214, New York, NY 10003, USA",40.7310966,-73.9926682,251.349704188548
"Condo for sale",6998000,4,4,3000,"New York, NY 10013","55 Vestry St Apt 6CNew York, NY 10013","New York County","New York","55 Vestry St #6c, New York, NY 10013, USA",40.7227325,-74.0101225,2332.66666666667
"Multi-family home for sale",980000,11,3,3210,"Bronx, NY 10460","2116 Vyse AveBronx, NY 10460","New York","Bronx County","2116 Vyse Ave, Bronx, NY 10460, USA",40.844215,-73.8799388,305.295950155763
"Multi-family home for sale",1400000,5,4,2250,"Staten Island, NY 10312","199 Vineland AveStaten Island, NY 10312","New York","Richmond County","199 Vineland Ave, Staten Island, NY 10312, USA",40.5486237,-74.1868168,622.222222222222
"Co-op for sale",750000,3,3,2184.207862,"Manhattan, NY 10022","420 E 51st St Apt 8DManhattan, NY 10022","New York County","New York","420 E 51st St #8d, New York, NY 10022, USA",40.7540391,-73.9651308,343.373912825885
"Land for sale",750000,3,2.37386085796844,2184.207862,"Staten Island, NY 10309","480 Butler BlvdStaten Island, NY 10309","New York","Richmond County","480 Butler Blvd, Staten Island, NY 10309, USA",40.5069018,-74.2247039,343.373912825885
"Condo for sale",349000,3,1,2184.207862,"Sunnyside, NY 11104","43-33 48 St Unit 4JSunnyside, NY 11104","Queens County","Queens","43-33 48th St #4j, Long Island City, NY 11104, USA",40.7436341,-73.916415,159.783327434978
"House for sale",519999,3,2,1440,"Staten Island, NY 10302","59 Larkin StStaten Island, NY 10302","New York","Richmond County","59 Larkin St, Staten Island, NY 10302, USA",40.6396595,-74.1362682,361.110416666667
"Pending",1649000,7,2,3162,"Brooklyn, NY 11220","628 56th StBrooklyn, NY 11220","New York","Kings County","628 56th St, Brooklyn, NY 11220, USA",40.6398568,-74.0109732,521.505376344086
"Multi-family home for sale",1750000,7,3,4065,"Astoria, NY 11105","2003 49th StAstoria, NY 11105","New York","Queens County","20-03 49th St, Astoria, NY 11105, USA",40.7721299,-73.8960008,430.50430504305
"House for sale",868000,3,2,2184.207862,"Maspeth, NY 11378","53-29 72 PlMaspeth, NY 11378","New York","Queens County","53-29 72nd Pl, Queens, NY 11378, USA",40.7303886,-73.8912581,397.398075110491
"Co-op for sale",324900,1,1,665,"New York, NY 10034","90 Park Terrace Ter E Unit 3ANew York, NY 10034","New York County","New York","90 Park Terrace E #3a, New York, NY 10034, USA",40.8709037,-73.9155681,488.571428571429
"Condo for sale",870000,1,1,620,"New York, NY 10019","347 W 57th St Apt 6BNew York, NY 10019","New York County","New York","347 W 57th St #6b, New York, NY 10019, USA",40.7681878,-73.9845086,1403.22580645161
"Co-op for sale",355000,2,1,1000,"Brooklyn, NY 11224","2930 W 5th St Apt 15HBrooklyn, NY 11224","Kings County","Brooklyn","2930 W 5th St #15h, Brooklyn, NY 11224, USA",40.5782062,-73.973315,355
"Condo for sale",10900000,5,6,3633,"New York, NY 10010","39 W 23rd St # NNew York, NY 10010","New York","New York County","39 W 23rd St, New York, NY 10010, USA",40.7423282,-73.9911409,3000.27525461051
"Pending",375000,1,1,2184.207862,"Manhattan, NY 10009","162 E 2nd St Apt BManhattan, NY 10009","New York County","New York","162 E 2nd St b, New York, NY 10009, USA",40.7228235,-73.98509,171.686956412942
"House for sale",6700000,3,2.37386085796844,2184.207862,"Staten Island, NY 10304","450 Front StStaten Island, NY 10304","New York","Richmond County","450 Front St, Staten Island, NY 10304, USA",40.626225,-74.0745645,3067.47362124457
"Co-op for sale",268800,1,1,725,"Brooklyn, NY 11204","303 Avenue P Apt B1Brooklyn, NY 11204","Kings County","Brooklyn","303 Avenue P b1, Brooklyn, NY 11204, USA",40.6086157,-73.9765291,370.758620689655
"Condo for sale",640000,1,1,1022,"Brooklyn, NY 11219","1238 63rd St Unit 204Brooklyn, NY 11219","Kings County","Brooklyn","1238 63rd St #204, Brooklyn, NY 11219, USA",40.6275896,-74.0016198,626.223091976517
"Co-op for sale",2800000,2,2,2184.207862,"Manhattan, NY 10128","1088 Park Ave Unit 15CManhattan, NY 10128","New York County","New York","1088 Park Ave #15c, New York, NY 10128, USA",40.7820603,-73.9562107,1281.92927454997
"Co-op for sale",699000,2,2,1400,"Forest Hills, NY 11375","110-20 71st Rd Unit 905/6Forest Hills, NY 11375","Queens County","Queens","11020 71st Rd Apt 905, Forest Hills, NY 11375, USA",40.7216499,-73.84119,499.285714285714
"Pending",950000,1,1,2184.207862,"New York, NY 10014","82 Charles St Apt 5RNew York, NY 10014","New York County","New York","82 Charles St #5r, New York, NY 10014, USA",40.7346124,-74.0039065,434.940289579454
"Multi-family home for sale",1208000,11,6,5160,"College Point, NY 11356","10-45 115th StCollege Point, NY 11356","New York","Queens County","10-45 115th St, Flushing, NY 11356, USA",40.787452,-73.8521292,234.108527131783
"House for sale",749000,5,4,2184.207862,"Ozone Park, NY 11417","105-47 88 StOzone Park, NY 11417","New York","Queens County","105-47 88th St, Jamaica, NY 11417, USA",40.6785851,-73.8497745,342.916080942117
"Multi-family home for sale",1800000,5,2,2184.207862,"Brooklyn, NY 11237","455 Irving AveBrooklyn, NY 11237","New York","Kings County","455 Irving Ave, Brooklyn, NY 11237, USA",40.6958927,-73.9084857,824.097390782123
"Condo for sale",1025000,1,1,787,"Manhattan, NY 10002","105 Norfolk St Apt 3AManhattan, NY 10002","New York County","New York","105 Norfolk St #3a, New York, NY 10002, USA",40.7188873,-73.9873574,1302.41423125794
"Condo for sale",2449000,3,2,1744,"New York, NY 10028","90 E End Ave Apt 6BNew York, NY 10028","New York County","New York","90 East End Ave #6b, New York, NY 10028, USA",40.7735704,-73.9461541,1404.24311926606
"House for sale",659000,3,2,1460,"Staten Island, NY 10305","59 Saint Johns AveStaten Island, NY 10305","New York","Richmond County","59 St Johns Ave, Staten Island, NY 10305, USA",40.6114323,-74.0667876,451.369863013699
"Multi-family home for sale",1499000,7,4,3570,"Maspeth, NY 11378","57-19 64th StMaspeth, NY 11378","New York","Queens County","57-19 64th St, Flushing, NY 11378, USA",40.7221698,-73.9011088,419.887955182073
"Co-op for sale",235000,3,1,2184.207862,"Woodside, NY 11377","65-15 38th Ave Unit 2NWoodside, NY 11377","Queens County","Queens","6515 38th Ave Apt 2f, Woodside, NY 11377, USA",40.7469399,-73.8986099,107.590492685444
"Co-op for sale",7e+05,2,1,900,"Manhattan, NY 10021","315 E 70th St Apt 9DManhattan, NY 10021","New York County","New York","315 E 70th St #9d, New York, NY 10021, USA",40.7673126,-73.9584378,777.777777777778
"Townhouse for sale",4895000,4,4,3622,"New York, NY 10007","66 Reade St Unit ThNew York, NY 10007","New York","New York County","66 Reade St, New York, NY 10007, USA",40.7151591,-74.006685,1351.46327995583
"Condo for sale",2350000,4,2,1847,"New York, NY 10027","375 W 123rd St # 7BNew York, NY 10027","New York County","New York","375 W 123rd St #7b, New York, NY 10027, USA",40.8101077,-73.9546373,1272.33351380617
"Condo for sale",456000,1,1,2184.207862,"Elmhurst, NY 11373","42-39 Judge St Unit 2BElmhurst, NY 11373","Queens County","Queens","42-39 Judge St #2b, Elmhurst, NY 11373, USA",40.7442352,-73.8797855,208.771338998138
"Multi-family home for sale",1190000,5,4,3720,"Staten Island, NY 10307","334 Bethel AveStaten Island, NY 10307","New York","Richmond County","334 Bethel Ave, Staten Island, NY 10307, USA",40.5153019,-74.2352069,319.89247311828
"Condo for sale",5350000,3,4,2491,"New York, NY 10001","522 W 29th St Apt 3ANew York, NY 10001","New York County","New York","522 W 29th St #3a, New York, NY 10001, USA",40.7518261,-74.002774,2147.73183460458
"Co-op for sale",335000,2,1,2184.207862,"Little Neck, NY 11362","60-29 Marathon Pkwy Unit LowerLittle Neck, NY 11362","New York","Queens County","60-29 Marathon Pkwy, Little Neck, NY 11362, USA",40.7576854,-73.7298343,153.373681062228
"Condo for sale",628000,3,2,1097,"Brooklyn, NY 11220","238 56th St Apt 1FBrooklyn, NY 11220","Kings County","Brooklyn","238 56th St #1f, Brooklyn, NY 11220, USA",40.6449894,-74.0196153,572.470373746582
"House for sale",710000,2,2,2250,"Bronx, NY 10466","4067 Murdock AveBronx, NY 10466","New York","Bronx County","4067 Murdock Ave, Bronx, NY 10466, USA",40.8926424,-73.8409541,315.555555555556
"House for sale",790000,4,2,1744,"Brooklyn, NY 11210","966 E 42nd StBrooklyn, NY 11210","New York","Kings County","966 E 42nd St, Brooklyn, NY 11210, USA",40.631398,-73.9361773,452.981651376147
"House for sale",1300000,3,2,2184.207862,"Brooklyn, NY 11229","3883 Bedford AveBrooklyn, NY 11229","New York","Kings County","3883 Bedford Ave, Brooklyn, NY 11229, USA",40.6074439,-73.9477154,595.1814488982
"Co-op for sale",8e+05,2,1,900,"New York, NY 10075","425 E 79th St Apt 7CNew York, NY 10075","New York County","New York","425 E 79th St #7c, New York, NY 10075, USA",40.7720929,-73.9514513,888.888888888889
"House for sale",699000,3,2,522,"Brooklyn, NY 11234","1372 E 57th StBrooklyn, NY 11234","New York","Kings County","1372 E 57th St, Brooklyn, NY 11234, USA",40.6200647,-73.9203764,1339.08045977011
"Condo for sale",1750000,1,1,2184.207862,"Manhattan, NY 10022","502 Park Ave Apt 12KManhattan, NY 10022","New York County","New York","502 Park Ave Apt 12h, New York, NY 10022, USA",40.7632867,-73.9700993,801.205796593731
"Co-op for sale",416000,3,1,950,"Flushing, NY 11354","38-15 149th St Unit 2JFlushing, NY 11354","Queens County","Queens","38-15 149th St #2j, Flushing, NY 11354, USA",40.763716,-73.816271,437.894736842105
"Contingent",225000,1,1,650,"Staten Island, NY 10301","17 Seth Ct Unit BStaten Island, NY 10301","Richmond County","Staten Island","17 Seth Ct # B, Staten Island, NY 10301, USA",40.6185653,-74.0948312,346.153846153846
"Co-op for sale",499000,1,1,800,"Brooklyn, NY 11225","150 Hawthorne St Apt 5DBrooklyn, NY 11225","Kings County","Brooklyn","150 Hawthorne St #5d, Brooklyn, NY 11225, USA",40.6573594,-73.9554071,623.75
"Co-op for sale",425000,3,1,2184.207862,"New York, NY 10009","513 E 5th St Apt 2ANew York, NY 10009","New York County","New York","513 E 5th St #2a, New York, NY 10009, USA",40.7247015,-73.9835768,194.578550601335
"Co-op for sale",220000,1,1,2184.207862,"Middle Village, NY 11379","61-88 Dry Harbor Rd Unit LhMiddle Village, NY 11379","New York","Queens County","61-88 Dry Harbor Rd, Flushing, NY 11379, USA",40.7257927,-73.8727767,100.723014428926
"Co-op for sale",140000,3,1,507,"Bronx, NY 10470","4295 Webster Ave Apt 6KBronx, NY 10470","Bronx County","The Bronx","4295 Webster Ave #6k, Bronx, NY 10470, USA",40.8992144,-73.8624103,276.134122287968
"Condo for sale",2400000,2,2,1375,"Manhattan, NY 10128","12 E 88th St Apt 9CManhattan, NY 10128","New York County","New York","12 E 88th St Apartment 9d, New York, NY 10128, USA",40.782249,-73.958665,1745.45454545455
"Co-op for sale",5995000,3,2,4200,"Manhattan, NY 10013","17 White St Apt 3BManhattan, NY 10013","New York County","New York","17 White St #3b, New York, NY 10013, USA",40.7190306,-74.0054491,1427.38095238095
"Multi-family home for sale",988888,5,3,2184.207862,"Brooklyn, NY 11233","195 Mother Gaston BlvdBrooklyn, NY 11233","New York","Kings County","195 Mother Gaston Blvd, Brooklyn, NY 11233, USA",40.6748665,-73.908063,452.744455875418
"Co-op for sale",369000,3,1,2184.207862,"New York, NY 10025","125 W 96th St Apt 1CNew York, NY 10025","New York County","New York","125 W 96th St #1c, New York, NY 10025, USA",40.7935524,-73.9687728,168.939965110335
"Multi-family home for sale",2850000,15,7,6000,"Brooklyn, NY 11229","2135 E 13th StBrooklyn, NY 11229","New York","Kings County","2135 E 13th St, Brooklyn, NY 11229, USA",40.5977433,-73.9578638,475
"Condo for sale",5799000,3,4,2497,"Brooklyn, NY 11201","1 John St Apt 4BBrooklyn, NY 11201","Brooklyn","Dumbo","John Street Park, 1 John St #4b, Brooklyn, NY 11201, USA",40.7046228,-73.9878238,2322.38686423708
"Co-op for sale",229000,3,1,500,"Brooklyn, NY 11235","2727 Ocean Pkwy Apt D6Brooklyn, NY 11235","Kings County","Brooklyn","2727 Ocean Pkwy d6, Brooklyn, NY 11235, USA",40.5822648,-73.9666622,458
"Co-op for sale",235000,1,1,2184.207862,"Flushing, NY 11367","68-05 138th St Unit 1AFlushing, NY 11367","Queens County","Queens","68-5 138th St #1a, Flushing, NY 11367, USA",40.7315119,-73.8286528,107.590492685444
"Condo for sale",3500000,3,2,1896,"Brooklyn, NY 11238","189 Prospect Pl Apt 2Brooklyn, NY 11238","Kings County","Brooklyn","189 Prospect Pl #2, Brooklyn, NY 11238, USA",40.6781953,-73.9702616,1845.99156118143
"House for sale",1288000,3,2,1538,"Brooklyn, NY 11214","2421 82nd StBrooklyn, NY 11214","United States","New York","2421 82nd St, Brooklyn, NY 11214, USA",40.6013215,-73.986412,837.451235370611
"Co-op for sale",875000,1,1,2184.207862,"New York, NY 10001","225 W 25th St Apt 3FNew York, NY 10001","New York County","New York","225 W 25th St #3f, New York, NY 10001, USA",40.7459915,-73.9956777,400.602898296865
"Multi-family home for sale",1099000,6,5,3816,"Staten Island, NY 10304","730 Bay StStaten Island, NY 10304","New York","Richmond County","730 Bay St, Staten Island, NY 10304, USA",40.6241719,-74.0746007,287.997903563941
"Pending",1795000,2,2,2184.207862,"Brooklyn, NY 11215","420 12th St Apt H1LBrooklyn, NY 11215","Kings County","Brooklyn","420 12th St #1l, Brooklyn, NY 11215, USA",40.6646996,-73.9831407,821.808231363284
"Townhouse for sale",579000,3,2,2184.207862,"Richmond Hill South, NY 11419","103-12 114th StRichmond Hill South, NY 11419","New York","Queens County","103-12 114th St, South Richmond Hill, NY 11419, USA",40.6863457,-73.8292298,265.084660701583
"House for sale",868000,3,2,1690,"Middle Village, NY 11379","64-13 79th StMiddle Village, NY 11379","New York","Queens County","64-13 79th St, Middle Village, NY 11379, USA",40.7187347,-73.875063,513.609467455621
"House for sale",699900,5,1,1827,"Woodhaven, NY 11421","87-37 90th StWoodhaven, NY 11421","New York","Queens County","87-37 90th St, Jamaica, NY 11421, USA",40.6917678,-73.8540537,383.087027914614
"House for sale",559900,3,2,2184.207862,"Saint Albans, NY 11412","116-42 204th StSaint Albans, NY 11412","New York","Queens County","116-42 204th St, Jamaica, NY 11412, USA",40.6957516,-73.7490297,256.340071721617
"Co-op for sale",650000,3,1,2184.207862,"New York, NY 10014","100 Bank St Apt 4FNew York, NY 10014","New York County","New York","100 Bank St #4f, New York, NY 10014, USA",40.7362367,-74.0070136,297.5907244491
"Condo for sale",209000,1,1,2184.207862,"Bronx, NY 10462","1470 East Ave Apt 4DBronx, NY 10462","Bronx County","The Bronx","1470 East Ave #4d, Bronx, NY 10462, USA",40.836532,-73.859174,95.6868637074799
"Co-op for sale",1695000,3,2,2184.207862,"Manhattan, NY 10028","80 E End Ave Apt 8EManhattan, NY 10028","New York","Manhattan","80 East End Owners, 80 East End Ave #8e, New York, NY 10028, USA",40.7731502,-73.9462859,776.025042986499
"House for sale",570000,3,2,1728,"Bronx, NY 10469","2953 Pearsall AveBronx, NY 10469","New York","Bronx County","2953 Pearsall Ave, Bronx, NY 10469, USA",40.869166,-73.8520258,329.861111111111
"Co-op for sale",419800,2,1,1000,"Forest Hills, NY 11375","72-81 113th St Unit 5MForest Hills, NY 11375","Queens County","Queens","72-81 113th St #5b, Forest Hills, NY 11375, USA",40.7199582,-73.8357232,419.8
"Contingent",1875000,3,2,2184.207862,"New York, NY 10028","140 E 81st St Apt 12ANew York, NY 10028","New York County","New York","140 E 81st St #12a, New York, NY 10028, USA",40.7760492,-73.9577296,858.434782064712
"Condo for sale",5900000,3,3,2706,"New York, NY 10016","241 Fifth Ave Ph 15New York, NY 10016","New York County","New York","241 5th Ave Ph 15, New York, NY 10016, USA",40.744213,-73.987241,2180.33998521803
"Condo for sale",1450000,2,2,1175,"New York, NY 10006","123 Washington St Apt 33BNew York, NY 10006","New York County","New York","123 Washington St #33b, New York, NY 10006, USA",40.7092191,-74.0137534,1234.04255319149
"Multi-family home for sale",975000,7,4,1920,"Bronx, NY 10472","1392 Commonwealth AveBronx, NY 10472","New York","Bronx County","1392 Commonwealth Ave, Bronx, NY 10472, USA",40.8345273,-73.8686683,507.8125
"Co-op for sale",210000,3,1,550,"Rego Park, NY 11374","9710 62nd Dr Apt 2NRego Park, NY 11374","Queens County","Queens","97-10 62nd Dr #2b, Rego Park, NY 11374, USA",40.7323502,-73.8611654,381.818181818182
"Co-op for sale",310000,1,1,2184.207862,"Bronx, NY 10471","5700 Arlington Ave Apt 2SBronx, NY 10471","Bronx County","The Bronx","5700 Arlington Ave #2s, Bronx, NY 10471, USA",40.9069228,-73.9062512,141.927883968032
"Townhouse for sale",8575000,6,6,5500,"New York, NY 10065","161 E 63rd StNew York, NY 10065","New York","New York County","161 E 63rd St, New York, NY 10065, USA",40.7645068,-73.9653462,1559.09090909091
"Multi-family home for sale",1895000,5,4,2184.207862,"Brooklyn, NY 11221","595 Van Buren StBrooklyn, NY 11221","New York","Kings County","595 Van Buren St, Brooklyn, NY 11221, USA",40.6925254,-73.9260278,867.591419740069
"Co-op for sale",10500000,5,6,2184.207862,"New York, NY 10075","955 5th Ave # 4 & 5ANew York, NY 10075","New York","New York County","955 5th Ave, New York, NY 10075, USA",40.7753473,-73.9646138,4807.23477956239
"Condo for sale",2990000,3,2,1721,"New York, NY 10006","77 Greenwich St Apt 16ANew York, NY 10006","New York County","New York","77 Greenwich St #16a, New York, NY 10006, USA",40.7074175,-74.0135328,1737.36199883789
"Co-op for sale",440000,2,1,2184.207862,"Brooklyn, NY 11213","1405 Prospect Pl Apt B11Brooklyn, NY 11213","Kings County","Brooklyn","1405 Prospect Pl b11, Brooklyn, NY 11213, USA",40.6733835,-73.9300041,201.446028857852
"Land for sale",650000,3,2.37386085796844,2184.207862,"Hollis, NY 11423","191-43 Foothill AveHollis, NY 11423","New York","Queens County","191-43 Foothill Ave, Hollis, NY 11423, USA",40.7175476,-73.7702388,297.5907244491
"House for sale",6e+05,2,2,2184.207862,"Brooklyn, NY 11212","571 Watkins St Unit 1Brooklyn, NY 11212","Kings County","Brooklyn","571 Watkins St #1, Brooklyn, NY 11212, USA",40.6585229,-73.9047396,274.699130260708
"Co-op for sale",160000,3,1,2184.207862,"Corona, NY 11368","99-35 59 Ave Unit 5LCorona, NY 11368","Queens County","Queens","99-35 59th Ave #5l, Corona, NY 11368, USA",40.7376451,-73.8581248,73.2531014028554
"House for sale",599900,3,2,1534,"Bronx, NY 10469","1618 Adee AveBronx, NY 10469","New York","Bronx County","1618 Adee Ave, Bronx, NY 10469, USA",40.8697604,-73.8408611,391.069100391134
"Multi-family home for sale",2499000,7,4,2184.207862,"Brooklyn, NY 11219","1159 52nd StBrooklyn, NY 11219","New York","Kings County","1159 52nd St, Brooklyn, NY 11219, USA",40.6352404,-73.9966562,1144.12187753585
"Multi-family home for sale",1850000,7,3,2240,"Brooklyn, NY 11219","1517 66th StBrooklyn, NY 11219","New York","Kings County","1517 66th St, Brooklyn, NY 11219, USA",40.6225358,-73.9970748,825.892857142857
"Condo for sale",888000,3,2,1700,"Brooklyn, NY 11228","956 79th St Unit 1BBrooklyn, NY 11228","Kings County","Brooklyn","956 79th St #1b, Brooklyn, NY 11228, USA",40.6226046,-74.0176964,522.352941176471
"Multi-family home for sale",5e+05,3,2.37386085796844,2184.207862,"Bronx, NY 10454","438 E 141st StBronx, NY 10454","New York","Bronx County","438 E 141st St, Bronx, NY 10454, USA",40.810301,-73.9202983,228.915941883923
"Condo for sale",1995000,1,2,910,"Manhattan, NY 10024","29 W 85th St Unit 1Manhattan, NY 10024","New York County","New York","29 W 85th St # 1, New York, NY 10024, USA",40.7852077,-73.9706676,2192.30769230769
"Contingent",495000,2,3,1200,"Staten Island, NY 10309","6218 Amboy RdStaten Island, NY 10309","New York","Richmond County","6218 Amboy Rd, Staten Island, NY 10309, USA",40.5240094,-74.2133774,412.5
"House for sale",599000,3,2,1690,"Bronx, NY 10469","1466 Stickney PlBronx, NY 10469","New York","Bronx County","1466 Stickney Pl, Bronx, NY 10469, USA",40.88047,-73.8503054,354.437869822485
"Co-op for sale",178000,3,1,719,"Forest Hills, NY 11375","61-20 Grand Central Pkwy Unit B1210Forest Hills, NY 11375","New York","Queens County","61-20 Grand Central Pkwy, Forest Hills, NY 11375, USA",40.7379227,-73.8470718,247.566063977747
"Co-op for sale",279900,1,1,850,"Bronx, NY 10463","679 W 239th Ave Unit 3KBronx, NY 10463","Bronx County","The Bronx","679 W 239th St #3c, Bronx, NY 10463, USA",40.8901764,-73.9146261,329.294117647059
"House for sale",9e+06,3,2.37386085796844,2184.207862,"Brooklyn, NY 11209","8710 5th AveBrooklyn, NY 11209","New York","Kings County","8710 5th Ave, Brooklyn, NY 11209, USA",40.6207751,-74.0273954,4120.48695391062
"Co-op for sale",935000,2,2,1150,"Manhattan, NY 10128","166 E 96th St Apt 6AManhattan, NY 10128","New York County","New York","166 E 96th St Apt 6a, New York, NY 10128, USA",40.7856236,-73.9507052,813.04347826087
"Pending",750000,3,2,1260,"Manhattan, NY 10026","1947 Adam Clayton Powell Jr Blvd Apt 1Manhattan, NY 10026","New York","New York County","1947 Adam Clayton Powell Jr Blvd, New York, NY 10026, USA",40.8040569,-73.951435,595.238095238095
"House for sale",3399000,7,2.37386085796844,3446,"Kew Gardens, NY 11415","119-12 83rd AveKew Gardens, NY 11415","New York","Queens County","11912 83rd Ave, Jamaica, NY 11415, USA",40.7082867,-73.8335669,986.360998258851
"Townhouse for sale",528000,2,2,2184.207862,"Jamaica, NY 11436","114-03 Inwood StJamaica, NY 11436","New York","Queens County","114-3 Inwood St, Jamaica, NY 11436, USA",40.6850187,-73.7977904,241.735234629423
"Townhouse for sale",7800000,7,8,7200,"New York, NY 10065","120 E 61st StNew York, NY 10065","New York","New York County","120 E 61st St, New York, NY 10065, USA",40.7636541,-73.9681695,1083.33333333333
"Co-op for sale",199888,1,1,2184.207862,"Howard Beach, NY 11414","153-25 88 St Unit 4EHoward Beach, NY 11414","Queens County","Queens","153-25 88th St #4e, Howard Beach, NY 11414, USA",40.6661012,-73.8471882,91.5150995825872
"Multi-family home for sale",5950000,6,5,2184.207862,"New York, NY 10022","416 E 50th StNew York, NY 10022","New York","New York County","416 E 50th St, New York, NY 10022, USA",40.7534926,-73.9655356,2724.09970841869
"Co-op for sale",315000,2,1,1000,"Bronx, NY 10471","3935 Blackstone Ave Apt 1ABronx, NY 10471","Bronx County","The Bronx","3935 Blackstone Ave #1a, Bronx, NY 10471, USA",40.890384,-73.9117878,315
"Co-op for sale",899000,1,1,2184.207862,"New York, NY 10022","300 E 54th St Apt 34ANew York, NY 10022","New York County","New York","300 E 54th St #34a, New York, NY 10022, USA",40.7570928,-73.9663495,411.590863507294
"Multi-family home for sale",2050000,4,2,1760,"Brooklyn, NY 11222","174 Eagle StBrooklyn, NY 11222","New York","Kings County","174 Eagle St, Brooklyn, NY 11222, USA",40.735132,-73.9536334,1164.77272727273
"Condo for sale",615000,2,1,733,"Queens, NY 11354","148-09 Northern Blvd Apt 4FQueens, NY 11354","New York","Queens County","148-09 Northern Blvd, Flushing, NY 11354, USA",40.7654814,-73.8178731,839.017735334243
"Condo for sale",209000,1,1,650,"Staten Island, NY 10301","1000 Clove Rd Apt 5DStaten Island, NY 10301","Richmond County","Staten Island","1000 Clove Rd #5b, Staten Island, NY 10301, USA",40.6202645,-74.1099106,321.538461538462
"Co-op for sale",259000,3,1,590,"Jackson Heights, NY 11372","35-35 75th St Unit 225Jackson Heights, NY 11372","Queens County","Queens","3535 75th St Apt 225, Jackson Heights, NY 11372, USA",40.7510999,-73.89118,438.983050847458
"Co-op for sale",695000,1,1,2184.207862,"New York, NY 10023","303 W 66th St Apt 11JWNew York, NY 10023","New York County","New York","303 W 66th St #11j, New York, NY 10023, USA",40.776554,-73.9876401,318.193159218653
"Multi-family home for sale",1980000,3,3,3536,"Brooklyn, NY 11235","2635 E 19th StBrooklyn, NY 11235","New York","Kings County","2635 E 19th St, Brooklyn, NY 11235, USA",40.5875466,-73.9501033,559.954751131222
"Co-op for sale",1950000,2,2,2184.207862,"Manhattan, NY 10014","350 Bleecker St Unit 3WXManhattan, NY 10014","New York County","New York","350 Bleecker St #3w, New York, NY 10014, USA",40.7341122,-74.004816,892.7721733473
"Pending",1595000,4,2,2627,"Bronx, NY 10463","519 Tulfan TerBronx, NY 10463","New York","Bronx County","519 Tulfan Terrace, Bronx, NY 10463, USA",40.8872408,-73.9082189,607.156452226875
"Multi-family home for sale",919000,6,3,1760,"Bronx, NY 10461","2039 Continental AveBronx, NY 10461","New York","Bronx County","2039 Continental Ave, Bronx, NY 10461, USA",40.8529073,-73.830339,522.159090909091
"House for sale",285000,3,2.37386085796844,2184.207862,"Brooklyn, NY 11208","372 Atkins AveBrooklyn, NY 11208","New York","Kings County","372 Atkins Ave, Brooklyn, NY 11208, USA",40.6695084,-73.8779921,130.482086873836
"Co-op for sale",499000,3,2,1200,"Bronx, NY 10456","1100 Grand Concourse Apt 2FBronx, NY 10456","Bronx County","The Bronx","1100 Grand Concourse #2f, Bronx, NY 10456, USA",40.831991,-73.919124,415.833333333333
"Co-op for sale",359000,2,1,850,"Manhattan, NY 10035","1901 Madison Ave Apt 412Manhattan, NY 10035","New York County","New York","1901 Madison Ave Apt 412, New York, NY 10035, USA",40.804259,-73.9415268,422.352941176471
"Condo for sale",771770,2,2,710,"Flushing, NY 11354","134-16 35th Ave Unit 11DFlushing, NY 11354","Queens County","Queens","134-16 35th Ave #11d, Flushing, NY 11354, USA",40.7639577,-73.8325965,1087
"Condo for sale",3550000,3,2,2693,"New York, NY 10011","144 W 18th St Apt 3ENew York, NY 10011","New York County","New York","144 W 18th St #3e, New York, NY 10011, USA",40.7404065,-73.9970822,1318.2324545117
"Townhouse for sale",9750000,8,7,7228,"New York, NY 10065","53 E 64th St Unit ThNew York, NY 10065","New York","New York County","53 E 64th St, New York, NY 10065, USA",40.7664631,-73.9679613,1348.92086330935
"Co-op for sale",4395000,6,4,2700,"New York, NY 10128","47 E 88th St Unit 4CNew York, NY 10128","New York County","New York","47 E 88th St #4c, New York, NY 10128, USA",40.7822272,-73.9575194,1627.77777777778
"Co-op for sale",695000,1,2,2184.207862,"New York, NY 10021","955 Lexington Ave # 11ANew York, NY 10021","New York County","New York","955 Lexington Ave #11a, New York, NY 10021, USA",40.7687538,-73.9631311,318.193159218653
"Multi-family home for sale",1398000,4,2,2184.207862,"Fresh Meadows, NY 11366","73-28 173rd StFresh Meadows, NY 11366","New York","Queens County","73-28 173rd St, Flushing, NY 11366, USA",40.7283735,-73.7970194,640.048973507449
"Multi-family home for sale",859000,6,3,2184.207862,"Bronx, NY 10456","1266 Findlay AveBronx, NY 10456","New York","Bronx County","1266 Findlay Ave, Bronx, NY 10456, USA",40.8340749,-73.9113421,393.27758815658
"House for sale",19500000,5,7,2184.207862,"New York, NY 10028","118 E 83rd StNew York, NY 10028","New York","New York County","118 E 83rd St, New York, NY 10028, USA",40.7776535,-73.957772,8927.721733473
"Condo for sale",1250000,2,2,1434,"Manhattan, NY 10027","380 Lenox Ave Unit 4BManhattan, NY 10027","New York County","New York","380 Lenox Ave #4b, New York, NY 10037, USA",40.810446,-73.943187,871.687587168759
"Co-op for sale",449000,2,1,2184.207862,"Glen Oaks, NY 11004","7538 263rd St Unit A1Glen Oaks, NY 11004","Queens County","Queens","75-38 263rd St a1, Glen Oaks, NY 11004, USA",40.7493102,-73.7118303,205.566515811763
"Condo for sale",7990000,5,4,5202,"New York, NY 10013","46 Laight St Unit MaisonetteNew York, NY 10013","New York","New York County","46 Laight St, New York, NY 10013, USA",40.7221603,-74.0078633,1535.9477124183
"Co-op for sale",3950000,2,2,2184.207862,"New York, NY 10003","1 Fifth Ave Unit 19GNew York, NY 10003","New York","Manhattan","Glucksman Ireland House, 1 5th Ave #19c, New York, NY 10003, USA",40.7316673,-73.996478,1808.43594088299
"Multi-family home for sale",1399000,4,4,2049,"Brooklyn, NY 11221","980A Gates AveBrooklyn, NY 11221","New York","Kings County","980A Gates Ave, Brooklyn, NY 11221, USA",40.6890219,-73.9244415,682.772083943387
"Condo for sale",7750000,3,3,2184.207862,"New York, NY 10011","65 W 13th St Ph 1BNew York, NY 10011","New York","Manhattan","Arnhold Hall, 65 W 13th St Ph 1B, New York, NY 10011, USA",40.7366739,-73.9966616,3548.19709920081
"Co-op for sale",1049000,4,3,2400,"Bronx, NY 10463","750 Kappock St Unit 611-614Bronx, NY 10463","Bronx County","The Bronx","750 Kappock St 611 614, Bronx, NY 10463, USA",40.881939,-73.9204858,437.083333333333
"House for sale",995000,4,3,2000,"Bronx, NY 10469","2220 Tiemann AveBronx, NY 10469","New York","Bronx County","2220 Tiemann Ave, Bronx, NY 10469, USA",40.8580267,-73.837909,497.5
"Co-op for sale",3195000,3,3,2184.207862,"Manhattan, NY 10065","875 5th Ave Unit 9AManhattan, NY 10065","New York County","New York","875 5th Ave #9a, New York, NY 10065, USA",40.7701916,-73.9682413,1462.77286863827
"Co-op for sale",360000,2,2,2184.207862,"Bayside, NY 11360","211-35 23rd Ave Unit 5FBayside, NY 11360","Queens County","Queens","211-35 23rd Ave #5f, Bayside, NY 11360, USA",40.7806336,-73.7800528,164.819478156425
"Co-op for sale",750000,3,2,1600,"Manhattan, NY 10128","1070 Park Avenue Ave Units MAIS & 1AManhattan, NY 10128","New York","New York County","1070 Park Ave, New York, NY 10128, USA",40.7813792,-73.9554399,468.75
"Co-op for sale",1.8e+07,6,6,2184.207862,"New York, NY 10065","640 Park Ave Fl 3New York, NY 10065","New York County","New York","640 Park Ave Fl 3, New York, NY 10065, USA",40.7676314,-73.9668788,8240.97390782123
"Co-op for sale",3e+05,1,1,800,"Brooklyn, NY 11224","2942 W 5th St Apt 11SBrooklyn, NY 11224","Kings County","Brooklyn","2942 W 5th St #11d, Brooklyn, NY 11224, USA",40.5774084,-73.9732594,375
"House for sale",675888,3,1,1662,"Staten Island, NY 10308","3744 Amboy RdStaten Island, NY 10308","New York","Richmond County","3744 Amboy Rd, Staten Island, NY 10308, USA",40.5517925,-74.1441587,406.671480144404
"Townhouse for sale",4400000,3,2.37386085796844,2400,"Brooklyn, NY 11231","428 Clinton StBrooklyn, NY 11231","New York","Kings County","428 Clinton St, Brooklyn, NY 11231, USA",40.6819385,-73.9985074,1833.33333333333
"Co-op for sale",215000,1,1,2184.207862,"Kew Gardens, NY 11415","118-66 Metropolitan Ave Unit 1DKew Gardens, NY 11415","Queens County","Queens","118-66 Metropolitan Ave #1d, Kew Gardens, NY 11415, USA",40.7062291,-73.8326755,98.4338550100869
"Condo for sale",250000,3,1,2184.207862,"Brooklyn, NY 11207","380 Cozine Ave Apt 2ABrooklyn, NY 11207","Kings County","Brooklyn","380 Cozine Ave #2a, Brooklyn, NY 11207, USA",40.6576494,-73.8782466,114.457970941962
"Multi-family home for sale",2749000,3,6,4480,"Brooklyn, NY 11229","2163 E 17th StBrooklyn, NY 11229","New York","Kings County","2163 E 17th St, Brooklyn, NY 11229, USA",40.5974982,-73.9539607,613.616071428571
"Townhouse for sale",860000,3,2,2000,"Brooklyn, NY 11210","971 E 40th StBrooklyn, NY 11210","New York","Kings County","971 E 40th St, Brooklyn, NY 11210, USA",40.6315943,-73.9376928,430
"Condo for sale",1195000,1,1,713,"New York, NY 10007","57 Reade St Apt 12ENew York, NY 10007","New York County","New York","57 Reade St #12e, New York, NY 10007, USA",40.7147947,-74.0064392,1676.01683029453
"House for sale",825000,3,2,1400,"Corona, NY 11368","112-30 38th AveCorona, NY 11368","New York","Queens County","112-30 38th Ave, Flushing, NY 11368, USA",40.7537084,-73.8542469,589.285714285714
"Co-op for sale",295000,2,1,2184.207862,"Bronx, NY 10463","3512 Oxford Ave Apt 1EBronx, NY 10463","The Bronx","Riverdale","Parking lot, 3512 Oxford Ave #1e, Bronx, NY 10463, USA",40.8858375,-73.9088586,135.060405711515
"Pending",999000,1,2,1150,"Manhattan, NY 10065","403 E 62nd St Apt 14AManhattan, NY 10065","New York County","New York","403 E 62nd St #14a, New York, NY 10065, USA",40.7614157,-73.9599761,868.695652173913
"Condo for sale",599000,1,1,2184.207862,"New York, NY 10029","158 E 100th St Apt 2RNew York, NY 10029","New York County","New York","158 E 100th St #2r, New York, NY 10029, USA",40.7879956,-73.9485879,274.24129837694
"Multi-family home for sale",1169900,6,4,2310,"Corona, NY 11368","102-33 46th AveCorona, NY 11368","New York","Queens County","102-33 46th Ave, Flushing, NY 11368, USA",40.7462943,-73.8609962,506.450216450216
"House for sale",2795000,6,6,3600,"Brooklyn, NY 11217","14 St Marks PlBrooklyn, NY 11217","New York","Kings County","14 St Marks Pl, Brooklyn, NY 11217, USA",40.6824096,-73.9820791,776.388888888889
"House for sale",6250000,4,2,4500,"New York, NY 10010","26 E 22nd St # 2/3New York, NY 10010","New York","New York County","26 E 22nd St, New York, NY 10010, USA",40.739891,-73.9882646,1388.88888888889
"Multi-family home for sale",2099000,3,6,3520,"Brooklyn, NY 11204","1771 66th StBrooklyn, NY 11204","New York","Kings County","1771 66th St, Brooklyn, NY 11204, USA",40.6190481,-73.9912327,596.306818181818
"Co-op for sale",339000,1,1,2184.207862,"Forest Hills, NY 11375","77-35 113th St Unit 5BForest Hills, NY 11375","Queens County","Queens","77-35 113th St #5b, Forest Hills, NY 11375, USA",40.7162869,-73.8314446,155.2050085973
"Co-op for sale",255000,1,1,2184.207862,"Flushing, NY 11367","68-05 138th St Unit 1CFlushing, NY 11367","Queens County","Queens","68-5 138th St #1c, Flushing, NY 11367, USA",40.7315119,-73.8286528,116.747130360801
"Co-op for sale",140000,3,1,2184.207862,"Jamaica, NY 11432","164-20 Highland Ave Unit 5SJamaica, NY 11432","Queens County","Queens","164-20 Highland Ave #5b, Jamaica, NY 11432, USA",40.7101573,-73.7988498,64.0964637274985
"Co-op for sale",240000,3,1,500,"Forest Hills, NY 11375","70-25 Yellowstone Blvd Unit 7BForest Hills, NY 11375","Queens County","Queens","70-25 Yellowstone Blvd #7b, Queens, NY 11375, USA",40.7223221,-73.8493655,480
"Co-op for sale",1775000,2,2,2184.207862,"Manhattan, NY 10023","261 W 71st St Apt 1Manhattan, NY 10023","New York County","New York","261 W 71st St Apt 1, New York, NY 10023, USA",40.7787812,-73.9837783,812.651593687927
"Co-op for sale",1195000,2,2,650,"New York, NY 10016","241 E 31st St # 2New York, NY 10016","New York County","New York","241 E 31st St # 2, New York, NY 10016, USA",40.7435603,-73.9784968,1838.46153846154
"House for sale",699000,3,2,2040,"Bronx, NY 10472","1045 Wheeler AveBronx, NY 10472","New York","Bronx County","1045 Wheeler Ave, Bronx, NY 10472, USA",40.8247339,-73.8794549,342.647058823529
"Co-op for sale",4150000,2,2,2184.207862,"New York, NY 10065","875 Fifth Ave # 12BNew York, NY 10065","New York County","New York","875 5th Ave #12b, New York, NY 10065, USA",40.7701916,-73.9682413,1900.00231763656
"Multi-family home for sale",1398000,9,6,4440,"Brooklyn, NY 11220","255 Senator StBrooklyn, NY 11220","New York","Kings County","255 Senator St, Brooklyn, NY 11220, USA",40.6376945,-74.0263049,314.864864864865
"Co-op for sale",299000,3,1,650,"Flushing, NY 11355","42-55 Colden St Unit 12KFlushing, NY 11355","Queens County","Queens","42-55 Colden St #12k, Flushing, NY 11355, USA",40.7533589,-73.8250479,460
"Condo for sale",450888,1,1,2184.207862,"Rego Park, NY 11374","63-60 102nd St Unit B14Rego Park, NY 11374","Queens County","Queens","6360 102nd St APT B14, Flushing, NY 11374, USA",40.7319691,-73.8541569,206.430902408317
"Co-op for sale",298000,1,1,790,"Brooklyn, NY 11235","2620 Ocean Pkwy Apt 6LBrooklyn, NY 11235","Kings County","Brooklyn","2620 Ocean Pkwy #6l, Brooklyn, NY 11235, USA",40.5860215,-73.9668364,377.215189873418
"Co-op for sale",230000,1,1,2184.207862,"Brooklyn, NY 11230","1360 Ocean Ave Apt 2LBrooklyn, NY 11230","New York","Kings County","1360 Ocean Ave #2l, Brooklyn, NY 11230, USA",40.6291705,-73.9575654,105.301333266605
"Condo for sale",748000,2,2,713,"Flushing, NY 11355","41-62 Bowne St Unit 3DFlushing, NY 11355","Queens County","Queens","41-62 Bowne St #3d, Flushing, NY 11355, USA",40.7576255,-73.8231097,1049.08835904628
"Co-op for sale",15500000,4,6,2184.207862,"New York, NY 10128","1185 Park Ave # 16 & 17FNew York, NY 10128","New York","New York County","1617 Park Ave, New York, NY 10029, USA",40.7985635,-73.943597,7096.39419840162
"Townhouse for sale",6850000,4,4,2184.207862,"New York, NY 10021","173 E 70th StNew York, NY 10021","New York","New York County","173 E 70th St, New York, NY 10021, USA",40.7688879,-73.962056,3136.14840380975
"House for sale",735000,3,2,2350,"Bronx, NY 10465","3271 Hatting PlBronx, NY 10465","New York","Bronx County","3271 Hatting Pl, Bronx, NY 10465, USA",40.8170494,-73.802331,312.765957446808
"Co-op for sale",229999,1,1,2184.207862,"Little Neck, NY 11362","54-44 Little Neck Pkwy Unit 1CLittle Neck, NY 11362","Queens County","Queens","5444 Little Neck Pkwy Apt 1n, Little Neck, NY 11362, USA",40.7670999,-73.7274399,105.300875434721
"Co-op for sale",385000,1,1,2184.207862,"New York, NY 10033","870 W 181st St Apt 4New York, NY 10033","New York County","New York","870 W 181st St Apt 4, New York, NY 10033, USA",40.8512338,-73.9412096,176.265275250621
"Co-op for sale",458000,2,1,2184.207862,"Jackson Heights, NY 11372","35-21 81st St Unit 1CJackson Heights, NY 11372","Queens County","Queens","35-21 81st St #1c, Flushing, NY 11372, USA",40.750966,-73.885177,209.687002765674
"Co-op for sale",3750000,2,2,2300,"New York, NY 10012","45 Crosby St Apt 4SNew York, NY 10012","New York County","New York","45 Crosby St #4s, New York, NY 10012, USA",40.7218174,-73.9985808,1630.4347826087
"Co-op for sale",3100000,2,2,2184.207862,"New York, NY 10024","262 Central Park W Unit 14DNew York, NY 10024","New York County","New York","262 Central Park W #14d, New York, NY 10024, USA",40.7857788,-73.9693433,1419.27883968032
"Co-op for sale",595000,3,1,2184.207862,"Manhattan, NY 10021","19 E 73rd St Unit MedicalManhattan, NY 10021","New York","New York County","19 E 73rd St, New York, NY 10021, USA",40.7728688,-73.9653065,272.409970841869
"Co-op for sale",470000,2,1,2184.207862,"Queens, NY 11106","33-64 21st St Apt 5DQueens, NY 11106","Queens County","Queens","33-64 21st St #5b, Long Island City, NY 11106, USA",40.7633448,-73.9346195,215.180985370888
"House for sale",399999,2,1,1056,"Staten Island, NY 10310","123 Roe StStaten Island, NY 10310","New York","Richmond County","123 Roe St, Staten Island, NY 10310, USA",40.6309242,-74.1212547,378.786931818182
"House for sale",599000,4,2,1665,"Bronx, NY 10470","740 E 242nd StBronx, NY 10470","New York","Bronx County","740 E 242nd St, Bronx, NY 10470, USA",40.9052119,-73.8481704,359.75975975976
"Condo for sale",18950000,4,4,5075,"Manhattan, NY 10013","27 Wooster St Unit 7AManhattan, NY 10013","New York County","New York","27 Wooster St #7a, New York, NY 10013, USA",40.7219635,-74.0033414,3733.99014778325
"Condo for sale",2300000,2,2,1035,"New York, NY 10023","108 W 75th St Apt 3New York, NY 10023","New York County","New York","108 W 75th St Apartment 3, New York, NY 10023, USA",40.779437,-73.97814,2222.22222222222
"Co-op for sale",420000,1,1,2184.207862,"Manhattan, NY 10010","311 E 25th St Apt 6GManhattan, NY 10010","New York County","New York","311 E 25th St #6b, New York, NY 10010, USA",40.7389643,-73.9791144,192.289391182495
"Multi-family home for sale",1459000,5,4,3500,"Staten Island, NY 10309","11 Torrice LoopStaten Island, NY 10309","New York","Richmond County","11 Torrice Lp, Staten Island, NY 10309, USA",40.521212,-74.230732,416.857142857143
"Pending",1150000,2,2,2184.207862,"New York, NY 10016","67 Park Ave # 9BNew York, NY 10016","New York County","New York","67 Park Ave #9b, New York, NY 10016, USA",40.74958,-73.9790355,526.506666333023
"Pending",299000,2,1,2184.207862,"Howard Beach, NY 11414","155-21 86 St Unit 3Howard Beach, NY 11414","Queens County","Queens","155- 21 86th St #3, Howard Beach, NY 11414, USA",40.6642386,-73.8477653,136.891733246586
"Co-op for sale",499000,1,1,2184.207862,"New York City, NY 10002","575 Grand St Apt E203New York City, NY 10002","New York","New York County","575 Grand St, New York, NY 10002, USA",40.7135079,-73.9794056,228.458110000155
"Condo for sale",510000,2,2,972,"Bronx, NY 10473","112 Sunset Blvd Unit 11112Bronx, NY 10473","New York","Bronx County","112 Sunset Blvd, Bronx, NY 10473, USA",40.806756,-73.853097,524.691358024691
"Condo for sale",825000,2,2,1001,"New York, NY 10039","234 W 148th St Apt 6ANew York, NY 10039","New York County","New York","234 W 148th St #6a, New York, NY 10039, USA",40.8241865,-73.939702,824.175824175824
"House for sale",1150000,3,2,1352,"Bronx, NY 10468","84 W 197th StBronx, NY 10468","New York","Bronx County","84 W 197th St, Bronx, NY 10468, USA",40.871637,-73.8984353,850.591715976331
"Condo for sale",6895000,2,2,2114,"New York, NY 10019","217 W 57th St Apt 35FNew York, NY 10019","New York County","New York","217 W 57th St #35a, New York, NY 10019, USA",40.7663935,-73.9809909,3261.58940397351
"Co-op for sale",165000,1,1,750,"Bronx, NY 10471","5614 Netherland Ave Apt 4BBronx, NY 10471","Bronx County","The Bronx","5614 Netherland Ave #4b, Bronx, NY 10471, USA",40.9047804,-73.9057444,220
"House for sale",874900,3,4,1500,"Staten Island, NY 10314","42 Greenway AveStaten Island, NY 10314","New York","Richmond County","42 Greenway Ave, Staten Island, NY 10314, USA",40.5891334,-74.1468153,583.266666666667
"Multi-family home for sale",1499999,8,6,2184.207862,"Brooklyn, NY 11237","191 Wyckoff AveBrooklyn, NY 11237","New York","Kings County","191 Wyckoff Ave, Brooklyn, NY 11237, USA",40.7028149,-73.9165356,686.747367819886
"Pending",495000,2,2,1100,"Brooklyn, NY 11209","9967 Shore Rd Apt 7EBrooklyn, NY 11209","Kings County","Brooklyn","9967 Shore Rd #7e, Brooklyn, NY 11209, USA",40.6123382,-74.0356075,450
"Co-op for sale",245000,1,1,863,"Bronx, NY 10467","3245 Perry Ave Apt 6CBronx, NY 10467","Bronx County","The Bronx","3245 Perry Ave #6c, Bronx, NY 10467, USA",40.8758111,-73.8765929,283.893395133256
"Condo for sale",565000,1,1,804,"Brooklyn, NY 11223","1721 W 6th St Apt 4BBrooklyn, NY 11223","Kings County","Brooklyn","1721 W 6th St #4b, Brooklyn, NY 11223, USA",40.6053887,-73.9787595,702.73631840796
"Co-op for sale",1950000,3,2,1265,"Manhattan, NY 10029","1270 Fifth Ave Unit 2TManhattan, NY 10029","New York County","New York","1270 5th Ave Apt 2s, New York, NY 10029, USA",40.7957847,-73.9498024,1541.50197628458
"Multi-family home for sale",699000,2,3,2184.207862,"Crown Heights, NY 11213","1735 Pacific StCrown Heights, NY 11213","New York","Kings County","1735 Pacific St, Brooklyn, NY 11213, USA",40.6769065,-73.9327329,320.024486753724
"Co-op for sale",1200000,1,1,1120,"New York, NY 10038","274 Water St Apt 1FNew York, NY 10038","New York County","New York","274 Water St #1f, New York, NY 10038, USA",40.7088594,-74.001287,1071.42857142857
"House for sale",1425000,5,4,2184.207862,"Flushing, NY 11367","138-51 63rd AveFlushing, NY 11367","New York","Queens County","138-51 63rd Ave, Flushing, NY 11367, USA",40.7399679,-73.826261,652.410434369181
"Multi-family home for sale",1595000,9,6,4420,"Stuyvesant Heights, NY 11233","1040 Herkimer StStuyvesant Heights, NY 11233","New York","Kings County","1040 Herkimer St, Brooklyn, NY 11233, USA",40.6777679,-73.9189779,360.859728506787
"Multi-family home for sale",1495000,3,6,5148,"Brooklyn, NY 11204","2024 Bay Ridge AveBrooklyn, NY 11204","New York","Kings County","2024 Bay Ridge Ave, Brooklyn, NY 11204, USA",40.6137576,-73.9878002,290.40404040404
"Multi-family home for sale",2375000,4,4,2184.207862,"Brooklyn, NY 11218","679 18th StBrooklyn, NY 11218","New York","Kings County","679 18th St, Brooklyn, NY 11218, USA",40.6537775,-73.9770686,1087.35072394863
"House for sale",1248000,4,2,2450,"Brooklyn, NY 11229","3007 Avenue SBrooklyn, NY 11229","United States","New York","3007 Ave. S, Brooklyn, NY 11229, USA",40.6056129,-73.9396751,509.387755102041
"Co-op for sale",399000,1,1,675,"New York, NY 10040","4489 Broadway Apt 5BNew York, NY 10040","New York County","New York","4489 Broadway #5b, New York, NY 10040, USA",40.8581217,-73.9322431,591.111111111111
"Co-op for sale",4895000,4,2,3594,"New York, NY 10003","35 E 12th St Unit 2ABNew York, NY 10003","New York County","New York","35 E 12th St #2a, New York, NY 10003, USA",40.7338734,-73.9921219,1361.99220923762
"Co-op for sale",12500000,5,2.37386085796844,2184.207862,"New York, NY 10028","925 Park Ave # 3 & 4ANew York, NY 10028","New York County","New York","925 Park Ave #4, New York, NY 10028, USA",40.7762654,-73.9595399,5722.89854709808
"Co-op for sale",475000,3,1,2184.207862,"Manhattan, NY 10021","535 E 72nd St Apt 5BManhattan, NY 10021","New York County","New York","535 E 72nd St #5b, New York, NY 10021, USA",40.7662222,-73.9516342,217.470144789727
"Co-op for sale",11175000,4,6,3841,"New York, NY 10128","1228 Madison Ave Apt 10New York, NY 10128","New York County","New York","1228 Madison Ave #10, New York, NY 10128, USA",40.7825765,-73.9578338,2909.39859411612
"Pending",1295000,1,1,2184.207862,"New York, NY 10023","55 Central Park W Apt 12BNew York, NY 10023","New York County","New York","55 Central Park W #12b, New York, NY 10023, USA",40.7722757,-73.979081,592.892289479361
"Co-op for sale",825000,2,2,2184.207862,"New York, NY 10019","150 W 55th St # 6CNew York, NY 10019","New York County","New York","150 W 55th St #6c, New York, NY 10019, USA",40.7636334,-73.9803004,377.711304108473
"Multi-family home for sale",1849000,6,3,3001,"Brooklyn, NY 11215","219 16th StBrooklyn, NY 11215","New York","Kings County","219 16th St, Brooklyn, NY 11215, USA",40.6648195,-73.9891783,616.127957347551
"Co-op for sale",699000,1,1,700,"New York, NY 10023","12 W 72nd St Apt 7HNew York, NY 10023","New York County","New York","12 W 72nd St #7h, New York, NY 10023, USA",40.776434,-73.9771489,998.571428571429
"Pending",420000,1,1,2184.207862,"Manhattan, NY 10065","18 E 63rd St Apt 9Manhattan, NY 10065","New York County","New York","18 E 63rd St Apt 9, New York, NY 10065, USA",40.7661564,-73.9700846,192.289391182495
"Condo for sale",320000,2,1,802,"Bronx, NY 10462","1705 Purdy St Apt 9GBronx, NY 10462","Bronx County","The Bronx","1705 Purdy St #9g, Bronx, NY 10462, USA",40.840912,-73.8545918,399.002493765586
"Co-op for sale",525000,1,1,2184.207862,"Manhattan, NY 10065","1160 3rd Ave Apt 3DManhattan, NY 10065","New York County","New York","1160 3rd Ave #3d, New York, NY 10065, USA",40.7670221,-73.9628426,240.361738978119
"Land for sale",1100000,3,2.37386085796844,2184.207862,"Corona, NY 11368","112-08 39th AveCorona, NY 11368","New York","Queens County","11208 39th Ave, Flushing, NY 11368, USA",40.7526719,-73.854675,503.615072144631
"Co-op for sale",650000,2,2,2184.207862,"Manhattan, NY 10022","435 E 57th St Apt 11CManhattan, NY 10022","New York County","New York","435 E 57th St Apt 11a, New York, NY 10022, USA",40.7581185,-73.9620574,297.5907244491
"Co-op for sale",1650000,1,1,2184.207862,"New York, NY 10075","170 E 78th St Apt 3CNew York, NY 10075","New York County","New York","170 E 78th St #3c, New York, NY 10075, USA",40.7737439,-73.9586221,755.422608216946
"Co-op for sale",1425000,2,2,2184.207862,"New York, NY 10075","340 E 80th St Apt 17DNew York, NY 10075","New York County","New York","340 E 80th St #17d, New York, NY 10075, USA",40.7730858,-73.9528703,652.410434369181
"Condo for sale",418000,1,1,684,"College Point, NY 11356","120-17 Cove Ct Unit 91BCollege Point, NY 11356","Queens County","Queens","120-17 Cove Ct #91, College Point, NY 11356, USA",40.7946644,-73.8473931,611.111111111111
"Multi-family home for sale",1399000,8,6,3448,"Brooklyn, NY 11234","1238 E 72nd StBrooklyn, NY 11234","New York","Kings County","1238 E 72nd St, Brooklyn, NY 11234, USA",40.6255774,-73.913355,405.742459396752
"House for sale",339000,2,1,700,"Staten Island, NY 10306","31 Center PlStaten Island, NY 10306","New York","Richmond County","31 Center Pl, Staten Island, NY 10306, USA",40.5633004,-74.1004012,484.285714285714
"Pending",599900,6,4,2184.207862,"Staten Island, NY 10301","268 Westervelt AveStaten Island, NY 10301","New York","Richmond County","268 Westervelt Ave, Staten Island, NY 10301, USA",40.6412495,-74.083228,274.653347072331
"Co-op for sale",4e+05,1,1,2184.207862,"Queens, NY 11106","21-55 34th Ave Apt 15BQueens, NY 11106","Queens County","Queens","21-55 34th Ave #15b, Astoria, NY 11106, USA",40.762146,-73.9318948,183.132753507138
"House for sale",699000,3,1,4000,"Saint Albans, NY 11412","188-28 114th DrSaint Albans, NY 11412","New York","Queens County","188-28 114th Dr, Jamaica, NY 11412, USA",40.6969277,-73.7655056,174.75
"Condo for sale",1325000,2,2,2184.207862,"New York, NY 10019","40 W 55th St Apt 8DNew York, NY 10019","New York County","New York","40 W 55th St #8d, New York, NY 10019, USA",40.7622732,-73.9767193,606.627245992396
"Condo for sale",1750000,6,3,3364,"Brooklyn, NY 11225","1184 Nostrand AveBrooklyn, NY 11225","New York","Kings County","1184 Nostrand Ave., Brooklyn, NY 11225, USA",40.6585715,-73.9507462,520.214030915577
"Multi-family home for sale",2100000,3,3,2000,"Brooklyn, NY 11231","155 W 9th StBrooklyn, NY 11231","New York","Kings County","155 W 9th St, Brooklyn, NY 11231, USA",40.6756187,-74.0002793,1050
"Co-op for sale",205900,1,1,750,"Kew Gardens, NY 11415","125-10 Queens Blvd Unit 821Kew Gardens, NY 11415","Queens County","The Bronx","125 Queens Blvd # 10, Bronx, NY 10452, USA",40.7119297,-73.826361,274.533333333333
"Co-op for sale",265000,1,1,765,"Brooklyn, NY 11230","1250 Ocean Pkwy Apt 2CBrooklyn, NY 11230","Kings County","Brooklyn","1250 Ocean Pkwy #2c, Brooklyn, NY 11230, USA",40.6180698,-73.9699744,346.40522875817
"Co-op for sale",169999,1,1,2184.207862,"Howard Beach, NY 11414","153-25 88th St Unit 2FHoward Beach, NY 11414","Queens County","Queens","153-25 88th St #2f, Howard Beach, NY 11414, USA",40.6661012,-73.8471882,77.8309624086501
"House for sale",775000,3,1,1696,"Bronx, NY 10465","1217 Fairfax AveBronx, NY 10465","New York","Bronx County","1217 Fairfax Ave, Bronx, NY 10465, USA",40.8377397,-73.8241472,456.957547169811
"House for sale",685000,4,2,2269,"Staten Island, NY 10314","263 Richmond Hill RdStaten Island, NY 10314","New York","Richmond County","263 Richmond Hill Rd, Staten Island, NY 10314, USA",40.5849183,-74.1599388,301.895107977082
"Multi-family home for sale",1245000,7,6,2184.207862,"East Elmhurst, NY 11369","32-13 112th StEast Elmhurst, NY 11369","New York","Queens County","32-13 112th St, East Elmhurst, NY 11369, USA",40.7591289,-73.8579008,570.000695290969
"Co-op for sale",795000,1,1,2184.207862,"New York, NY 10021","363 E 76th St Apt 14MNew York, NY 10021","New York County","New York","363 E 76th St #14b, New York, NY 10021, USA",40.7707242,-73.9542132,363.976347595438
"Co-op for sale",399000,2,1,960,"Brooklyn, NY 11224","464 Neptune Ave Apt 2CBrooklyn, NY 11224","Kings County","Brooklyn","464 Neptune Ave #2c, Brooklyn, NY 11224, USA",40.5792324,-73.9713245,415.625
"Multi-family home for sale",1990000,6,5,2150,"Bayside, NY 11361","204-18 46 AveBayside, NY 11361","New York","Queens County","204-18 46th Ave, Bayside, NY 11361, USA",40.7557556,-73.7774071,925.581395348837
"Co-op for sale",529000,2,1,2184.207862,"Manhattan, NY 10040","100 Overlook Terrace Ter Unit 312Manhattan, NY 10040","New York County","New York","100 Overlook Terrace Apt 312, New York, NY 10040, USA",40.8558902,-73.9351781,242.193066513191
"Co-op for sale",7500000,6,6,4200,"New York, NY 10028","1045 Park Ave # 10ABNew York, NY 10028","New York County","New York","1045 Park Ave #10a, New York, NY 10028, USA",40.7802712,-73.9567847,1785.71428571429
"Co-op for sale",595000,1,1,2184.207862,"New York, NY 10033","160 Cabrini Blvd Apt 73New York, NY 10033","New York County","New York","160 Cabrini Blvd Apt 73, New York, NY 10033, USA",40.8540347,-73.9393276,272.409970841869
"Co-op for sale",525000,3,2,2184.207862,"Brooklyn, NY 11224","458 Neptune Ave Apt 3RBrooklyn, NY 11224","Kings County","Brooklyn","458 Neptune Ave #3r, Brooklyn, NY 11224, USA",40.5794182,-73.9709078,240.361738978119
"Co-op for sale",479000,2,1,1100,"Brooklyn, NY 11224","2932 W 5th St Apt 17CBrooklyn, NY 11224","Kings County","Brooklyn","2932 W 5th St #17c, Brooklyn, NY 11224, USA",40.5778092,-73.9728288,435.454545454545
"Co-op for sale",4995000,4,4,5500,"Manhattan, NY 10022","485 Park Avenue Ave Unit 11FLRManhattan, NY 10022","New York","New York County","485 Park Ave, New York, NY 10022, USA",40.7622996,-73.9698344,908.181818181818
"Co-op for sale",460000,2,1,2184.207862,"Manhattan, NY 10025","151 W 106th St Apt 5BManhattan, NY 10025","New York County","New York","151 W 106th St #5b, New York, NY 10025, USA",40.8002612,-73.9648347,210.602666533209
"House for sale",1200000,4,2,2184.207862,"Bayside, NY 11361","46-36 206 StBayside, NY 11361","New York","Queens County","46-36 206th St, Flushing, NY 11361, USA",40.75515,-73.7757869,549.398260521416
"Condo for sale",5950000,2,2,1853,"New York, NY 10014","173 Perry St # 8NNew York, NY 10014","New York County","New York","173 Perry St #8b, New York, NY 10014, USA",40.7347565,-74.0097145,3211.00917431193
"Condo for sale",599000,1,1,626,"Manhattan, NY 10029","333 E 109th St Apt 2AManhattan, NY 10029","New York County","New York","333 E 109th St #2a, New York, NY 10029, USA",40.7920582,-73.9393346,956.869009584665
"Co-op for sale",350000,3,1,2184.207862,"Manhattan, NY 10017","155 E 49th St Unit 5FManhattan, NY 10017","New York County","New York","155 E 49th St #5b, New York, NY 10017, USA",40.7556998,-73.9717539,160.241159318746
"Condo for sale",420000,1,1,668,"Brooklyn, NY 11235","120 Ocean View Ave Unit 2CBrooklyn, NY 11235","Kings County","Brooklyn","120 Ocean View Ave #2c, Brooklyn, NY 11235, USA",40.5783101,-73.9670934,628.74251497006
"Contingent",2400000,3,2.37386085796844,3248,"Brooklyn, NY 11213","891 Montgomery StBrooklyn, NY 11213","New York","Kings County","891 Montgomery St, Brooklyn, NY 11213, USA",40.6647715,-73.9353047,738.916256157635
"Co-op for sale",2199000,2,2,1770,"New York, NY 10024","565 W End Ave Apt 11DNew York, NY 10024","New York County","New York","565 West End Ave #11d, New York, NY 10024, USA",40.7899034,-73.9774703,1242.37288135593
"Co-op for sale",595000,1,1,700,"Manhattan, NY 10022","425 E 51st St Apt 2GManhattan, NY 10022","New York County","New York","425 E 51st St #2b, New York, NY 10022, USA",40.754338,-73.964711,850
"Co-op for sale",249000,2,1,1000,"Brooklyn, NY 11235","2465 Haring St Apt 4DBrooklyn, NY 11235","Kings County","Brooklyn","2465 Haring St #4d, Brooklyn, NY 11235, USA",40.5926635,-73.9388739,249
"Condo for sale",1.1e+07,4,4,3452,"Manhattan, NY 10011","177 9th Ave Ph AManhattan, NY 10011","New York","New York County","177 9th Ave, New York, NY 10011, USA",40.7450569,-74.0027927,3186.55851680185
"Co-op for sale",585000,1,1,2184.207862,"New York, NY 10040","900 W 190th St Apt 14SNew York, NY 10040","New York County","New York","900 W 190th St #14d, New York, NY 10040, USA",40.8570262,-73.9361002,267.83165200419
"Multi-family home for sale",1180000,8,4,3321,"Bronx, NY 10472","1246 Stratford AveBronx, NY 10472","New York","Bronx County","1246 Stratford Ave, Bronx, NY 10472, USA",40.8307543,-73.8757325,355.314664257754
"Condo for sale",779000,1,1,638,"Manhattan, NY 10016","250 E 30th St Apt 6BManhattan, NY 10016","New York County","New York","250 E 30th St #6b, New York, NY 10016, USA",40.7422824,-73.9781111,1221.00313479624
"Multi-family home for sale",1850000,12,7,4719,"Brooklyn, NY 11220","715 55th StBrooklyn, NY 11220","New York","Kings County","715 55th St, Brooklyn, NY 11220, USA",40.6395826,-74.0081915,392.032210214028
"Condo for sale",9975000,3,3,2241,"New York, NY 10023","15 Central Park W Apt 16GNew York, NY 10023","New York","Manhattan","15 Central Park West, 15 Central Park W #16g, New York, NY 10023, USA",40.7697189,-73.9810746,4451.13788487282
"Townhouse for sale",925000,3,2,1875,"Fresh Meadows, NY 11365","69-33 169 StFresh Meadows, NY 11365","New York","Queens County","69-33 169th St, Flushing, NY 11365, USA",40.7318932,-73.8001903,493.333333333333
"Pending",360000,1,1,2184.207862,"Manhattan, NY 10075","425 E 78th St Apt 1CManhattan, NY 10075","New York County","New York","425 E 78th St #1c, New York, NY 10075, USA",40.7711911,-73.9516646,164.819478156425
"Co-op for sale",2750000,2,2,2184.207862,"Manhattan, NY 10019","200 Central Park S Apt 20JManhattan, NY 10019","New York County","New York","200 Central Park S #20j, New York, NY 10019, USA",40.7666667,-73.9797008,1259.03768036158
"Co-op for sale",1450000,4,2,2184.207862,"Manhattan, NY 10016","135 E 39th St Unit 1CDManhattan, NY 10016","New York County","New York","135 E 39th St #1c, New York, NY 10016, USA",40.7494389,-73.9768133,663.856231463377
"Townhouse for sale",3400000,5,4,4852,"New York, NY 10030","218 W 139th St Unit ThNew York, NY 10030","New York","New York County","218 W 139th St, New York, NY 10030, USA",40.8180997,-73.9429051,700.741962077494
"Co-op for sale",329000,2,1,2184.207862,"Bayside, NY 11360","23-55 Bell Blvd Unit 4DBayside, NY 11360","Queens County","Queens","23-55 Bell Blvd #4d, Bayside, NY 11360, USA",40.7807824,-73.7743544,150.626689759621
"House for sale",699000,3,2,1008,"Staten Island, NY 10303","402 Grandview AveStaten Island, NY 10303","New York","Richmond County","402 Grandview Ave, Staten Island, NY 10303, USA",40.6306551,-74.1655807,693.452380952381
"Multi-family home for sale",1075000,7,3,2184.207862,"Brooklyn, NY 11207","198 Cooper StBrooklyn, NY 11207","New York","Kings County","198 Cooper St, Brooklyn, NY 11207, USA",40.6888948,-73.9059091,492.169275050435
"Multi-family home for sale",790000,4,3,1784,"Bronx, NY 10461","1845 Tomlinson AveBronx, NY 10461","New York","Bronx County","1845 Tomlinson Ave, Bronx, NY 10461, USA",40.8510197,-73.8533944,442.825112107623
"Condo for sale",7750000,5,6,3701,"Brooklyn, NY 11201","50 Bridge Park Dr Unit 17AEBrooklyn, NY 11201","Kings County","Brooklyn","50 Bridge Park Dr #17a, Brooklyn Heights, NY 11201, USA",40.692916,-74.0008815,2094.02864090786
"Co-op for sale",3375000,3,3,2184.207862,"New York, NY 10029","1165 Fifth Ave # 8CNew York, NY 10029","New York County","New York","1165 5th Ave #8c, New York, NY 10029, USA",40.7888952,-73.9545865,1545.18260771648
"House for sale",1175000,3,2.37386085796844,2184.207862,"Brooklyn, NY 11235","3028 Brighton 7th StBrooklyn, NY 11235","New York","Kings County","3028 Brighton 7th St., Brooklyn, NY 11235, USA",40.5790606,-73.9612505,537.952463427219
"Co-op for sale",3150000,4,3,2184.207862,"New York, NY 10024","101 W 81st St # 615/616New York, NY 10024","New York","New York County","101 W 81st St, New York, NY 10024, USA",40.7835147,-73.9748183,1442.17043386872
"Co-op for sale",1.5e+07,4,6,2184.207862,"Manhattan, NY 10065","820 Fifth Ave Unit MaisonetteManhattan, NY 10065","New York","New York County","820 5th Ave, New York, NY 10065, USA",40.7668419,-73.9707457,6867.47825651769
"Co-op for sale",3150000,4,4,2184.207862,"New York, NY 10065","870 Fifth Ave Unit 4HNew York, NY 10065","New York County","New York","870 5th Ave #4h, New York, NY 10065, USA",40.7699404,-73.9686033,1442.17043386872
"Pending",825000,2,1,2184.207862,"Jackson Heights, NY 11372","33-11 73rd StJackson Heights, NY 11372","New York","Queens County","33-11 73rd St, Flushing, NY 11372, USA",40.7542784,-73.8933876,377.711304108473
"House for sale",899000,2,2,1056,"Brooklyn, NY 11228","1595 Independence AveBrooklyn, NY 11228","New York","Kings County","1595 Independence Ave, Brooklyn, NY 11228, USA",40.603279,-74.014377,851.325757575758
"Condo for sale",795000,1,1,860,"Manhattan, NY 10065","350 E 62nd St Apt 3BManhattan, NY 10065","New York County","New York","350 E 62nd St #3b, New York, NY 10065, USA",40.7614804,-73.9610613,924.418604651163
"Co-op for sale",275000,1,1,880,"Brooklyn, NY 11230","275 Webster Ave Apt 5ABrooklyn, NY 11230","Kings County","Brooklyn","275 Webster Ave #5a, Brooklyn, NY 11230, USA",40.6329634,-73.9709274,312.5
"Multi-family home for sale",775000,6,2,2910,"Bronx, NY 10462","1989 Cruger AveBronx, NY 10462","New York","Bronx County","1989 Cruger Ave, Bronx, NY 10462, USA",40.8501271,-73.8669885,266.323024054983
"House for sale",2150000,2,2,2184.207862,"New York, NY 10016","300 E 40th St Apt 28BNew York, NY 10016","New York County","New York","300 E 40th St #28b, New York, NY 10016, USA",40.7479844,-73.9728389,984.338550100869
"House for sale",899000,3,1,2184.207862,"Woodside, NY 11377","32-50 53 PlWoodside, NY 11377","New York","Queens County","32-50 53rd Pl, Woodside, NY 11377, USA",40.7543613,-73.9077947,411.590863507294
"House for sale",699000,5,4,1838,"Bronx, NY 10458","2845 Decatur AveBronx, NY 10458","New York","Bronx County","2845 Decatur Ave, Bronx, NY 10458, USA",40.8677282,-73.8849595,380.304678998912
"Multi-family home for sale",904000,4,3,2184.207862,"Fresh Meadows, NY 11366","158-20 77 AveFresh Meadows, NY 11366","New York","Queens County","158-20 77th Ave, Flushing, NY 11366, USA",40.7236308,-73.8094885,413.880022926133
"House for sale",669000,3,1,2184.207862,"Woodhaven, NY 11421","91-09 95th StWoodhaven, NY 11421","New York","Queens County","91-09 95th St, Jamaica, NY 11421, USA",40.6899622,-73.8484421,306.289530240689
"Co-op for sale",279000,1,1,2184.207862,"Rego Park, NY 11374","99-05 63rd Dr Unit 14URego Park, NY 11374","Queens County","Queens","9905 63rd Dr Apt 14f, Rego Park, NY 11374, USA",40.7312899,-73.85773,127.735095571229
"Co-op for sale",330000,1,1,656,"Bayside, NY 11360","17-85 215th St Unit 6KBayside, NY 11360","Queens County","Queens","17-85 215th St #6k, Flushing, NY 11360, USA",40.7843012,-73.7761962,503.048780487805
"Co-op for sale",399000,3,1,2184.207862,"New York, NY 10021","220 E 73rd St Unit 8GNew York, NY 10021","New York County","New York","220 E 73rd St #8g, New York, NY 10021, USA",40.7697297,-73.9590126,182.674921623371
"Co-op for sale",740000,2,1,2184.207862,"New York, NY 10024","609 Columbus Ave Apt 18DNew York, NY 10024","New York County","New York","609 Columbus Ave #18d, New York, NY 10024, USA",40.7887084,-73.9700091,338.795593988206
"House for sale",590000,5,3,1152,"Far Rockaway, NY 11691","665 Nasby PlFar Rockaway, NY 11691","New York","Queens County","665 Nasby Pl, Far Rockaway, NY 11691, USA",40.6019328,-73.7587155,512.152777777778
"House for sale",1250000,3,2,2049,"Brooklyn, NY 11203","134 E 35th StBrooklyn, NY 11203","New York","Kings County","134 E 35th St, Brooklyn, NY 11203, USA",40.6520971,-73.9451094,610.053684724256
"Co-op for sale",975000,2,2,1270,"Manhattan, NY 10032","158-18 Riverside Dr W Unit 2EManhattan, NY 10032","New York County","New York","158-18 Riverside Dr W #2F, New York, NY 10032, USA",40.8370331,-73.9477948,767.716535433071
"Condo for sale",849000,3,2,2184.207862,"New York, NY 10023","8 W 65th St Apt 1BNew York, NY 10023","New York County","New York","8 W 65th St #1b, New York, NY 10023, USA",40.7719831,-73.9802428,388.699269318901
"House for sale",1699000,3,2,2200,"Brooklyn, NY 11238","93 Lexington Ave # 4Brooklyn, NY 11238","New York","Kings County","93 Lexington Ave, Brooklyn, NY 11238, USA",40.6870728,-73.9584649,772.272727272727
"Co-op for sale",1195000,2,2,2184.207862,"New York, NY 10028","444 E 84th St # 3GHNew York, NY 10028","New York County","New York","444 E 84th St #3g, New York, NY 10028, USA",40.77475,-73.9488864,547.109101102576
"Co-op for sale",190000,3,1,500,"Jamaica, NY 11432","175-20 Wexford Ter Unit 8WJamaica, NY 11432","Queens County","Queens","17520 Wexford Terrace Apt 8a, Jamaica, NY 11432, USA",40.7122499,-73.78851,380
"Co-op for sale",405000,3,1,550,"New York, NY 10028","345 E 81st St Apt 2HNew York, NY 10028","New York County","New York","345 E 81st St #2h, New York, NY 10028, USA",40.7740666,-73.9522989,736.363636363636
"Co-op for sale",169500,1,1,2184.207862,"Bronx, NY 10462","2080-2090 Barnes Ave Unit 5DBronx, NY 10462","Bronx County","The Bronx","2080 Barnes Ave #2090, Bronx, NY 10462, USA",40.8531021,-73.8636237,77.6025042986499
"House for sale",738280,3,2.37386085796844,1302,"Springfield Gardens, NY 11413","224-20 145th RdSpringfield Gardens, NY 11413","New York","Queens County","224-20 145th Rd, Jamaica, NY 11413, USA",40.6619508,-73.7548417,567.035330261137
"Multi-family home for sale",950000,5,2,1660,"Brooklyn, NY 11235","3025 Brighton 8th StBrooklyn, NY 11235","New York","Kings County","3025 Brighton 8th St, Brooklyn, NY 11235, USA",40.5792869,-73.9603435,572.289156626506
"Condo for sale",8e+05,3,1,916,"New York, NY 10005","15 Broad St Apt 1928New York, NY 10005","New York","New York County","15 Broad St, New York, NY 10005, USA",40.7067114,-74.010457,873.362445414847
"Condo for sale",359000,2,1,920,"Brooklyn, NY 11207","190 Cozine Ave Apt 3HBrooklyn, NY 11207","Kings County","Brooklyn","190 Cozine Ave #3h, Brooklyn, NY 11207, USA",40.654871,-73.8847697,390.217391304348
"Co-op for sale",1950000,2,3,2184.207862,"New York, NY 10065","860 Fifth Ave Unit 4HNew York, NY 10065","New York County","New York","860 5th Ave #4h, New York, NY 10065, USA",40.7695956,-73.9688773,892.7721733473
"Townhouse for sale",999000,7,4,2184.207862,"Brooklyn, NY 11207","524 Wyona StBrooklyn, NY 11207","New York","Kings County","524 Wyona St, Brooklyn, NY 11207, USA",40.6656785,-73.8916486,457.374051884078
"Co-op for sale",1950000,2,2,960,"New York, NY 10014","791 Greenwich St Apt 5New York, NY 10014","New York County","New York","791 Greenwich St Apt 5, New York, NY 10014, USA",40.7373507,-74.0063169,2031.25
"Condo for sale",649000,1,1,2184.207862,"New York, NY 10027","362 W 127th St Unit 6BNew York, NY 10027","New York County","New York","362 W 127th St #6b, New York, NY 10027, USA",40.8121684,-73.9523535,297.132892565332
"Condo for sale",1175000,4,2,2184.207862,"Whitestone, NY 11357","168-46 Powells Cove Blvd Unit 21Whitestone, NY 11357","Queens County","Queens","16846 Powells Cove Blvd #21, Flushing, NY 11357, USA",40.7932921,-73.7951779,537.952463427219
"House for sale",799000,4,2,2184.207862,"Ozone Park, NY 11417","133-22 Centreville StOzone Park, NY 11417","New York","Queens County","133-22 Centerville St, Ozone Park, NY 11417, USA",40.6757849,-73.8361627,365.807675130509
"Condo for sale",2950000,3,2,1709,"Brooklyn, NY 11201","360 Furman St Apt 337Brooklyn, NY 11201","Kings County","Brooklyn","360 Furman St APT 337, Brooklyn, NY 11201, USA",40.6935342,-74.0002618,1726.15564657695
"Condo for sale",358000,3,1,2184.207862,"Flushing, NY 11367","150-38 Union Tpke Unit 11BFlushing, NY 11367","Queens County","Queens","150-38 Union Tpke #11b, Flushing, NY 11367, USA",40.7187728,-73.811168,163.903814388889
"Co-op for sale",189999,1,1,2184.207862,"Kew Gardens, NY 11415","83-55 Lefferts Blvd Unit 5CKew Gardens, NY 11415","Queens County","Queens","83-55 Lefferts Blvd #5c, Jamaica, NY 11415, USA",40.704719,-73.832559,86.987600084007
"Condo for sale",760000,1,1,700,"New York, NY 10019","414 W 54th St Apt 4ENew York, NY 10019","New York County","New York","414 W 54th St #4e, New York, NY 10019, USA",40.766298,-73.9881994,1085.71428571429
"Multi-family home for sale",675999,3,2,2070,"Bronx, NY 10466","2067 Pitman AveBronx, NY 10466","New York","Bronx County","2067 Pitman Ave, Bronx, NY 10466, USA",40.8974036,-73.8427908,326.569565217391
"Co-op for sale",379000,2,1,2184.207862,"Rego Park, NY 11374","98-20 62 Dr Unit 14HRego Park, NY 11374","Queens County","Queens","9820 62nd Dr Apt 14l, Rego Park, NY 11374, USA",40.7334099,-73.85851,173.518283948014
"Co-op for sale",995000,2,2,2184.207862,"New York, NY 10021","164 E 72nd St Apt 13CNew York, NY 10021","New York County","New York","164 E 72nd St #13c, New York, NY 10021, USA",40.7699248,-73.9617134,455.542724349007
"Condo for sale",649000,3,2,1150,"Brooklyn, NY 11234","1120 Bergen Ave Unit 88Brooklyn, NY 11234","Kings County","Brooklyn","1120 Bergen Ave #88, Brooklyn, NY 11234, USA",40.6280068,-73.9155812,564.347826086957
"Condo for sale",475000,1,1,739,"Brooklyn, NY 11235","3016 Brighton 5th St Apt 1CBrooklyn, NY 11235","Kings County","Brooklyn","3016 Brighton 5th St #1c, Brooklyn, NY 11235, USA",40.5789422,-73.9632143,642.76048714479
"Pending",450000,2,1,2184.207862,"Jackson Heights, NY 11372","37-26 87th St Unit 2FJackson Heights, NY 11372","Queens County","Queens","37-26 87th St #2fl, Jackson Heights, NY 11372, USA",40.749416,-73.8796895,206.024347695531
"Townhouse for sale",7250000,1,2.37386085796844,4930,"Manhattan, NY 10013","155 Duane StManhattan, NY 10013","New York","New York County","155 Duane St, New York, NY 10013, USA",40.7168184,-74.0085588,1470.58823529412
"Multi-family home for sale",1799000,11,6,5031,"Brooklyn, NY 11214","7619 21st AveBrooklyn, NY 11214","New York","Kings County","7619 21st Ave, Brooklyn, NY 11214, USA",40.608348,-73.9903259,357.582985489962
"House for sale",1500000,8,5,2184.207862,"Bronx, NY 10463","3251 Riverdale AveBronx, NY 10463","New York","Bronx County","3251 Riverdale Ave, Bronx, NY 10463, USA",40.8838882,-73.908028,686.747825651769
"Condo for sale",3995000,3,4,2456,"New York, NY 10128","360 E 88th St Ph 2BNew York, NY 10128","New York","Manhattan","1st Avenue, 360 E 88th St Ph 2B, New York, NY 10128, USA",40.7781672,-73.9489094,1626.62866449511
"Townhouse for sale",2299000,7,6,2184.207862,"New York, NY 10035","68 E 127th StNew York, NY 10035","New York","New York County","68 E 127th St, New York, NY 10035, USA",40.8066101,-73.9390361,1052.55550078228
"Pending",210000,1,1,850,"Kensington, NY 11218","135 Ocean Pkwy Apt 1RKensington, NY 11218","Kings County","Brooklyn","135 Ocean Pkwy #1a, Brooklyn, NY 11218, USA",40.6466766,-73.9740956,247.058823529412
"Co-op for sale",3200000,3,4,1825,"New York, NY 10019","24 Central Park S # 5WNew York, NY 10019","New York County","New York","24 Central Park S # 5e, New York, NY 10019, USA",40.7703005,-73.9804715,1753.42465753425
"Co-op for sale",579000,3,2,1200,"Rego Park, NY 11374","61-15 98th St Unit 7JRego Park, NY 11374","Queens County","Queens","61-15 98th St #7j, Flushing, NY 11374, USA",40.7346339,-73.8602384,482.5
"House for sale",1175000,3,2.37386085796844,2184.207862,"Brooklyn, NY 11235","3065 Brighton 4th StBrooklyn, NY 11235","New York","Kings County","3065 Brighton 4th St, Brooklyn, NY 11235, USA",40.577735,-73.9632478,537.952463427219
"Condo for sale",648888,2,2,950,"Flushing, NY 11367","152-18 Union Tpke Unit 11DFlushing, NY 11367","Queens County","Queens","152-18 Union Tpke #11d, Flushing, NY 11367, USA",40.7188694,-73.8111217,683.04
"Multi-family home for sale",989000,7,5,3978,"Howard Beach, NY 11414","79-09 153rd AveHoward Beach, NY 11414","New York","Queens County","79-09 153rd Ave, Jamaica, NY 11414, USA",40.6659011,-73.854748,248.617395676219
"Co-op for sale",995000,1,1,2184.207862,"Manhattan, NY 10011","250 W 22nd St Apt 4BManhattan, NY 10011","New York County","New York","250 W 22nd St #4b, New York, NY 10011, USA",40.7440497,-73.9980389,455.542724349007
"Co-op for sale",154900,1,1,700,"Bronx, NY 10468","3 Fordham Hill Oval Apt 4ABronx, NY 10468","Bronx County","The Bronx","3 Fordham Hill Oval #4a, Bronx, NY 10468, USA",40.8646563,-73.9082145,221.285714285714
"Condo for sale",399000,1,1,577,"Brooklyn, NY 11220","231 68th St Apt 303Brooklyn, NY 11220","Kings County","Brooklyn","231 68th St APT 303, Brooklyn, NY 11220, USA",40.6373585,-74.0272224,691.507798960139
"Pending",565000,2,2,1238,"Staten Island, NY 10312","537 Annadale RdStaten Island, NY 10312","New York","Richmond County","537 Annadale Rd, Staten Island, NY 10312, USA",40.5493207,-74.1744217,456.381260096931
"Townhouse for sale",760000,2,2.37386085796844,2337,"Staten Island, NY 10309","142 Commodore DrStaten Island, NY 10309","New York","Richmond County","142 Commodore Dr, Staten Island, NY 10309, USA",40.5148559,-74.2032529,325.20325203252
"Condo for sale",3795000,3,3,2250,"New York, NY 10075","201 E 80th St Apt 16ANew York, NY 10075","New York County","New York","201 E 80th St #16a, New York, NY 10075, USA",40.7747519,-73.9561067,1686.66666666667
"Co-op for sale",2500000,3,2,3200,"Manhattan, NY 10001","116 W 29th St Apt 3Manhattan, NY 10001","New York County","New York","116 W 29th St #3, New York, NY 10001, USA",40.7468872,-73.9910651,781.25
"House for sale",749999,3,2,2184.207862,"Brooklyn, NY 11203","536 E 51st StBrooklyn, NY 11203","New York","Kings County","536 E 51st St, Brooklyn, NY 11203, USA",40.6485435,-73.9292272,343.373454994001
"Co-op for sale",1595000,2,2,2184.207862,"Manhattan, NY 10025","210 Riverside Dr Apt 6BManhattan, NY 10025","New York County","New York","210 Riverside Dr #6b, New York, NY 10025, USA",40.7942107,-73.9761618,730.241854609715
"Co-op for sale",258000,3,1,500,"Flushing, NY 11354","149-43 35th Ave Unit 2JFlushing, NY 11354","Queens County","Queens","149-43 35th Ave #2j, Flushing, NY 11354, USA",40.7666016,-73.8157611,516
"House for sale",685000,3,2,1280,"Staten Island, NY 10312","59 Bartlett AveStaten Island, NY 10312","New York","Richmond County","59 Bartlett Ave, Staten Island, NY 10312, USA",40.5491914,-74.1660279,535.15625
"Multi-family home for sale",599000,5,2,2184.207862,"Far Rockaway, NY 11691","13-73 Beach Channel DrFar Rockaway, NY 11691","New York","Queens County","13-73 Beach Channel Dr, Far Rockaway, NY 11691, USA",40.607379,-73.754678,274.24129837694
"Condo for sale",3250000,3,2,2292,"New York, NY 10002","71 Ludlow St Apt 4BNew York, NY 10002","New York County","New York","71 Ludlow St #4b, New York, NY 10002, USA",40.7175362,-73.9899587,1417.97556719023
"Condo for sale",245000,1,1,800,"Staten Island, NY 10301","1100 Clove Rd Apt 7BStaten Island, NY 10301","Richmond County","Staten Island","1100 Clove Rd #7b, Staten Island, NY 10301, USA",40.6189484,-74.1071576,306.25
"Co-op for sale",729000,3,2,1400,"Bronx, NY 10471","4555 Henry Hudson Pkwy Apt 903Bronx, NY 10471","Bronx County","The Bronx","4555 Henry Hudson Pkwy #903, Bronx, NY 10471, USA",40.8924692,-73.9091145,520.714285714286
"Multi-family home for sale",779000,3,2,1557,"Bronx, NY 10461","1760 Tomlinson AveBronx, NY 10461","New York","Bronx County","1760 Tomlinson Ave, Bronx, NY 10461, USA",40.8494439,-73.8515779,500.321130378934
"Condo for sale",1090000,3,3,1295,"Brooklyn, NY 11204","1845 52nd St Apt 27Brooklyn, NY 11204","Kings County","Brooklyn","1845 52nd St Apartment 27, Brooklyn, NY 11204, USA",40.6260941,-73.9815074,841.698841698842
"Co-op for sale",365000,2,1,925,"Brooklyn, NY 11223","393 Avenue S Apt 4ABrooklyn, NY 11223","Kings County","Brooklyn","393 Ave. S #4a, Brooklyn, NY 11223, USA",40.602199,-73.9709488,394.594594594595
"Pending",1099000,1,1,715,"Brooklyn, NY 11249","2 Northside Piers Apt 6FBrooklyn, NY 11249","Kings County","Brooklyn","2 Northside Piers #6f, Brooklyn, NY 11249, USA",40.719753,-73.9642643,1537.06293706294
"Townhouse for sale",12495000,4,4,6310,"New York, NY 10028","44 E 82nd StNew York, NY 10028","New York","New York County","44 E 82nd St, New York, NY 10028, USA",40.7777566,-73.9600565,1980.19017432647
"Condo for sale",1990000,2,2,1309,"New York, NY 10011","124 W 24th St Apt 2DNew York, NY 10011","New York County","New York","124 W 24th St #2d, New York, NY 10011, USA",40.7439229,-73.9937052,1520.24446142093
"Multi-family home for sale",1200000,6,4,2808,"Bronx, NY 10466","4036 Bell AveBronx, NY 10466","New York","Bronx County","4036 Bell Ave, Bronx, NY 10466, USA",40.8928243,-73.8348075,427.350427350427
"Co-op for sale",473000,2,1,1000,"Brooklyn, NY 11235","150 W End Ave Apt 5HBrooklyn, NY 11235","Kings County","Brooklyn","150 West End Ave #5h, Brooklyn, NY 11235, USA",40.5782536,-73.9534785,473
"Co-op for sale",2348000,3,4,2184.207862,"Manhattan, NY 10017","860 United Nations Plz Units 31 & 32DManhattan, NY 10017","New York County","New York","860 United Nations Plaza #31, New York, NY 10017, USA",40.7526263,-73.9658766,1074.9892630869
"Condo for sale",995000,1,1,2184.207862,"Manhattan, NY 10003","305 Second Ave Unit 20Manhattan, NY 10003","New York","New York County","305 2nd Ave, New York, NY 10003, USA",40.7344156,-73.9836325,455.542724349007
"Contingent",850000,8,3,1976,"Brooklyn, NY 11233","1681 Prospect PlBrooklyn, NY 11233","New York","Kings County","1681 Prospect Pl, Brooklyn, NY 11233, USA",40.6729629,-73.9207117,430.161943319838
"Townhouse for sale",2950000,4,4,2184.207862,"Brooklyn, NY 11231","111 Nelson StBrooklyn, NY 11231","New York","Kings County","111 Nelson St, Brooklyn, NY 11231, USA",40.6773575,-74.0013329,1350.60405711515
"Multi-family home for sale",1548000,9,4,4539,"Corona, NY 11368","104-14 37th AveCorona, NY 11368","New York","Queens County","104-14 37th Ave, Flushing, NY 11368, USA",40.7534193,-73.8628811,341.044282881692
"Contingent",468000,3,1,2184.207862,"New York, NY 10023","170 W End Ave Apt 3FNew York, NY 10023","New York County","New York","170 West End Ave #3f, New York, NY 10023, USA",40.7767637,-73.9843469,214.265321603352
"Multi-family home for sale",850000,5,3,3024,"Bronx, NY 10469","931 Tilden StBronx, NY 10469","New York","Bronx County","931 Tilden St, Bronx, NY 10469, USA",40.8770223,-73.8585612,281.084656084656
"Multi-family home for sale",995000,6,3,2125,"Brooklyn, NY 11214","52 28th AveBrooklyn, NY 11214","United States","New York","52 28th Ave, Brooklyn, NY 11214, USA",40.5895073,-73.9855167,468.235294117647
"Co-op for sale",1850000,3,2,2184.207862,"Manhattan, NY 10010","235 E 22nd St Apt 11SManhattan, NY 10010","New York County","New York","235 E 22nd St Apt 11u, New York, NY 10010, USA",40.7377082,-73.9819095,846.988984970516
"House for sale",2800000,2,1,1800,"Staten Island, NY 10312","98A-98G Discala LnStaten Island, NY 10312","United States","New York","Discala Ln, Staten Island, NY 10312, USA",40.5240723,-74.1710503,1555.55555555556
"Condo for sale",4995000,3,2,2803,"Manhattan, NY 10011","65 W 13th St Apt 10AManhattan, NY 10011","New York County","New York","65 W 13th St Apartment 10d, New York, NY 10011, USA",40.736841,-73.99679,1782.01926507314
"Co-op for sale",398800,1,1,2184.207862,"Jackson Heights, NY 11372","3540 82nd St Apt 4DJackson Heights, NY 11372","Queens County","Queens","3540 82nd St #4d, Queens, NY 113725105, USA",40.7505816,-73.8847602,182.583355246617
"Co-op for sale",142500,3,1,2184.207862,"Jamaica, NY 11432","155-01 90 Ave Unit 6EJamaica, NY 11432","Queens County","Queens","155-01 90th Ave #6e, Jamaica, NY 11432, USA",40.7048447,-73.8022389,65.2410434369181
"House for sale",2570000,5,2,2000,"Brooklyn, NY 11209","9223 Ridge BlvdBrooklyn, NY 11209","New York","Kings County","9223 Ridge Blvd, Brooklyn, NY 11209, USA",40.6193875,-74.0353364,1285
"Co-op for sale",225000,1,1,900,"Bronx, NY 10467","601 Pelham Pkwy N Apt 408Bronx, NY 10467","Bronx County","The Bronx","601 Pelham Pkwy N Apt 408, Bronx, NY 10467, USA",40.8574263,-73.8708848,250
"Co-op for sale",345000,1,1,900,"Flushing, NY 11355","143-43 41 Ave Unit 4GFlushing, NY 11355","Queens County","Queens","143-43 41st Ave #4b, Flushing, NY 11355, USA",40.7606023,-73.8222658,383.333333333333
"House for sale",875000,5,2,1974,"Brooklyn, NY 11234","1646 E 54th StBrooklyn, NY 11234","New York","Kings County","1646 E 54th St, Brooklyn, NY 11234, USA",40.6174718,-73.9231114,443.262411347518
"Pending",1188000,7,2,2184.207862,"Richmond Hill, NY 11418","86-17 105th StRichmond Hill, NY 11418","New York","Queens County","86-17 105th St, Jamaica, NY 11418, USA",40.696809,-73.842496,543.904277916201
"Co-op for sale",694000,2,1,2184.207862,"Brooklyn, NY 11225","345 Montgomery St Apt 4NBrooklyn, NY 11225","Kings County","Brooklyn","345 Montgomery St #4n, Brooklyn, NY 11225, USA",40.6657959,-73.9527658,317.735327334885
"Co-op for sale",495000,1,1,2184.207862,"New York, NY 10065","27 E 65th St Apt 2ENew York, NY 10065","New York County","New York","27 E 65th St #2e, New York, NY 10065, USA",40.767256,-73.9682231,226.626782465084
"Co-op for sale",649000,1,1,687,"New York, NY 10022","400 E 56th St Apt 25KNew York, NY 10022","New York County","New York","400 E 56th St #25c, New York, NY 10022, USA",40.7571111,-73.9630783,944.687045123726
"Condo for sale",659000,2,1,714,"Brooklyn, NY 11218","39 Argyle Rd Apt 4BBrooklyn, NY 11218","Kings County","Brooklyn","39 Argyle Rd #4b, Brooklyn, NY 11218, USA",40.6486309,-73.9674377,922.96918767507
"Co-op for sale",429000,2,1,850,"Brooklyn, NY 11209","160 72nd St Apt 758Brooklyn, NY 11209","Kings County","Brooklyn","160 72nd St Apt 758, Brooklyn, NY 11209, USA",40.6343667,-74.0311335,504.705882352941
"Pending",959000,2,2,1719,"Floral Park, NY 11005","27110 Grand Central Pkwy Apt 30OFloral Park, NY 11005","Queens County","Queens","27110 Grand Central Pkwy #30, Queens Village, NY 11005, USA",40.7564761,-73.7212008,557.882489819663
"Multi-family home for sale",1299999,12,6,4125,"Brooklyn, NY 11237","213 Suydam StBrooklyn, NY 11237","New York","Kings County","213 Suydam St, Brooklyn, NY 11237, USA",40.7009355,-73.9250748,315.151272727273
"Condo for sale",368000,3,1,2184.207862,"Bayside, NY 11360","2 Bay Club Dr Apt 21HBayside, NY 11360","Queens County","Queens","2 Bay Club Dr #21h, Bayside, NY 11360, USA",40.7781488,-73.782075,168.482133226567
"House for sale",758800,3,2,1633,"Staten Island, NY 10305","74 Appleby AveStaten Island, NY 10305","New York","Richmond County","74 Appleby Ave, Staten Island, NY 10305, USA",40.5910792,-74.0801059,464.666258420086
"Condo for sale",1795000,2,2,1245,"Brooklyn, NY 11201","180 Front St Apt 7FBrooklyn, NY 11201","Kings County","Brooklyn","180 Front St #7f, Brooklyn, NY 11201, USA",40.7022611,-73.9854097,1441.76706827309
"Condo for sale",21500000,5,2.37386085796844,4179,"New York, NY 10128","1295 Madison AveNew York, NY 10128","New York","New York County","1295 Madison Ave, New York, NY 10128, USA",40.7847977,-73.9556597,5144.77147642977
"Multi-family home for sale",1595000,5,3,2184.207862,"Woodside, NY 11377","41-33 68 StWoodside, NY 11377","New York","Queens County","41-33 68th St, Flushing, NY 11377, USA",40.7435797,-73.8964717,730.241854609715
"Townhouse for sale",6500000,7,5,2184.207862,"New York, NY 10021","156 E 71st StNew York, NY 10021","New York","New York County","156 E 71st St, New York, NY 10021, USA",40.7693076,-73.9621998,2975.907244491
"Multi-family home for sale",1089000,4,3,2184.207862,"Hollis, NY 11423","196-11 100 AveHollis, NY 11423","New York","Queens County","196-11 100th Ave, Jamaica, NY 11423, USA",40.7099505,-73.7626558,498.578921423185
"Condo for sale",735000,1,1,2184.207862,"Long Island City, NY 11101","42-37 27th St Unit 5BLong Island City, NY 11101","Queens County","Queens","4237 27th St #5b, Long Island City, NY 11101, USA",40.7491662,-73.9406038,336.506434569367
"Pending",559900,2,1,1217,"Howard Beach, NY 11414","158-11 96th StHoward Beach, NY 11414","New York","Queens County","158-11 96th St, Queens, NY 11414, USA",40.6609023,-73.8371049,460.065735414955
"Co-op for sale",350000,1,1,2184.207862,"Manhattan, NY 10033","340 Haven Ave Apt 6AManhattan, NY 10033","New York County","New York","340 Haven Ave Apt 6f, New York, NY 10033, USA",40.8510315,-73.9416561,160.241159318746
"Condo for sale",780000,3,3,1236,"Flushing, NY 11354","32-05 Linden Pl Unit A3Flushing, NY 11354","New York","Queens County","32-05 Linden Pl, Flushing, NY 11354, USA",40.767546,-73.8314686,631.067961165049
"Co-op for sale",173000,3,1,500,"Forest Hills, NY 11375","76-26 113 St Unit 1BForest Hills, NY 11375","Queens County","Queens","76-26 113th St #1b, Flushing, NY 11375, USA",40.7172419,-73.8336819,346
"House for sale",995000,4,2,2200,"Staten Island, NY 10301","43 Sunnyside TerStaten Island, NY 10301","New York","Richmond County","43 Sunnyside Terrace, Staten Island, NY 10301, USA",40.6146934,-74.0996097,452.272727272727
"Multi-family home for sale",775000,4,2,2184.207862,"Springfield Gardens, NY 11413","147-37 230th StSpringfield Gardens, NY 11413","New York","Queens County","147-37 230th St, Jamaica, NY 11413, USA",40.656902,-73.7523889,354.819709920081
"Condo for sale",1649000,1,1,800,"New York, NY 10036","635 W 42nd St Apt 30ANew York, NY 10036","New York County","New York","635 W 42nd St #30a, New York, NY 10036, USA",40.7617008,-73.9996228,2061.25
"Multi-family home for sale",1290000,5,3,2184.207862,"Woodside, NY 11377","44-12 65th StWoodside, NY 11377","New York","Queens County","44-12 65th St, Flushing, NY 11377, USA",40.7404458,-73.9008992,590.603130060522
"House for sale",575000,3,1,1390,"Bronx, NY 10473","920 Harding ParkBronx, NY 10473","New York","Bronx County","920 Harding Park, Bronx, NY 10473, USA",40.8069155,-73.8562067,413.669064748201
"House for sale",1499000,7,6,2184.207862,"College Point, NY 11356","120-47 Sunrise CtCollege Point, NY 11356","New York","Queens County","120-47 Sunrise Ct, College Point, NY 11356, USA",40.7952284,-73.8483228,686.289993768002
"Co-op for sale",8e+05,2,1,1200,"Brooklyn, NY 11204","100 Avenue P Apt 1HBrooklyn, NY 11204","Kings County","Brooklyn","100 Avenue P #1h, Brooklyn, NY 11204, USA",40.6072346,-73.9847935,666.666666666667
"Co-op for sale",750000,1,1,2184.207862,"New York, NY 10016","120 E 36th St Ph BNew York, NY 10016","New York","New York County","120 E 36th St, New York, NY 10016, USA",40.7477728,-73.9794793,343.373912825885
"Condo for sale",1750000,2,2,1320,"Brooklyn, NY 11231","199 Conover St Unit 2BBrooklyn, NY 11231","Kings County","Brooklyn","199 Conover St #2b, Brooklyn, NY 11231, USA",40.6774843,-74.0147997,1325.75757575758
"Condo for sale",2750000,2,2,1488,"Manhattan, NY 10002","30 Orchard St Ph BManhattan, NY 10002","New York County","New York","30 Orchard St Ph B, New York, NY 10002, USA",40.7155919,-73.9912903,1848.11827956989
"Condo for sale",698000,1,1,2184.207862,"Manhattan, NY 10037","70 W 139th St Apt 8IManhattan, NY 10037","New York County","New York","70 W 139th St #8i, New York, NY 10037, USA",40.8162042,-73.9383242,319.566654869957
"Co-op for sale",425000,1,1,2184.207862,"New York, NY 10065","333 E 66th St Apt 9RNew York, NY 10065","New York County","New York","333 E 66th St #9b, New York, NY 10065, USA",40.7643711,-73.9593578,194.578550601335
"Condo for sale",3999999,2,2,1997,"New York, NY 10001","527 W 27th St Unit 5SNew York, NY 10001","New York County","New York","527 W 27th St #5s, New York, NY 10001, USA",40.7509451,-74.0035855,2003.00400600901
"Condo for sale",2295000,3,3,1615,"New York, NY 10065","166 E 63rd St Apt 10CNew York, NY 10065","New York County","New York","166 E 63rd St #10c, New York, NY 10065, USA",40.7641145,-73.9651826,1421.05263157895
"Multi-family home for sale",689900,3,4,2448,"Staten Island, NY 10314","179 Ada DrStaten Island, NY 10314","New York","Richmond County","179 Ada Dr, Staten Island, NY 10314, USA",40.6210192,-74.1602713,281.821895424837
"House for sale",3850000,4,4,4374,"Brooklyn, NY 11222","105 Franklin StBrooklyn, NY 11222","New York","Kings County","105 Franklin St, Brooklyn, NY 11222, USA",40.7295332,-73.957726,880.201188843164
"Co-op for sale",243000,2,1,965,"Bronx, NY 10468","8 Fordham Hill Oval Apt 12CBronx, NY 10468","Bronx County","The Bronx","8 Fordham Hill Oval #12c, Bronx, NY 10468, USA",40.8643305,-73.9075188,251.813471502591
"Co-op for sale",1995000,4,2,2184.207862,"New York City, NY 10002","453 Fdr Dr Unit C803-804New York City, NY 10002","New York County","New York","453 FDR Dr c803, New York, NY 10002, USA",40.7129113,-73.9781415,913.374608116853
"Co-op for sale",250000,3,1,2184.207862,"Woodside, NY 11377","5128 30th Ave Apt 5HWoodside, NY 11377","Queens County","Queens","5128 30th Ave. #5b, Woodside, NY 11377, USA",40.7593913,-73.9054195,114.457970941962
"House for sale",845000,4,2,2184.207862,"Hollis, NY 11423","202-08 100th AveHollis, NY 11423","New York","Queens County","202-08 100th Ave, Jamaica, NY 11423, USA",40.7108416,-73.7572751,386.86794178383
"Multi-family home for sale",915000,8,3,1896,"Bronx, NY 10462","2120 Newbold AveBronx, NY 10462","New York","Bronx County","2120 Newbold Ave, Bronx, NY 10462, USA",40.8329348,-73.8535075,482.594936708861
"Condo for sale",599888,1,1,826,"Queens, NY 11104","2962847 33 48th St Unit 4GQueens, NY 11104","New York","Queens County","43-33 48th St, Long Island City, NY 11104, USA",40.7436341,-73.916415,726.256658595642
"Co-op for sale",325000,2,1,2184.207862,"Corona, NY 11368","99-30 59 Ave Unit L1Corona, NY 11368","Queens County","Queens","99-30 59th Ave l1, Corona, NY 11368, USA",40.7373584,-73.8574251,148.79536222455
"Townhouse for sale",999000,4,2,2184.207862,"Brooklyn, NY 11221","30 Cedar StBrooklyn, NY 11221","New York","Kings County","30 Cedar St, Brooklyn, NY 11221, USA",40.6964448,-73.9283241,457.374051884078
"Condo for sale",688000,3,2,982,"Brooklyn, NY 11220","844 50th St Apt 5ABrooklyn, NY 11220","Kings County","Brooklyn","844 50th St #5a, Brooklyn, NY 11220, USA",40.6403284,-74.0028134,700.61099796334
"House for sale",950000,3,2,1308,"Bronx, NY 10468","133 W 195th StBronx, NY 10468","New York","Bronx County","133 W 195th St, Bronx, NY 10468, USA",40.8704967,-73.9011805,726.299694189602
"Co-op for sale",249000,1,1,750,"Rego Park, NY 11374","99-60 63rd Rd Unit 9PRego Park, NY 11374","Queens County","Queens","99-60 63rd Rd #9b, Rego Park, NY 11374, USA",40.7326518,-73.8546547,332
"Co-op for sale",465000,1,1,2184.207862,"New York, NY 10022","444 E 52nd St Apt 6ENew York, NY 10022","New York County","New York","444 E 52nd St #6e, New York, NY 10022, USA",40.754143,-73.963502,212.891825952048
"Multi-family home for sale",2499000,7,8,3700,"Brooklyn, NY 11209","444 78th StBrooklyn, NY 11209","New York","Kings County","444 78th St, Brooklyn, NY 11209, USA",40.6278319,-74.024872,675.405405405405
"Condo for sale",409000,1,1,559,"Flushing, NY 11355","132-18 Avery Ave Unit 3DFlushing, NY 11355","Queens County","Queens","13218 Avery Ave #3d, Flushing, NY 11355, USA",40.7523131,-73.8324302,731.663685152057
"Condo for sale",630000,2,2,750,"Flushing, NY 11354","142-25 37th Ave Unit 6BFlushing, NY 11354","Queens County","Queens","142-25 37th Ave #6b, Flushing, NY 11354, USA",40.7627502,-73.8267096,840
"Condo for sale",874000,2,2,915,"Brooklyn, NY 11221","139 Grove St Apt 4FBrooklyn, NY 11221","Kings County","Brooklyn","139 Grove St #4f, Brooklyn, NY 11221, USA",40.694352,-73.919978,955.191256830601
"Condo for sale",4995000,4,4,2184.207862,"Manhattan, NY 10021","30 E 76th St Unit PhManhattan, NY 10021","New York","New York County","30 E 76th St, New York, NY 10021, USA",40.774136,-73.96342,2286.87025942039
"Co-op for sale",875000,2,2,2184.207862,"New York, NY 10128","114 E 90th St Unit 1DNew York, NY 10128","New York County","New York","114 E 90th St #1d, New York, NY 10128, USA",40.7821142,-73.9544199,400.602898296865
"Co-op for sale",975000,2,2,2184.207862,"Manhattan, NY 10023","255 W End Ave Apt 7BManhattan, NY 10023","New York County","New York","255 West End Ave Apt 7a, New York, NY 10023, USA",40.7795544,-73.9848893,446.38608667365
"Multi-family home for sale",5975000,12,4,2184.207862,"Brooklyn, NY 11215","24 Fiske PlBrooklyn, NY 11215","New York","Kings County","24 Fiske Pl, Brooklyn, NY 11215, USA",40.6719889,-73.9755419,2735.54550551288
"Co-op for sale",475000,3,1,2184.207862,"New York, NY 10031","626 W 136th St Apt 4New York, NY 10031","New York County","New York","626 W 136th St #4, New York, NY 10031, USA",40.8211783,-73.956073,217.470144789727
"Co-op for sale",975000,1,1,2184.207862,"New York, NY 10025","677 W End Ave Apt 13CNew York, NY 10025","New York County","New York","677 West End Ave #13c, New York, NY 10025, USA",40.7933309,-73.9749909,446.38608667365
"House for sale",1548000,9,4,2184.207862,"Corona, NY 11368","104-14 37th AveCorona, NY 11368","New York","Queens County","104-14 37th Ave, Flushing, NY 11368, USA",40.7534193,-73.8628811,708.723756072626
"Co-op for sale",175000,1,1,627,"Jamaica, NY 11432","164-20 Highland Ave Unit 9DJamaica, NY 11432","Queens County","Queens","164-20 Highland Ave #9d, Jamaica, NY 11432, USA",40.7101573,-73.7988498,279.106858054226
"Condo for sale",3e+06,1,2,1600,"Brooklyn, NY 11201","90 Furman St Unit N810Brooklyn, NY 11201","Kings County","Brooklyn","90 Furman St Apt N-810, Brooklyn, NY 11201, USA",40.7015519,-73.995867,1875
"Condo for sale",2400000,1,2,1427,"Manhattan, NY 10019","15 W 53rd St Unit 14GManhattan, NY 10019","New York County","New York","15 W 53rd St #14g, New York, NY 10019, USA",40.7613258,-73.9774014,1681.85003503854
"Townhouse for sale",14995000,5,2.37386085796844,6000,"Manhattan, NY 10021","184 E 75th StManhattan, NY 10021","New York","New York County","184 E 75th St, New York, NY 10021, USA",40.7719074,-73.9601359,2499.16666666667
"House for sale",988000,4,4,2184.207862,"Bayside, NY 11360","26-50 211th StBayside, NY 11360","New York","Queens County","29-26 211th St, Flushing, NY 11360, USA",40.7736469,-73.777944,452.337901162632
"Co-op for sale",299999,1,1,850,"Forest Hills, NY 11375","69-09 108th St Unit 312Forest Hills, NY 11375","Queens County","Queens","6909 108th St Apt 312, Forest Hills, NY 11375, USA",40.7249599,-73.84549,352.94
"Condo for sale",1995000,3,2,1376,"Manhattan, NY 10001","128 W 26th St Fl 3Manhattan, NY 10001","New York County","New York","128 W 26th St Fl 3, New York, NY 10001, USA",40.7451522,-73.9927778,1449.85465116279
"Townhouse for sale",1300000,3,2.37386085796844,2184.207862,"Manhattan, NY 10031","449 Convent Ave Unit TownhouseManhattan, NY 10031","New York","New York County","449 Convent Ave, New York, NY 10031, USA",40.8274367,-73.9438954,595.1814488982
"Condo for sale",1400000,3,2,1625,"Queens, NY 11694","133 Beach 116th St # FQueens, NY 11694","New York","Queens County","133 Beach 116th St, Rockaway Park, NY 11694, USA",40.5783596,-73.8365039,861.538461538462
"Condo for sale",1080000,1,2.37386085796844,941,"Brooklyn, NY 11221","659 Putnam Ave # 1Brooklyn, NY 11221","Kings County","Brooklyn","659 Putnam Ave #1, Brooklyn, NY 11221, USA",40.685976,-73.9349974,1147.71519659936
"House for sale",1175000,3,2.37386085796844,2184.207862,"Brooklyn, NY 11235","3026 Brighton 7th StBrooklyn, NY 11235","New York","Kings County","3026 Brighton 7th St., Brooklyn, NY 11235, USA",40.5791234,-73.9613152,537.952463427219
"Co-op for sale",670000,1,1,2184.207862,"New York, NY 10022","400 E 59th St Apt 16BNew York, NY 10022","New York County","New York","400 E 59th St #16b, New York, NY 10022, USA",40.7593483,-73.9617192,306.747362124457
"House for sale",1499000,5,4,3200,"Arverne, NY 11692","64-16 Beach Front RdArverne, NY 11692","New York","Queens County","6416 Beach Front Rd, Far Rockaway, NY 11692, USA",40.5883964,-73.7934995,468.4375
"House for sale",1200000,4,2,2173,"Staten Island, NY 10314","16 Monroe PlStaten Island, NY 10314","New York","Richmond County","16 Monroe Pl, Staten Island, NY 10314, USA",40.5995725,-74.1264046,552.231937413714
"Multi-family home for sale",3299000,5,3,2184.207862,"Brooklyn, NY 11205","180 Clermont AveBrooklyn, NY 11205","New York","Kings County","180 Clermont Ave, Brooklyn, NY 11205, USA",40.6923306,-73.9709219,1510.38738455012
"Multi-family home for sale",2500000,7,4,2660,"New York, NY 10029","439 E 116th StNew York, NY 10029","New York","New York County","439 E 116th St, New York, NY 10029, USA",40.7956068,-73.9338581,939.84962406015
"House for sale",799000,3,2,2184.207862,"Brooklyn, NY 11210","935 E 32nd StBrooklyn, NY 11210","New York","Kings County","935 E 32nd St, Brooklyn, NY 11210, USA",40.6284586,-73.9450168,365.807675130509
"House for sale",715000,4,2,1866,"Bronx, NY 10473","405 Turneur AveBronx, NY 10473","New York","Bronx County","405 Turneur Ave, Bronx, NY 10473, USA",40.8151628,-73.8462531,383.172561629153
"Condo for sale",925000,2,2,1033,"New York, NY 10029","77 E 110th St Apt 6ANew York, NY 10029","New York County","New York","77 E 110th St #6a, New York, NY 10029, USA",40.7958546,-73.9464985,895.450145208132
"Multi-family home for sale",750000,5,3,3327,"Bronx, NY 10466","4251 Carpenter AveBronx, NY 10466","New York","Bronx County","4251 Carpenter Ave, Bronx, NY 10466, USA",40.8959505,-73.859572,225.428313796213
"Condo for sale",2795000,2,2,1372,"New York, NY 10023","20 W 64th St Unit 18KNew York, NY 10023","New York","Manhattan","1 Lincoln Plaza, 20 W 64th St #18b, New York, NY 10023, USA",40.7716812,-73.9815796,2037.17201166181
"Multi-family home for sale",1560000,5,2,2184.207862,"Brooklyn, NY 11204","1919 67th StBrooklyn, NY 11204","New York","Kings County","1919 67th St, Brooklyn, NY 11204, USA",40.6165009,-73.9885469,714.21773867784
"Co-op for sale",4650000,3,3,2184.207862,"Manhattan, NY 10021","340 E 72nd St Unit PhManhattan, NY 10021","New York","New York County","340 E 72nd St, New York, NY 10021, USA",40.7680852,-73.9572619,2128.91825952048
"Multi-family home for sale",1100000,8,3,3312,"Bronx, NY 10462","2138 Gleason AveBronx, NY 10462","New York","Bronx County","2138 Gleason Ave, Bronx, NY 10462, USA",40.8315252,-73.8525427,332.125603864734
"Pending",780000,3,2,1900,"Little Neck, NY 11363","250-38 39th RdLittle Neck, NY 11363","New York","Queens County","250-38 39th Rd, Flushing, NY 11363, USA",40.7742555,-73.7407295,410.526315789474
"Co-op for sale",1199000,2,2,1000,"New York, NY 10075","52 E 78th St Unit 3CNew York, NY 10075","New York County","New York","52 E 78th St #3c, New York, NY 10075, USA",40.775154,-73.962097,1199
"Condo for sale",2850000,3,2,1912,"Brooklyn, NY 11249","60 Broadway Apt 8JBrooklyn, NY 11249","Kings County","Brooklyn","60 Broadway #8j, Brooklyn, NY 11249, USA",40.7102929,-73.9660133,1490.58577405858
"Multi-family home for sale",680000,3,2.37386085796844,2375,"Bronx, NY 10466","3950 Hill AveBronx, NY 10466","New York","Bronx County","3950 Hill Ave, Bronx, NY 10466, USA",40.8902197,-73.8385449,286.315789473684
"Co-op for sale",530000,1,1,2184.207862,"New York, NY 10016","16 Park Ave # 8CNew York, NY 10016","New York County","New York","16 Park Ave #8c, New York, NY 10007, USA",40.7478025,-73.9811899,242.650898396958
"Pending",595000,1,1,2184.207862,"New York, NY 10014","210 Sixth Ave Unit 1GNew York, NY 10014","New York County","New York","210 6th Ave #1g, New York, NY 10014, USA",40.7271763,-74.0030659,272.409970841869
"Co-op for sale",475000,2,1,2184.207862,"Astoria, NY 11106","33-55 14th St Unit 4AAstoria, NY 11106","Queens County","Queens","33-55 14th St #4a, Long Island City, NY 11106, USA",40.7640468,-73.934811,217.470144789727
"Multi-family home for sale",2700000,16,8,8000,"Brooklyn, NY 11222","59 Newell StBrooklyn, NY 11222","New York","Kings County","59 Newel St, Brooklyn, NY 11222, USA",40.7244706,-73.9473969,337.5
"Multi-family home for sale",9e+05,8,5,2028,"Bronx, NY 10452","99 W 163rd StBronx, NY 10452","New York","Bronx County","99 W 163rd St, Bronx, NY 10452, USA",40.8322942,-73.9291697,443.786982248521
"House for sale",1049000,3,1,1683,"Brooklyn, NY 11209","467 82nd StBrooklyn, NY 11209","New York","Kings County","467 82nd St, Brooklyn, NY 11209, USA",40.6249039,-74.0253417,623.2917409388
"Multi-family home for sale",995000,7,5,2184.207862,"Howard Beach, NY 11414","153-41 Sapphire StHoward Beach, NY 11414","New York","Queens County","153-41 Sapphire St, Jamaica, NY 11414, USA",40.6642913,-73.8554975,455.542724349007
"Co-op for sale",245000,1,1,550,"Brooklyn, NY 11209","7200 Ridge Blvd Unit 409Brooklyn, NY 11209","Kings County","Brooklyn","7200 Ridge Blvd #409, Brooklyn, NY 11209, USA",40.6339001,-74.0299973,445.454545454545
"Condo for sale",695000,2,2,1080,"Brooklyn, NY 11224","601 Surf Ave Apt 8CBrooklyn, NY 11224","Kings County","Brooklyn","601 Surf Ave #8c, Brooklyn, NY 11224, USA",40.5754825,-73.9747644,643.518518518518
"Contingent",436000,2,1,912,"Staten Island, NY 10309","43 Purdy PlStaten Island, NY 10309","New York","Richmond County","43 Purdy Pl, Staten Island, NY 10309, USA",40.5132319,-74.1952211,478.070175438596
"Condo for sale",555000,2,1,2184.207862,"East Elmhurst, NY 11370","7613 Ditmars Blvd Unit A2East Elmhurst, NY 11370","New York","Queens County","76-13 Ditmars Blvd, East Elmhurst, NY 11370, USA",40.7689132,-73.8929233,254.096695491155
"Multi-family home for sale",1250000,11,6,2184.207862,"College Point, NY 11356","10-41 115th StCollege Point, NY 11356","New York","Queens County","10-41 115th St, Flushing, NY 11356, USA",40.787484,-73.8520832,572.289854709808
"Co-op for sale",4950000,2,2,2184.207862,"Manhattan, NY 10023","1 W 67th St Unit 616Manhattan, NY 10023","New York County","New York","1 W 67th St # 616, New York, NY 10023, USA",40.7731562,-73.9781993,2266.26782465084
"Multi-family home for sale",928000,3,4,1640,"Brooklyn, NY 11232","223 43rd StBrooklyn, NY 11232","New York","Kings County","223 43rd St, Brooklyn, NY 11232, USA",40.6527672,-74.0120752,565.853658536585
"House for sale",725000,3,2,2184.207862,"Jamaica, NY 11436","117-75 141st StJamaica, NY 11436","New York","Queens County","11775 141st St, Jamaica, NY 11436, USA",40.6763934,-73.7998105,331.928115731689
"Pending",938000,2,2,1700,"Rego Park, NY 11374","66-43 Alderton StRego Park, NY 11374","New York","Queens County","66-43 Alderton St, Flushing, NY 11374, USA",40.7183478,-73.858704,551.764705882353
"Co-op for sale",199000,1,1,550,"Brooklyn, NY 11210","2607 Avenue O Apt 4ABrooklyn, NY 11210","Kings County","Brooklyn","2607 Avenue O #4a, Brooklyn, NY 11210, USA",40.614409,-73.9479665,361.818181818182
"Multi-family home for sale",854000,6,2,2184.207862,"Bronx, NY 10458","2671 Bainbridge AveBronx, NY 10458","New York","Bronx County","2671 Bainbridge Ave, Bronx, NY 10458, USA",40.8655935,-73.8916669,390.988428737741
"House for sale",1439000,4,2,2184.207862,"Bedford Stuyvesant, NY 11216","229 Monroe StBedford Stuyvesant, NY 11216","New York","Kings County","229 Monroe St, Brooklyn, NY 11216, USA",40.6857744,-73.9493686,658.820080741931
"Contingent",389000,1,1,2184.207862,"New York, NY 10028","152 E 83rd St Apt 5DNew York, NY 10028","New York County","New York","152 E 83rd St #5d, New York, NY 10028, USA",40.777093,-73.956552,178.096602785692
"Co-op for sale",475000,2,1,975,"Brooklyn, NY 11214","2260 Benson Ave Apt 1LBrooklyn, NY 11214","New York","Kings County","2260 Benson Ave #1l, Brooklyn, NY 11214, USA",40.5989402,-73.9939759,487.179487179487
"Condo for sale",815000,2,2,1000,"Brooklyn, NY 11235","2652 E 18th St Unit 2ABrooklyn, NY 11235","Kings County","Brooklyn","2652 E 18th St #2a, Brooklyn, NY 11235, USA",40.5869733,-73.9514755,815
"Condo for sale",474000,2,1,750,"Brooklyn, NY 11232","848 43rd St Apt 22Brooklyn, NY 11232","Kings County","Brooklyn","848 43rd St Apt 22, Brooklyn, NY 11232, USA",40.6442712,-73.9986359,632
"Condo for sale",2350000,2,2,1572,"Manhattan, NY 10011","300 W 18th St Unit 2Manhattan, NY 10011","New York County","New York","300 W 18th St #2, New York, NY 10011, USA",40.7422513,-74.0010561,1494.91094147583
"Co-op for sale",1325000,2,2,1250,"New York, NY 10023","260 W End Ave Apt 7ANew York, NY 10023","New York County","New York","260 West End Ave #7a, New York, NY 10023, USA",40.779515,-73.9844714,1060
"House for sale",6600000,8,5,5110,"New York, NY 10029","160 E 105th StNew York, NY 10029","New York","New York County","160 E 105th St, New York, NY 10029, USA",40.7911493,-73.9463028,1291.58512720157
"Co-op for sale",590000,2,1,800,"Brooklyn, NY 11230","800 E 17th St Apt 4ABrooklyn, NY 11230","Kings County","Brooklyn","800 E 17th St #4a, Brooklyn, NY 11230, USA",40.6311681,-73.9610093,737.5
"Condo for sale",610000,1,1,673,"Manhattan, NY 10280","21 S End Ave Apt 435Manhattan, NY 10280","New York County","New York","21 South End Ave APT 435, New York, NY 10280, USA",40.7082816,-74.0180413,906.389301634473
"Pending",1238000,3,2,1550,"Flushing, NY 11358","44-11 192nd StFlushing, NY 11358","New York","Queens County","44-11 192nd St, Flushing, NY 11358, USA",40.7561033,-73.7889919,798.709677419355
"Multi-family home for sale",789000,4,2,2184.207862,"Brooklyn, NY 11203","941 E 46th StBrooklyn, NY 11203","New York","Kings County","941 E 46th St, Brooklyn, NY 11203, USA",40.6382091,-73.9325492,361.229356292831
"Contingent",699888,3,2,1870,"Staten Island, NY 10312","94 Lorraine AveStaten Island, NY 10312","New York","Richmond County","94 Lorrain Ave, Staten Island, NY 10312, USA",40.541476,-74.174618,374.271657754011
"Condo for sale",1299000,1,2,1066,"New York, NY 10022","117 E 57th St Units 34 & 35CNew York, NY 10022","New York County","New York","117 E 57th St APT 34F, New York, NY 10022, USA",40.7617181,-73.969764,1218.57410881801
"House for sale",632000,4,2,1496,"Staten Island, NY 10312","40 Princeton LnStaten Island, NY 10312","New York","Richmond County","40 Princeton Ln, Staten Island, NY 10312, USA",40.5533858,-74.1974018,422.459893048128
"Co-op for sale",499000,2,1,2184.207862,"Forest Hills, NY 11375","67-66 108th St Unit B47Forest Hills, NY 11375","New York","Queens County","67-66 108th St, Forest Hills, NY 11375, USA",40.7272034,-73.8471901,228.458110000155
"Pending",895000,2,1,2184.207862,"Manhattan, NY 10011","365 W 20th St Apt 9CManhattan, NY 10011","New York County","New York","365 W 20th St Apt 9b, New York, NY 10011, USA",40.7443407,-74.0016248,409.759535972222
"Condo for sale",8e+05,2,1,850,"Brooklyn, NY 11216","1240 Bedford Ave Apt 1FBrooklyn, NY 11216","Kings County","Brooklyn","1240 Bedford Ave #1f, Brooklyn, NY 11216, USA",40.6813996,-73.9537521,941.176470588235
"Condo for sale",725000,1,1,696,"Brooklyn, NY 11238","190 Lefferts Pl Apt 5Brooklyn, NY 11238","Kings County","Brooklyn","190 Lefferts Pl APT 5, Brooklyn, NY 11238, USA",40.6802147,-73.9567445,1041.66666666667
"Co-op for sale",349500,1,1,900,"Queens, NY 11375","111-39 76th Rd Unit F7Queens, NY 11375","Queens County","Queens","11139 76th Rd Apt F7, Forest Hills, NY 11375, USA",40.7157399,-73.83672,388.333333333333
"Co-op for sale",625000,2,1,2184.207862,"New York, NY 10025","2790 Broadway Apt 5ANew York, NY 10025","New York County","New York","2790 Broadway #5a, New York, NY 10025, USA",40.8025988,-73.9673459,286.144927354904
"Multi-family home for sale",1090000,5,3,2184.207862,"Ridgewood, NY 11385","22-08 Greene AveRidgewood, NY 11385","New York","Queens County","22-08 Greene Ave, Flushing, NY 11385, USA",40.7110433,-73.9060792,499.036753306952
"Multi-family home for sale",1348000,6,3,2184.207862,"Corona, NY 11368","112-18 38 AveCorona, NY 11368","New York","Queens County","112-18 38th Ave, Flushing, NY 11368, USA",40.7535493,-73.8547131,617.157379319057
"Co-op for sale",2975000,3,2,2184.207862,"New York, NY 10021","829 Park Ave Apt 11BNew York, NY 10021","New York County","New York","829 Park Ave #11b, New York, NY 10021, USA",40.7733572,-73.961686,1362.04985420934
"Co-op for sale",280000,1,1,2184.207862,"Flushing, NY 11355","42-42 Colden St Unit 622Flushing, NY 11355","Queens County","Queens","42-42 Colden St #622, Flushing, NY 11355, USA",40.7533266,-73.8265256,128.192927454997
"Co-op for sale",259000,1,1,2184.207862,"Elmhurst, NY 11373","89-20 55 Ave Unit 1LElmhurst, NY 11373","Queens County","Queens","89-20 55th Ave Apt 1U, Elmhurst, NY 11373, USA",40.7365072,-73.8733466,118.578457895872
"Condo for sale",12495000,4,3,2184.207862,"New York, NY 10012","7 Bond StNew York, NY 10012","New York","New York County","7 Bond St, New York, NY 10012, USA",40.7265745,-73.9945558,5720.60938767924
"Multi-family home for sale",4800000,5,6,2184.207862,"Brooklyn, NY 11205","206 Vanderbilt AveBrooklyn, NY 11205","New York","Kings County","206 Vanderbilt Ave, Brooklyn, NY 11205, USA",40.6912637,-73.9696573,2197.59304208566
"Co-op for sale",398000,3,1,1000,"Flushing, NY 11354","141-10 25th Rd Unit 4BFlushing, NY 11354","Queens County","Queens","141-10 25th Rd #4b, Flushing, NY 11354, USA",40.7756728,-73.827111,398
"Co-op for sale",329000,2,1,850,"Bronx, NY 10465","33 Alden Park Unit 33Bronx, NY 10465","United States","New York","Alden Park, Bronx, NY 10465, USA",40.8223617,-73.8072499,387.058823529412
"Co-op for sale",385000,1,1,2184.207862,"Brooklyn, NY 11209","8701 Shore Rd Apt 432Brooklyn, NY 11209","Kings County","Brooklyn","8701 Shore Rd Apt 432, Brooklyn, NY 11209, USA",40.6249201,-74.0404698,176.265275250621
"Multi-family home for sale",1325000,9,3,2184.207862,"Brooklyn, NY 11208","37 Sheridan AveBrooklyn, NY 11208","New York","Kings County","37 Sheridan Ave, Brooklyn, NY 11208, USA",40.6817405,-73.8676128,606.627245992396
"House for sale",968000,3,2,2845,"Staten Island, NY 10314","107 McVeigh AveStaten Island, NY 10314","New York","Richmond County","107 McVeigh Ave, Staten Island, NY 10314, USA",40.588988,-74.1530581,340.2460456942
"Co-op for sale",350000,1,1,2184.207862,"Rego Park, NY 11374","61-15 97 St Unit 12DRego Park, NY 11374","Queens County","Queens","61-15 97th St #12d, Rego Park, NY 11374, USA",40.7337965,-73.8620837,160.241159318746
"Pending",2750000,3,4,2900,"Manhattan, NY 10019","171 W 57th St Apt 11BManhattan, NY 10019","New York County","New York","171 W 57th St APT 11A, New York, NY 10019, USA",40.7656355,-73.9795713,948.275862068965
"Condo for sale",498000,1,1,785,"Rego Park, NY 11374","64-48 Booth St Unit 1ERego Park, NY 11374","Queens County","Queens","64-48 Booth St #1e, Rego Park, NY 11374, USA",40.7275115,-73.86069,634.394904458599
"Townhouse for sale",1675000,5,2,2100,"Brooklyn, NY 11221","841 Willoughby AveBrooklyn, NY 11221","New York","Kings County","841 Willoughby Ave, Brooklyn, NY 11221, USA",40.6957069,-73.9344472,797.619047619048
"Co-op for sale",525000,3,1,2184.207862,"New York, NY 10003","111 Fourth Ave Unit 12ANew York, NY 10003","New York County","New York","111 4th Ave #12a, New York, NY 10003, USA",40.7324146,-73.9898491,240.361738978119
"Co-op for sale",280000,1,1,850,"Brooklyn, NY 11235","2940 Ocean Ave Apt A7Brooklyn, NY 11235","Kings County","Brooklyn","2940 Ocean Ave Apt A7, Brooklyn, NY 11235, USA",40.5895139,-73.9497416,329.411764705882
"House for sale",849000,4,2,2184.207862,"South Ozone Park, NY 11420","120-09 Linden BlvdSouth Ozone Park, NY 11420","New York","Queens County","120-09 Linden Blvd, Jamaica, NY 11420, USA",40.6793288,-73.8192101,388.699269318901
"Condo for sale",1250000,1,1,855,"New York, NY 10128","389 E 89th St Apt 15ANew York, NY 10128","New York County","New York","389 E 89th St #15a, New York, NY 10128, USA",40.7791164,-73.9482901,1461.98830409357
"Condo for sale",359999,3,2,2184.207862,"Bronx, NY 10456","753B Saint Anns Ave Unit 52BBronx, NY 10456","Bronx County","The Bronx","753B St Ann's Ave #52B, Bronx, NY 10456, USA",40.8203804,-73.9109368,164.819020324541
"Co-op for sale",229000,1,1,2184.207862,"Astoria, NY 11105","21-16 35th St Unit 1BAstoria, NY 11105","Queens County","Queens","21-16 35th St #1b, Astoria, NY 11105, USA",40.7763731,-73.9073075,104.843501382837
"Land for sale",1002500,3,2.37386085796844,2184.207862,"Bronx, NY 10471","667 W 246th StBronx, NY 10471","New York","Bronx County","667 W 246th St, Bronx, NY 10471, USA",40.892224,-73.9127628,458.976463477266
"Co-op for sale",3995000,3,2,2184.207862,"Manhattan, NY 10003","22 E 18th St Apt 4EManhattan, NY 10003","New York County","New York","22 E 18th St #4a, New York, NY 10003, USA",40.7379419,-73.9907264,1829.03837565255
"Multi-family home for sale",1499000,6,4,3450,"Staten Island, NY 10304","91 Alter AveStaten Island, NY 10304","New York","Richmond County","91 Alter Ave, Staten Island, NY 10304, USA",40.5922552,-74.0972237,434.492753623188
"Condo for sale",2649000,3,3,1699,"New York, NY 10016","330 E 38th St Apt 41NNew York, NY 10016","New York County","New York","330 E 38th St APT 41F, New York, NY 10016, USA",40.7463283,-73.972718,1559.1524426133
"Condo for sale",385000,2,1,919,"Brooklyn, NY 11207","12205 Flatlands Ave Apt 3HBrooklyn, NY 11207","Kings County","Brooklyn","12205 Flatlands Ave #3h, Brooklyn, NY 11207, USA",40.6543591,-73.8837899,418.933623503808
"Co-op for sale",695000,1,1,2184.207862,"Manhattan, NY 10019","205 W 54th St Apt 5DManhattan, NY 10019","New York County","New York","205 W 54th St #5b, New York, NY 10019, USA",40.7640805,-73.9818551,318.193159218653
"Multi-family home for sale",1799000,7,2,4140,"Bronx, NY 10457","1746 Anthony AveBronx, NY 10457","New York","Bronx County","1746 Anthony Ave, Bronx, NY 10457, USA",40.8451935,-73.9036716,434.541062801932
"Condo for sale",585000,3,2.37386085796844,2184.207862,"Queens, NY 11101","45-30 Pearson StQueens, NY 11101","New York","Queens County","45-30 Pearson St, Long Island City, NY 11101, USA",40.7453084,-73.9445819,267.83165200419
"Pending",1688000,4,3,2880,"Whitestone, NY 11357","1307 157th StWhitestone, NY 11357","New York","Queens County","13-07 157th St, Flushing, NY 11357, USA",40.7897224,-73.8045254,586.111111111111
"Co-op for sale",179000,1,1,600,"Brooklyn, NY 11210","2913 Foster Ave Apt 2FBrooklyn, NY 11210","Kings County","Brooklyn","2913 Foster Ave #2f, Brooklyn, NY 11210, USA",40.6387293,-73.9490472,298.333333333333
"Condo for sale",2100000,3,3,1638,"Manhattan, NY 10022","235 E 55th St Unit 43ABManhattan, NY 10022","New York County","New York","231-235 E 55th St # 43b, New York, NY 10022, USA",40.7585686,-73.9669708,1282.05128205128
"Townhouse for sale",615000,3,2.37386085796844,1664,"Bronx, NY 10469","3217 Radcliff AveBronx, NY 10469","New York","Bronx County","3217 Radcliff Ave, Bronx, NY 10469, USA",40.872068,-73.8605942,369.591346153846
"Co-op for sale",323000,1,1,800,"Brooklyn, NY 11223","2400 E 3rd St Apt 228Brooklyn, NY 11223","Kings County","Brooklyn","2400 E 3rd St Apt 228, Brooklyn, NY 11223, USA",40.5911414,-73.9676771,403.75
"Condo for sale",880000,1,1,713,"Queens, NY 11101","44-15 Purves St Unit 14BQueens, NY 11101","New York","Queens County","44-15 Purves St, Long Island City, NY 11101, USA",40.747145,-73.9408974,1234.22159887798
"Land for sale",675000,3,2.37386085796844,2184.207862,"Brooklyn, NY 11235","34 Brighton 4th WalkBrooklyn, NY 11235","New York","Kings County","34 Brighton 4th Walk, Brooklyn, NY 11235, USA",40.5802632,-73.9638613,309.036521543296
"Condo for sale",1500000,2,2,1334,"New York, NY 10027","50 W 127th St # BNew York, NY 10027","New York","New York County","50 W 127th St, New York, NY 10027, USA",40.8084181,-73.9433027,1124.43778110945
"Co-op for sale",425000,3,1,2184.207862,"New York, NY 10065","150 E 61st St Apt 5KNew York, NY 10065","New York County","New York","150 E 61st St #5k, New York, NY 10065, USA",40.7631119,-73.9668867,194.578550601335
"Co-op for sale",2175000,4,4,2184.207862,"New York, NY 10016","132 E 35th St # 16GHNew York, NY 10016","New York County","New York","132 E 35th St #16h, New York, NY 10016, USA",40.7468058,-73.9797483,995.784347195065
"Co-op for sale",1296000,2,2,1200,"New York, NY 10075","515 E 79th St Apt 6ANew York, NY 10075","New York County","New York","515 E 79th St #6a, New York, NY 10075, USA",40.7709564,-73.9487946,1080
"Co-op for sale",3395000,4,3,3111,"New York, NY 10023","129 W 70th St Unit 1New York, NY 10023","New York County","New York","129 W 70th St Apt 1a, New York, NY 10023, USA",40.7763812,-73.9800135,1091.28897460624
"Co-op for sale",450000,2,1,1100,"Brooklyn, NY 11229","2675 Ocean Ave Apt 3BBrooklyn, NY 11229","Kings County","Brooklyn","2675 Ocean Ave #3b, Brooklyn, NY 11229, USA",40.595967,-73.9504018,409.090909090909
"Condo for sale",649000,3,2,1770,"Rockaway Park, NY 11694","103-06 Rockaway Beach Blvd Unit 3CRockaway Park, NY 11694","Queens County","Queens","10306 Rockaway Beach Blvd #3c, Rockaway Park, NY 11694, USA",40.5838274,-73.8243138,366.666666666667
"Pending",1295000,2,2,2000,"New York, NY 10001","130 W 26th St Apt 3New York, NY 10001","New York County","New York","130 W 26th St Apt 3, New York, NY 10001, USA",40.7450475,-73.9923569,647.5
"Pending",1775000,2,2,2184.207862,"Brooklyn, NY 11201","21 Monroe Pl Apt 3FLBrooklyn, NY 11201","Kings County","Brooklyn","21 Monroe Pl #3f, Brooklyn, NY 11201, USA",40.6965907,-73.9926789,812.651593687927
"Co-op for sale",265000,2,1,900,"Brooklyn, NY 11235","2461 E 29th St Apt 3FBrooklyn, NY 11235","Kings County","Brooklyn","2461 E 29th St #3f, Brooklyn, NY 11235, USA",40.5920038,-73.9410354,294.444444444444
"Condo for sale",3595000,2,2,2184.207862,"New York, NY 10023","15 W 61st St Apt 22BNew York, NY 10023","New York County","New York","15 W 61st St #22b, New York, NY 10023, USA",40.7701937,-73.9829177,1645.90562214541
"Pending",769000,2,2,2184.207862,"Forest Hills, NY 11375","102-42 63rd AveForest Hills, NY 11375","New York","Queens County","102-42 63rd Ave, Forest Hills, NY 11375, USA",40.7339071,-73.8535727,352.072718617474
"Multi-family home for sale",1350000,9,3,3318,"Bronx, NY 10451","307 E 162nd StBronx, NY 10451","New York","Bronx County","307 E 162nd St, Bronx, NY 10451, USA",40.8262094,-73.9164423,406.871609403255
"Multi-family home for sale",797777,4,2,2184.207862,"Jamaica, NY 11436","117-63 140th StJamaica, NY 11436","New York","Queens County","11763 140th St, Jamaica, NY 11436, USA",40.6764388,-73.8008604,365.247746736661
"Pending",4650000,6,2.37386085796844,4734,"Brooklyn, NY 11238","168 Lafayette AveBrooklyn, NY 11238","New York","Kings County","168 Lafayette Ave, Brooklyn, NY 11238, USA",40.6875443,-73.9701737,982.256020278834
"Pending",680000,4,2,1536,"Ozone Park, NY 11417","135-30 94th StOzone Park, NY 11417","New York","Queens County","135-30 94th St, Jamaica, NY 11417, USA",40.6729488,-73.8425151,442.708333333333
"House for sale",549000,4,2,2184.207862,"Far Rockaway, NY 11691","10-18 Beach 22nd StFar Rockaway, NY 11691","New York","Queens County","10-18 Beach 22nd St, Far Rockaway, NY 11691, USA",40.6027057,-73.7548417,251.349704188548
"Pending",13650000,5,2.37386085796844,2184.207862,"New York, NY 10021","164 E 70th StNew York, NY 10021","New York","New York County","164 E 70th St, New York, NY 10021, USA",40.7686449,-73.9625686,6249.4052134311
"House for sale",749000,3,2,1400,"Brooklyn, NY 11234","4593 Kings HwyBrooklyn, NY 11234","New York","Kings County","4593 Kings Hwy, Brooklyn, NY 11234, USA",40.6306818,-73.9325033,535
"Co-op for sale",398000,3,1,900,"Brooklyn, NY 11204","1953 65th St Apt 3ABrooklyn, NY 11204","Kings County","Brooklyn","1953 65th St #3a, Brooklyn, NY 11204, USA",40.617177,-73.986447,442.222222222222
"Condo for sale",680000,2,2,847,"Elmhurst, NY 11373","90-20 55th Ave Unit 4AElmhurst, NY 11373","Queens County","Queens","90-20 55th Ave #4a, Elmhurst, NY 11373, USA",40.7367106,-73.8722089,802.833530106257
"Co-op for sale",499000,2,1,2184.207862,"Queens, NY 11372","34-47 82nd St Unit 1Queens, NY 11372","Queens County","Queens","3447 82nd St Apt 1, Jackson Heights, NY 11372, USA",40.7537299,-73.88503,228.458110000155
"Townhouse for sale",2250000,4,2,1360,"Brooklyn, NY 11218","571 17th StBrooklyn, NY 11218","New York","Kings County","571 17th St, Brooklyn, NY 11218, USA",40.6568189,-73.9795706,1654.41176470588
"Pending",550000,3,2,1520,"Staten Island, NY 10305","9 Zoe StStaten Island, NY 10305","New York","Richmond County","9 Zoe St, Staten Island, NY 10305, USA",40.5878221,-74.097086,361.842105263158
"Townhouse for sale",4995000,6,2.37386085796844,7868,"Manhattan, NY 10003","325 E 14th StManhattan, NY 10003","New York","New York County","325 E 14th St, New York, NY 10003, USA",40.7320958,-73.9837146,634.85002541942
"Pending",2650000,5,2,2500,"New York, NY 10028","64 E 86th St # 10BANew York, NY 10028","New York County","New York","64 East 86th St #10b, New York, NY 10028, USA",40.7804508,-73.9582141,1060
"House for sale",7188000,3,3,4108,"New York, NY 10007","60 Warren St Fl 3New York, NY 10007","New York County","New York","60 Warren St FL 3, New York, NY 10007, USA",40.7150155,-74.0093372,1749.75657254138
"Townhouse for sale",1500000,14,7,6375,"Bronx, NY 10460","797 Fairmount Pl Unit BuildingBronx, NY 10460","New York","Bronx County","797 Fairmount Pl, Bronx, NY 10460, USA",40.8426571,-73.8884167,235.294117647059
"Co-op for sale",999000,1,1,2184.207862,"Brooklyn, NY 11215","40 Prospect Park W Apt 3GBrooklyn, NY 11215","Kings County","Brooklyn","40 Prospect Park W #3g, Brooklyn, NY 11215, USA",40.6698886,-73.9726587,457.374051884078
"Condo for sale",799000,2,2,868,"Bayside, NY 11361","214-11 35th Ave Unit 3ABayside, NY 11361","Queens County","Queens","214-11 35th Ave #3a, Bayside, NY 11361, USA",40.7696789,-73.772159,920.506912442396
"Condo for sale",699000,1,1,2184.207862,"Woodside, NY 11377","40-22 61st St Unit 2KWoodside, NY 11377","Queens","Flushing","Parking lot, 40-22 61st St #2, Flushing, NY 11377, USA",40.7441863,-73.9037635,320.024486753724
"Co-op for sale",940000,2,1,2184.207862,"Manhattan, NY 10021","401 E 74th St Apt 14AManhattan, NY 10021","New York County","New York","401 E 74th St #14a, New York, NY 10021, USA",40.7689684,-73.9543121,430.361970741775
"Townhouse for sale",3460000,2,2,2484,"Brooklyn, NY 11201","168 Plymouth St # ThcBrooklyn, NY 11201","New York","Kings County","168 Plymouth St, Brooklyn, NY 11201, USA",40.7037221,-73.9870968,1392.91465378422
"Condo for sale",1395000,2,2,2184.207862,"Manhattan, NY 10028","233 E 86th St Apt 14CManhattan, NY 10028","New York County","New York","233 East 86th St #14c, New York, NY 10028, USA",40.778484,-73.9524912,638.675477856145
"House for sale",629000,3,2,1575,"Bronx, NY 10469","3312 Paulding Ave Unit ABronx, NY 10469","New York","Bronx County","3312 Paulding Ave, Bronx, NY 10469, USA",40.8734881,-73.8582333,399.365079365079
"Townhouse for sale",2850000,4,2.37386085796844,1725,"Brooklyn, NY 11215","343 Prospect AveBrooklyn, NY 11215","New York","Kings County","343 Prospect Ave, Brooklyn, NY 11215, USA",40.6622005,-73.9869853,1652.17391304348
"Co-op for sale",2995000,3,4,2184.207862,"New York, NY 10019","24 Central Park S # 3WNew York, NY 10019","New York County","New York","24 Central Park S # 3e, New York, NY 10019, USA",40.7703005,-73.9804715,1371.2064918847
"Co-op for sale",2750000,2,2,2184.207862,"New York, NY 10065","1 E 66th St Unit 2ANew York, NY 10065","New York County","New York","1 E 66th St #2a, New York, NY 10065, USA",40.7687082,-73.9694439,1259.03768036158
"Townhouse for sale",1100000,9,3,3944,"Bronx, NY 10457","1829 Topping AveBronx, NY 10457","New York","Bronx County","1829 Topping Ave, Bronx, NY 10457, USA",40.8473585,-73.9057344,278.904665314402
"Co-op for sale",1395000,2,2,2184.207862,"Manhattan, NY 10021","45 E 72nd St Apt 8BManhattan, NY 10021","New York County","New York","45 E 72nd St #8b, New York, NY 10021, USA",40.7716485,-73.9646206,638.675477856145
"Pending",599000,3,3,1392,"Staten Island, NY 10308","245 Doane AveStaten Island, NY 10308","New York","Richmond County","245 Doane Ave, Staten Island, NY 10308, USA",40.5556599,-74.1550879,430.316091954023
"Multi-family home for sale",1049000,6,2,2184.207862,"Middle Village, NY 11379","75-21 67th RdMiddle Village, NY 11379","New York","Queens County","75-21 67th Rd, Flushing, NY 11379, USA",40.7124648,-73.8767192,480.265646072471
"Condo for sale",4250000,2,2,1778,"New York, NY 10001","15 Hudson Yards Apt 34ANew York, NY 10001","New York County","New York","15 Hudson Yards #34a, New York, NY 10001, USA",40.7537586,-74.003221,2390.32620922385
"Co-op for sale",925000,3,2,1700,"New York, NY 10065","205 E 63rd St Apt 6BNew York, NY 10065","New York County","New York","205 E 63rd St #6b, New York, NY 10065, USA",40.7640501,-73.964336,544.117647058824
"Condo for sale",1695000,2,2,1035,"Brooklyn, NY 11211","526 Union Ave Ph 1Brooklyn, NY 11211","Kings County","Brooklyn","526 Union Ave Ph 1, Brooklyn, NY 11211, USA",40.7163702,-73.9515728,1637.68115942029
"Condo for sale",599000,1,1,958,"Jackson Heights, NY 11372","37-32 89th St Unit 1AJackson Heights, NY 11372","Queens County","Queens","37-32 89th St #1a, Queens, NY 11372, USA",40.7494499,-73.8778676,625.260960334029
"Co-op for sale",1250000,2,2,1350,"New York, NY 10065","860 Fifth Ave Unit 7FNew York, NY 10065","New York County","New York","860 5th Ave #7f, New York, NY 10065, USA",40.7695956,-73.9688773,925.925925925926
"Condo for sale",610000,3,2.37386085796844,923,"Brooklyn, NY 11238","55 Greene Ave Ste 2BBrooklyn, NY 11238","Kings County","Brooklyn","55 Greene Ave #2b, Brooklyn, NY 11238, USA",40.6863077,-73.9709274,660.888407367281
"Multi-family home for sale",2299000,8,5,2700,"Bayside, NY 11361","204-20 46 AveBayside, NY 11361","New York","Queens County","204-20 46th Ave, Queens, NY 11361, USA",40.7556144,-73.777277,851.481481481482
"House for sale",1350000,3,2.37386085796844,2184.207862,"Nyc, NY 10029","219 E 115th StNyc, NY 10029","New York","New York County","219 E 115th St, New York, NY 10029, USA",40.7970316,-73.9395297,618.073043086592
"Co-op for sale",2395000,4,4,3600,"New York, NY 10017","870 United Nations Plz Units 31 & 32FNew York, NY 10017","New York County","New York","870 United Nations Plaza Apt 31b, New York, NY 10017, USA",40.7491926,-73.9695417,665.277777777778
"House for sale",3750000,13,8,2184.207862,"Astoria, NY 11103","37-02 31st Ave Unit BuildingAstoria, NY 11103","New York","Queens County","37-02 31st Ave, Long Island City, NY 11103, USA",40.7618536,-73.9187072,1716.86956412942
"Condo for sale",1080000,2,2,1545,"College Point, NY 11356","14-50 110th St Unit E301College Point, NY 11356","Queens County","Queens","14- 50 110th St #301, College Point, NY 11356, USA",40.7841243,-73.8569018,699.029126213592
"Pending",450000,2,1,2184.207862,"Brooklyn, NY 11211","256 S 4th St Apt 6Brooklyn, NY 11211","Kings County","Brooklyn","256 S 4th St Apartment 6, Brooklyn, NY 11211, USA",40.709819,-73.957902,206.024347695531
"Multi-family home for sale",2250000,10,2.37386085796844,5200,"Brooklyn, NY 11219","1102 Ovington AveBrooklyn, NY 11219","New York","Kings County","1102 Ovington Ave, Brooklyn, NY 11219, USA",40.6266296,-74.0077129,432.692307692308
"Co-op for sale",588888,3,2,1150,"Rego Park, NY 11374","9737 63rd Rd Apt 9ERego Park, NY 11374","Queens County","Queens","97-37 63rd Rd #9e, Rego Park, NY 11374, USA",40.7318958,-73.8599645,512.07652173913
"Co-op for sale",279000,2,1,2184.207862,"Jamaica, NY 11432","160-10 89th Ave Unit 15LJamaica, NY 11432","Queens County","Queens","16010 89th Ave Apt 15l, Jamaica, NY 11432, USA",40.7063799,-73.79996,127.735095571229
"Condo for sale",1199000,2,1,1080,"Brooklyn, NY 11209","9511 Shore Rd Apt 602Brooklyn, NY 11209","Kings County","Brooklyn","9511 Shore Rd APT 602, Brooklyn, NY 11209, USA",40.6163434,-74.0377889,1110.18518518519
"House for sale",1390000,3,2,1276,"Bronx, NY 10463","3401 Fort Independence StBronx, NY 10463","New York","Bronx County","3401 Fort Independence St, Bronx, NY 10463, USA",40.8807227,-73.8993457,1089.34169278997
"Multi-family home for sale",1150000,6,3,2400,"Brooklyn, NY 11234","1240 E 48th StBrooklyn, NY 11234","New York","Kings County","1240 E 48th St, Brooklyn, NY 11234, USA",40.6309272,-73.9303563,479.166666666667
"Co-op for sale",6350000,4,4,2184.207862,"New York, NY 10024","230 Central Park W Apt 3ANew York, NY 10024","New York County","New York","230 Central Park W #3a, New York, NY 10024, USA",40.7836703,-73.9709274,2907.23246192582
"Condo for sale",650000,2,2,1013,"Bronx, NY 10463","3625 Oxford Ave Apt 6BBronx, NY 10463","Bronx County","The Bronx","3625 Oxford Ave #6b, Bronx, NY 10463, USA",40.8870567,-73.908722,641.658440276407
"House for sale",599999,3,2,1340,"Brooklyn, NY 11212","524 Thomas S Boyland StBrooklyn, NY 11212","New York","Kings County","524 Thomas S Boyland St, Brooklyn, NY 11212, USA",40.6677486,-73.9134481,447.760447761194
"Co-op for sale",395000,2,1,950,"Bronx, NY 10471","5900 Arlington Ave Apt 5HBronx, NY 10471","Bronx County","The Bronx","5900 Arlington Ave #5h, Bronx, NY 10471, USA",40.909252,-73.905421,415.789473684211
"Co-op for sale",299000,1,1,700,"Jackson Heights, NY 11372","33-15 81st St Unit 4DJackson Heights, NY 11372","Queens County","Queens","33-15 81st St #4d, Flushing, NY 11372, USA",40.7547282,-73.8859706,427.142857142857
"Condo for sale",549000,2,2,1113,"Howard Beach, NY 11414","85-09 151st Ave Unit 1HHoward Beach, NY 11414","Queens County","Queens","85-09 151st Ave #1h, Howard Beach, NY 11414, USA",40.6687898,-73.8494942,493.261455525606
"Condo for sale",1350000,2,2,1066,"Brooklyn, NY 11222","460 Manhattan Ave Apt 2BBrooklyn, NY 11222","Kings County","Brooklyn","460 Manhattan Ave #2b, Brooklyn, NY 11222, USA",40.7200818,-73.9473654,1266.41651031895
"Condo for sale",499000,1,1,571,"Woodside, NY 11377","52-16 Roosevelt Ave Unit 3AWoodside, NY 11377","Queens County","Queens","52-16 Roosevelt Ave #3a, Flushing, NY 11377, USA",40.7440779,-73.9118986,873.905429071804
"Condo for sale",1351242,2,2,1026,"Queens, NY 11101","3 Court Sq W Unit 403Queens, NY 11101","Queens County","Queens","3 Ct Square W Ph 403, Long Island City, NY 11101, USA",40.747963,-73.944456,1317
"Co-op for sale",249000,2,1,830,"Brooklyn, NY 11223","2547 W 2nd St Apt 2JBrooklyn, NY 11223","Kings County","Brooklyn","2547 W 2nd St #2j, Brooklyn, NY 11223, USA",40.5871568,-73.9709274,300
"Condo for sale",479000,1,2,1096,"Brooklyn, NY 11208","44 Euclid Ave Apt 1ABrooklyn, NY 11208","Kings County","Brooklyn","44 Euclid Ave #1a, Brooklyn, NY 11208, USA",40.6874842,-73.8754674,437.043795620438
"Condo for sale",1899000,3,2,1757,"Brooklyn, NY 11235","65 Oceana Dr E Apt 8DBrooklyn, NY 11235","Kings County","Brooklyn","65 Oceana Dr E #8d, Brooklyn, NY 11235, USA",40.5769367,-73.9570143,1080.81957882755
"Co-op for sale",275000,1,1,694,"Briarwood, NY 11435","85-15 Main St Unit 12NBriarwood, NY 11435","Queens County","Queens","8515 Main St Apt 12e, Jamaica, NY 11435, USA",40.7102499,-73.81917,396.253602305476
"Condo for sale",2150000,2,2,1711,"Manhattan, NY 10023","243 W 60th St Apt 5FManhattan, NY 10023","New York County","New York","243 W 60th St #5b, New York, NY 10023, USA",40.771979,-73.9889567,1256.57510227937
"Co-op for sale",1999000,3,3,1950,"New York, NY 10128","1192 Park Ave # 5DNew York, NY 10128","New York County","New York","1192 Park Ave #5d, New York, NY 10128, USA",40.7851745,-73.9538945,1025.12820512821
"House for sale",1588000,5,2.37386085796844,2580,"Brooklyn, NY 11228","8407 15th AveBrooklyn, NY 11228","New York","Kings County","8407 15th Ave, Brooklyn, NY 11228, USA",40.6122575,-74.0082788,615.503875968992
"Townhouse for sale",3200000,7,4,2976,"Brooklyn, NY 11217","140 Hoyt StBrooklyn, NY 11217","New York","Kings County","140 Hoyt St, Brooklyn, NY 11217, USA",40.6861131,-73.9882714,1075.2688172043
"Co-op for sale",1999000,2,2,2184.207862,"New York, NY 10028","969 Park Ave # 12FNew York, NY 10028","New York County","New York","969 Park Ave #12b, New York, NY 10028, USA",40.7776874,-73.9585526,915.205935651925
"Condo for sale",1745000,2,2,1574,"Queens, NY 11101","27-28 Thomson Ave Unit 422Queens, NY 11101","Queens County","Queens","2728 Thomson Ave UNIT 422, Long Island City, NY 11101, USA",40.7457551,-73.9417456,1108.64040660737
"House for sale",1488000,3,2,2886,"Staten Island, NY 10306","141 Beacon AveStaten Island, NY 10306","New York","Richmond County","141 Beacon Ave, Staten Island, NY 10306, USA",40.5792773,-74.1211285,515.592515592516
"Condo for sale",1494000,1,2,1444,"New York, NY 10075","507 E 80th St Apt 1RNew York, NY 10075","New York County","New York","507 E 80th St #1r, New York, NY 10075, USA",40.7719269,-73.949189,1034.62603878116
"Multi-family home for sale",1108900,6,2,2664,"Brooklyn, NY 11209","626 Ovington AveBrooklyn, NY 11209","New York","Kings County","626 Ovington Ave, Brooklyn, NY 11209, USA",40.63089,-74.018305,416.253753753754
"Multi-family home for sale",3200000,3,4,3040,"Brooklyn, NY 11231","405 Sackett StBrooklyn, NY 11231","New York","Kings County","405 Sackett St, Brooklyn, NY 11231, USA",40.6817403,-73.9916448,1052.63157894737
"House for sale",650000,3,2,1110,"Staten Island, NY 10304","64 Baltic AveStaten Island, NY 10304","New York","Richmond County","64 Baltic Ave, Staten Island, NY 10304, USA",40.6057728,-74.0906176,585.585585585586
"Townhouse for sale",2050000,12,8,8049,"Brooklyn, NY 11216","732 Prospect PlBrooklyn, NY 11216","New York","Kings County","732 Prospect Pl, Brooklyn, NY 11216, USA",40.6743116,-73.9522812,254.690023605417
"Multi-family home for sale",1998000,19,8,5890,"Brooklyn, NY 11215","1902 8th AveBrooklyn, NY 11215","New York","Kings County","1902 8th Ave, Brooklyn, NY 11215, USA",40.6585481,-73.9859643,339.219015280136
"House for sale",1250000,5,4,2755,"Staten Island, NY 10305","17 Lansing StStaten Island, NY 10305","New York","Richmond County","17 Lansing St, Staten Island, NY 10305, USA",40.5923372,-74.0687941,453.720508166969
"Co-op for sale",749000,2,1,1000,"Manhattan, NY 10021","402 E 74th St Apt 4BManhattan, NY 10021","New York County","New York","402 E 74th St #4b, New York, NY 10021, USA",40.7686208,-73.9544906,749
"Multi-family home for sale",1215000,13,7,5250,"Bronx, NY 10473","943 Croes AveBronx, NY 10473","New York","Bronx County","943 Croes Ave, Bronx, NY 10473, USA",40.82384,-73.8695469,231.428571428571
"Co-op for sale",399000,1,1,2184.207862,"Forest Hills, NY 11375","110-50 71 Rd Unit 3LForest Hills, NY 11375","Queens County","Queens","110-50 71st Rd #3a, Flushing, NY 11375, USA",40.721991,-73.8393784,182.674921623371
"Co-op for sale",2465000,2,2,1400,"New York, NY 10024","311 W 83rd St Apt 5ANew York, NY 10024","New York County","New York","311 W 83rd St #5a, New York, NY 10024, USA",40.7873301,-73.9797201,1760.71428571429
"Co-op for sale",1200000,2,2,2184.207862,"Manhattan, NY 10128","64 E 94th St Apt 4EManhattan, NY 10128","New York County","New York","64 E 94th St #4a, New York, NY 10128, USA",40.7854218,-73.9544887,549.398260521416
"Co-op for sale",439000,3,1,475,"New York, NY 10003","54 E 8th St Apt 3LNew York, NY 10003","New York County","New York","54 E 8th St #3l, New York, NY 10003, USA",40.7308814,-73.9937801,924.210526315789
"Condo for sale",975000,2,2,930,"Brooklyn, NY 11207","68 Eldert St # 3BBrooklyn, NY 11207","Kings County","Brooklyn","68 Eldert St #3b, Brooklyn, NY 11207, USA",40.6869771,-73.9126141,1048.38709677419
"Townhouse for sale",1499000,6,4,2184.207862,"Brooklyn, NY 11221","114 Patchen AveBrooklyn, NY 11221","New York","Kings County","114 Patchen Ave, Brooklyn, NY 11221, USA",40.6878701,-73.9272448,686.289993768002
"Condo for sale",650000,3,1,1050,"Prospect Lefferts Gardens, NY 11225","2501 Snyder Ave Unit 3EProspect Lefferts Gardens, NY 11225","Flatbush","Snyder Avenue","Parking, Parking lot, 2501 Snyder Ave APT 3F, Brooklyn, NY 11226, USA",40.6492401,-73.9534818,619.047619047619
"Townhouse for sale",2550000,8,4,3900,"Brooklyn, NY 11215","489 7th Ave Unit TownhouseBrooklyn, NY 11215","New York","Kings County","489 7th Ave, Brooklyn, NY 11215, USA",40.6616741,-73.985673,653.846153846154
"House for sale",3200000,6,5,5000,"New York, NY 10027","18 W 127th StNew York, NY 10027","New York","New York County","18 W 127th St, New York, NY 10027, USA",40.8079404,-73.942354,640
"Condo for sale",1999999,4,4,2743,"Manhattan, NY 10024","269 W 87th St Apt 8AManhattan, NY 10024","New York County","New York","269 W 87th St #8a, New York, NY 10024, USA",40.7895034,-73.9769713,729.128326649654
"Condo for sale",460000,1,1,518,"Brooklyn, NY 11235","2654 E 18th St Unit 2DBrooklyn, NY 11235","Kings County","Brooklyn","2654 E 18th St #2d, Brooklyn, NY 11235, USA",40.5869759,-73.9514442,888.030888030888
"Condo for sale",1395000,2,2,1003,"Brooklyn, NY 11205","218 Classon AveBrooklyn, NY 11205","New York","Kings County","218 Classon Ave, Brooklyn, NY 11205, USA",40.6930476,-73.9611241,1390.82751744766
"Co-op for sale",290000,1,1,2184.207862,"Flushing, NY 11378","150-29 70 Rd Unit 30AFlushing, NY 11378","Queens County","Queens","15029 70th Rd # 30b, Flushing, NY 11367, USA",40.7298599,-73.81851,132.771246292675
"Multi-family home for sale",1990000,6,5,2100,"Bayside, NY 11361","204-16 46 AveBayside, NY 11361","New York","Queens County","204-16 46th Ave, Bayside, NY 11361, USA",40.7556078,-73.7775019,947.619047619048
"Townhouse for sale",2980000,6,3,3210,"Brooklyn, NY 11215","253 Windsor Pl Unit TownhouseBrooklyn, NY 11215","New York","Kings County","253 Windsor Pl, Brooklyn, NY 11215, USA",40.6577712,-73.9762759,928.348909657321
"House for sale",3498000,2,2,2046,"New York, NY 10013","18 Leonard St Apt 6BNew York, NY 10013","New York County","New York","18 Leonard St #6b, New York, NY 10013, USA",40.7184562,-74.008024,1709.67741935484
"House for sale",2595000,7,6,4950,"Staten Island, NY 10309","6659-6675 Amboy RdStaten Island, NY 10309","New York","Richmond County","6659 Amboy Rd, Staten Island, NY 10309, USA",40.5184841,-74.2244185,524.242424242424
"Pending",599889,2,2,2184.207862,"Springfield Gardens, NY 11413","217-10 135th AveSpringfield Gardens, NY 11413","New York","Queens County","217-10 135th Ave, Jamaica, NY 11413, USA",40.6782347,-73.7528651,274.648310921609
"Condo for sale",3995000,2,2,1283,"New York, NY 10019","25 Columbus Cir # 69FNew York, NY 10019","New York County","New York","25 Columbus Cir #69, New York, NY 10019, USA",40.7680474,-73.9835169,3113.79579111458
"Multi-family home for sale",589000,3,2.37386085796844,1560,"Brooklyn, NY 11208","851 Glenmore AveBrooklyn, NY 11208","New York","Kings County","851 Glenmore Ave, Brooklyn, NY 11208, USA",40.6758932,-73.8787634,377.564102564103
"Co-op for sale",1139000,3,2,1800,"Queens, NY 11375","110-11 Queens Blvd Unit 15BQueens, NY 11375","Queens County","Queens","110-11 Queens Blvd #15b, Forest Hills, NY 11375, USA",40.7201292,-73.8398387,632.777777777778
"Multi-family home for sale",4500000,3,5,4725,"Brooklyn, NY 11222","221 Nassau AveBrooklyn, NY 11222","New York","Kings County","221 Nassau Ave, Brooklyn, NY 11222, USA",40.7258858,-73.9437423,952.380952380952
"Condo for sale",2695000,2,2,1927,"Brooklyn, NY 11215","461 Carroll St Unit 1Brooklyn, NY 11215","Kings County","Brooklyn","461 Carroll St #1, Brooklyn, NY 11215, USA",40.677514,-73.986803,1398.54696419305
"Condo for sale",625000,1,1,692,"New York, NY 10030","300 W 135th St Apt 4LNew York, NY 10030","New York County","New York","300 W 135th St #4l, New York, NY 10030, USA",40.8166535,-73.9473569,903.179190751445
"House for sale",775000,4,3,2184.207862,"Brooklyn, NY 11236","1400 E 98th StBrooklyn, NY 11236","New York","Kings County","1400 E 98th St, Brooklyn, NY 11236, USA",40.6385513,-73.8938534,354.819709920081
"Co-op for sale",635000,1,1,2184.207862,"Manhattan, NY 10024","305 W 86th St Unit 3CManhattan, NY 10024","New York County","New York","305 W 86th St #3c, New York, NY 10024, USA",40.78932,-73.9782509,290.723246192582
"Multi-family home for sale",2375000,9,5,4164,"Brooklyn, NY 11209","312 83rd StBrooklyn, NY 11209","New York","Kings County","312 83rd St, Brooklyn, NY 11209, USA",40.6253551,-74.0297531,570.365033621518
"Co-op for sale",545000,1,1,1050,"Brooklyn, NY 11209","9411 Shore Rd Apt 4KBrooklyn, NY 11209","Kings County","Brooklyn","9411 Shore Rd #4k, Brooklyn, NY 11209, USA",40.617623,-74.038637,519.047619047619
"Condo for sale",599000,1,1,935,"Brooklyn, NY 11235","727 Ocean View Ave Apt D3Brooklyn, NY 11235","Kings County","Brooklyn","727 Ocean View Ave APT D3, Brooklyn, NY 11235, USA",40.5801457,-73.9605103,640.641711229947
"Co-op for sale",538000,2,2,1200,"Forest Hills, NY 11375","102-40 67 Dr Unit 1DForest Hills, NY 11375","Queens","Flushing","roosevelt house, 102-40 67th Dr #1b, Flushing, NY 11375, USA",40.7264025,-73.8502225,448.333333333333
"Condo for sale",342990,2,1,900,"Staten Island, NY 10301","1000 Clove Rd Apt 8CStaten Island, NY 10301","Richmond County","Staten Island","1000 Clove Rd #8c, Staten Island, NY 10301, USA",40.6202645,-74.1099106,381.1
"Co-op for sale",1500000,2,2,1600,"New York, NY 10023","33 W 67th St Unit 4RWNew York, NY 10023","New York County","New York","33 W 67th St #4r, New York, NY 10023, USA",40.7739157,-73.9799267,937.5
"House for sale",939000,3,2,1700,"Brooklyn, NY 11229","1819 Burnett StBrooklyn, NY 11229","New York","Kings County","1819 Burnett St, Brooklyn, NY 11229, USA",40.6089374,-73.9401956,552.352941176471
"Condo for sale",3150000,4,3,2263,"New York, NY 10025","2628 Broadway Apt 12ANew York, NY 10025","New York County","New York","2628 Broadway #12a, New York, NY 10025, USA",40.7967552,-73.9696417,1391.9575784357
"Multi-family home for sale",1750000,6,3,2146,"Brooklyn, NY 11220","767 47th StBrooklyn, NY 11220","New York","Kings County","767 47th St, Brooklyn, NY 11220, USA",40.6432486,-74.0023432,815.47064305685
"Co-op for sale",360000,3,1,2184.207862,"New York, NY 10019","317 W 54th St Apt 2ENew York, NY 10019","New York County","New York","317 W 54th St #2e, New York, NY 10019, USA",40.7654118,-73.9852527,164.819478156425
"House for sale",720000,3,3,2200,"Brooklyn, NY 11233","802 Herkimer StBrooklyn, NY 11233","New York","Kings County","802 Herkimer St, Brooklyn, NY 11233, USA",40.6782274,-73.9267868,327.272727272727
"House for sale",1199999,5,3,1728,"Brooklyn, NY 11219","1206 Tabor CtBrooklyn, NY 11219","New York","Kings County","1206 Tabor Ct, Brooklyn, NY 11219, USA",40.628704,-74.00189,694.443865740741
"House for sale",710000,3,2.37386085796844,1400,"Saint Albans, NY 11412","190-45 112th AveSaint Albans, NY 11412","New York","Queens County","190-45 112th Ave, Jamaica, NY 11412, USA",40.7011513,-73.7625984,507.142857142857
"Co-op for sale",2e+05,1,1,700,"Brooklyn, NY 11234","1200 E 53rd St Apt 7VBrooklyn, NY 11234","Kings County","Brooklyn","1200 E 53rd St #7b, Brooklyn, NY 11234, USA",40.6297036,-73.9255951,285.714285714286
"Co-op for sale",699000,2,2,1400,"Brooklyn, NY 11226","70 Lenox Rd Apt D2Brooklyn, NY 11226","Kings County","Brooklyn","70 Lenox Rd Apt D2, Brooklyn, NY 11226, USA",40.6535119,-73.9571389,499.285714285714
"Co-op for sale",559000,3,2,1200,"Bronx, NY 10471","5700 Arlington Ave Unit 2MNBronx, NY 10471","Bronx County","The Bronx","5700 Arlington Ave #2m, Bronx, NY 10471, USA",40.9069228,-73.9062512,465.833333333333
"Multi-family home for sale",1050000,5,4,2552,"Staten Island, NY 10314","153 Wellbrook AveStaten Island, NY 10314","New York","Richmond County","153 Wellbrook Ave, Staten Island, NY 10314, USA",40.6013205,-74.130029,411.442006269592
"Condo for sale",2649000,3,3,1500,"Manhattan, NY 10016","325 Fifth Ave Unit 36AManhattan, NY 10016","New York County","New York","325 5th Ave APT 36A, New York, NY 10016, USA",40.7473345,-73.9848617,1766
"Co-op for sale",614000,1,1,2184.207862,"New York, NY 10024","609 Columbus Ave Apt 14KNew York, NY 10024","New York County","New York","609 Columbus Ave #14k, New York, NY 10024, USA",40.7887084,-73.9700091,281.108776633458
"Condo for sale",925000,2,2,787,"Queens, NY 11385","1904 Harman St Apt 4AQueens, NY 11385","Queens County","Queens","1904 Harman St #4a, Ridgewood, NY 11385, USA",40.7078968,-73.9105088,1175.34942820839
"Condo for sale",8e+05,3,2,2184.207862,"Flushing, NY 11355","43-20 Union St Unit 7DFlushing, NY 11355","Queens County","Queens","43-20 Union St #7d, Flushing, NY 11355, USA",40.7540544,-73.8212979,366.265507014277
"Condo for sale",559000,1,1,579,"Brooklyn, NY 11221","1229 Putnam Ave Apt 2DBrooklyn, NY 11221","Kings County","Brooklyn","1229 Putnam Ave #2d, Brooklyn, NY 11221, USA",40.6915011,-73.9156479,965.45768566494
"Condo for sale",999999,1,2,807,"New York, NY 10004","10 Little West St Apt 20DNew York, NY 10004","New York County","New York","10 Little W St #20d, New York, NY 10004, USA",40.7055917,-74.0172159,1239.156133829
"Co-op for sale",269000,1,1,700,"Brooklyn, NY 11235","1625 Emmons Ave Apt 1ABrooklyn, NY 11235","Kings County","Brooklyn","1625 Emmons Ave #1a, Brooklyn, NY 11235, USA",40.5836263,-73.9518978,384.285714285714
"Condo for sale",838000,2,2,1054,"Brooklyn, NY 11219","1238 63rd St Apt D436Brooklyn, NY 11219","Kings County","Brooklyn","1238 63rd St #436, Brooklyn, NY 11219, USA",40.6275896,-74.0016198,795.066413662239
"Co-op for sale",220000,1,1,792,"Howard Beach, NY 11414","85-10 151 Ave Unit 2HHoward Beach, NY 11414","Queens County","Queens","8510 151st Ave Apt 2b, Howard Beach, NY 11414, USA",40.6680599,-73.8497,277.777777777778
"Condo for sale",729000,1,1,550,"New York, NY 10022","200 E 58th St Apt 14CNew York, NY 10022","New York County","New York","200 E 58th St #14c, New York, NY 10022, USA",40.7606485,-73.9668928,1325.45454545455
"Condo for sale",2045000,3,2,1039,"New York, NY 10019","301 W 53rd St Apt 19ANew York, NY 10019","New York County","New York","301 W 53rd St #19a, New York, NY 10019, USA",40.7644959,-73.9851321,1968.23869104909
"Condo for sale",749000,2,2,1258,"College Point, NY 11356","219 Constitution Pl Apt BCollege Point, NY 11356","New York","Queens County","219 Constitution Pl, College Point, NY 11356, USA",40.7945927,-73.8457338,595.389507154213
"Co-op for sale",189000,1,1,2184.207862,"Jamaica, NY 11432","89-15 Parson Blvd Unit 1BJamaica, NY 11432","Queens County","Queens","89-15 Parsons Blvd #1b, Jamaica, NY 11432, USA",40.7055595,-73.8012395,86.5302260321229
"Pending",399000,1,1,775,"Brooklyn, NY 11209","7101 Shore Rd Apt 3DBrooklyn, NY 11209","Kings County","Brooklyn","7101 Shore Rd #3d, Brooklyn, NY 11209, USA",40.6363145,-74.0363466,514.838709677419
"Co-op for sale",250000,1,1,800,"Bronx, NY 10471","6300 Riverdale Ave Apt 6CBronx, NY 10471","United States","New York","6300 Riverdale Ave #6c, Bronx, NY 10471, USA",40.9127295,-73.9022248,312.5
"Condo for sale",3695000,2,2,1978,"New York, NY 10023","160 W 66th St Apt 57CNew York, NY 10023","New York County","New York","160 W 66th St #57b, New York, NY 10023, USA",40.774282,-73.9841771,1868.0485338726
"Multi-family home for sale",680000,3,2,2240,"Staten Island, NY 10304","233 Tompkins AveStaten Island, NY 10304","New York","Richmond County","233 Tompkins Ave., Staten Island, NY 10304, USA",40.6193794,-74.075943,303.571428571429
"Multi-family home for sale",1195000,14,6,5100,"Brooklyn, NY 11220","320 61st StBrooklyn, NY 11220","New York","Kings County","320 61st St, Brooklyn, NY 11220, USA",40.6411025,-74.0207743,234.313725490196
"Multi-family home for sale",1599999,8,4,2184.207862,"Woodside, NY 11377","64-17 35 AveWoodside, NY 11377","New York","Queens County","64-17 35th Ave, Flushing, NY 11377, USA",40.7505901,-73.8980016,732.53055619667
"Co-op for sale",495000,2,1,900,"Brooklyn, NY 11230","275 Webster Ave Apt 1BBrooklyn, NY 11230","Kings County","Brooklyn","275 Webster Ave #1b, Brooklyn, NY 11230, USA",40.6329634,-73.9709274,550
"Pending",314000,1,1,875,"Brooklyn, NY 11204","80 Avenue P Apt B1Brooklyn, NY 11204","Kings County","Brooklyn","80 Avenue P Apartment B1, Brooklyn, NY 11204, USA",40.60714,-73.985744,358.857142857143
"Co-op for sale",165000,1,1,2184.207862,"Far Rockaway, NY 11691","1141 McBride St Apt 4AFar Rockaway, NY 11691","Queens County","Queens","1141 McBride St #4d, Far Rockaway, NY 11691, USA",40.6053247,-73.7581283,75.5422608216946
"Condo for sale",950000,2,2,1033,"New York, NY 10029","77 E 110th St Apt 7ANew York, NY 10029","New York County","New York","77 E 110th St #7a, New York, NY 10029, USA",40.7958546,-73.9464985,919.651500484027
"House for sale",975000,3,2,2184.207862,"Brooklyn, NY 11203","838 Lenox RdBrooklyn, NY 11203","New York","Kings County","838 Lenox Rd, Brooklyn, NY 11203, USA",40.6553249,-73.9284733,446.38608667365
"Co-op for sale",449000,1,2,1074,"Floral Park, NY 11005","27110 Grand Central Pkwy Apt 6AFloral Park, NY 11005","Queens County","Queens","27110 Grand Central Pkwy #6a, Queens Village, NY 11005, USA",40.7564761,-73.7212008,418.063314711359
"Townhouse for sale",2995000,7,2.37386085796844,4100,"Brooklyn, NY 11221","497 Madison StBrooklyn, NY 11221","New York","Kings County","497 Madison St, Brooklyn, NY 11221, USA",40.6863946,-73.9376539,730.487804878049
"Co-op for sale",325000,1,1,775,"Brooklyn, NY 11209","145 72nd St Apt D14Brooklyn, NY 11209","Kings County","Brooklyn","145 72nd St Apt D14, Brooklyn, NY 11209, USA",40.6347771,-74.0316533,419.354838709677
"Condo for sale",1599000,2,2,1094,"New York, NY 10022","135 E 54th St Apt 14MNew York, NY 10022","New York County","New York","135 E 54th St #14b, New York, NY 10022, USA",40.7592821,-73.9707592,1461.60877513711
"House for sale",649000,3,2,2000,"Saint Albans, NY 11412","114-30 202nd StSaint Albans, NY 11412","New York","Queens County","114-30 202nd St, Jamaica, NY 11412, USA",40.6995553,-73.7527095,324.5
"Condo for sale",1850000,1,1,703,"New York, NY 10003","25 Fifth Ave Apt 5GNew York, NY 10003","New York County","New York","25 5th Ave #5g, New York, NY 10003, USA",40.7328142,-73.995445,2631.57894736842
"Condo for sale",1395000,1,2,1220,"New York, NY 10005","20 Pine St Apt 2504New York, NY 10005","New York County","New York","20 Pine St APT 2504, New York, NY 10005, USA",40.707729,-74.0097327,1143.44262295082
"Condop for sale",1080000,1,1,2184.207862,"New York, NY 10017","310 E 46th St Apt 23UNew York, NY 10017","New York County","New York","310 E 46th St #23a, New York, NY 10017, USA",40.751918,-73.9698335,494.458434469274
"Co-op for sale",309000,1,1,2184.207862,"Forest Hills, NY 11375","67-50 Thornton Pl Unit 6BForest Hills, NY 11375","New York","Queens County","67-50 Thornton Pl, Flushing, NY 11375, USA",40.7202709,-73.857096,141.470052084264
"Multi-family home for sale",1499000,8,3,2636,"Brooklyn, NY 11235","2917 Brighton 5th StBrooklyn, NY 11235","New York","Kings County","2917 Brighton 5th St, Brooklyn, NY 11235, USA",40.5806656,-73.9634221,568.66464339909
"Co-op for sale",179000,1,1,2184.207862,"Howard Beach, NY 11414","151-25 88th St Unit 3GHoward Beach, NY 11414","Queens County","Queens","151-25 88th St #3g, Howard Beach, NY 11414, USA",40.667401,-73.8470063,81.9519071944445
"Contingent",595000,3,1,2184.207862,"New York, NY 10014","3 Sheridan Sq Apt 2KNew York, NY 10014","New York County","New York","3 Sheridan Square #2k, New York, NY 10014, USA",40.7329291,-74.0027905,272.409970841869
"House for sale",849000,3,3,1656,"Brooklyn, NY 11236","1495 E 95th StBrooklyn, NY 11236","New York","Kings County","1495 E 95th St, Brooklyn, NY 11236, USA",40.6359565,-73.8946343,512.68115942029
"Multi-family home for sale",2780000,14,9,2184.207862,"Flushing, NY 11358","36-33 169th StFlushing, NY 11358","New York","Queens County","36-33 169th St, Flushing, NY 11358, USA",40.7617519,-73.7968967,1272.77263687461
"Condo for sale",759000,2,2,1230,"Brooklyn, NY 11230","2025 Ocean Ave # 6ABrooklyn, NY 11230","Kings County","Brooklyn","2025 Ocean Ave #6a, Brooklyn, NY 11230, USA",40.612478,-73.953507,617.073170731707
"Pending",549999,3,2.37386085796844,1652,"Staten Island, NY 10304","30 Stonegate Dr Unit 1Staten Island, NY 10304","Richmond County","Staten Island","30 Stonegate Dr #1, Staten Island, NY 10304, USA",40.6016923,-74.0869707,332.929176755448
"Condo for sale",1750000,2,2,2184.207862,"Brooklyn, NY 11211","710 Metropolitan Ave Apt 5EBrooklyn, NY 11211","Kings County","Brooklyn","710 Metropolitan Ave #5e, Brooklyn, NY 11211, USA",40.714184,-73.945191,801.205796593731
"Condo for sale",4995000,3,4,2184,"New York, NY 10128","1295 Madison Ave Apt 5ANew York, NY 10128","New York County","New York","1295 Madison Ave #5a, New York, NY 10128, USA",40.7847977,-73.9556597,2287.08791208791
"House for sale",1400000,12,4,2184.207862,"Brooklyn, NY 11221","1115 Putman AveBrooklyn, NY 11221","New York","Kings County","1115 Putnam Ave, Brooklyn, NY 11221, USA",40.6887595,-73.9184086,640.964637274985
"Contingent",725000,3,1,2184.207862,"Brooklyn, NY 11211","710 Metropolitan Ave Apt 2HBrooklyn, NY 11211","Kings County","Brooklyn","710 Metropolitan Ave #2h, Brooklyn, NY 11211, USA",40.714184,-73.945191,331.928115731689
"Co-op for sale",249000,2,1,1000,"Brooklyn, NY 11235","2450 Haring St Apt 1FBrooklyn, NY 11235","Kings County","Brooklyn","2450 Haring St #1f, Brooklyn, NY 11235, USA",40.5926138,-73.9396101,249
"Pending",245000,2,1,2184.207862,"Howard Beach, NY 11414","80-04 155th Ave Unit 207Howard Beach, NY 11414","Queens County","Queens","8004 155th Ave # 207, Howard Beach, NY 11414, USA",40.6641199,-73.85371,112.168811523122
"Condo for sale",1500000,1,2,1218,"Brooklyn, NY 11211","490 Lorimer St Unit 1ABrooklyn, NY 11211","Kings County","Brooklyn","490 Lorimer St #1a, Brooklyn, NY 11211, USA",40.7115725,-73.948677,1231.52709359606
"Condo for sale",695000,2,1,959,"New York, NY 10029","122 E 102nd St Apt 2BNew York, NY 10029","New York County","New York","122 E 102nd St #2b, New York, NY 10029, USA",40.7897507,-73.9487257,724.713242961418
"Condo for sale",15500000,5,6,4134,"New York, NY 10023","1965 Broadway Apt 28ENew York, NY 10023","New York County","New York","1965 Broadway #28e, New York, NY 10023, USA",40.7744463,-73.9825007,3749.39525882922
"Co-op for sale",1995000,2,2,1700,"New York, NY 10023","10 W 66th St Apt 30DNew York, NY 10023","New York County","New York","10 W 66th St #30d, New York, NY 10023, USA",40.7724058,-73.9797157,1173.52941176471
"Condo for sale",655000,3,2,2184.207862,"Flushing, NY 11355","132-37 Pople Ave Unit 3AFlushing, NY 11355","Queens County","Queens","132-37 Pople Ave #3a, Flushing, NY 11355, USA",40.7536461,-73.8313843,299.879883867939
"Townhouse for sale",1799000,6,4,3300,"Brooklyn, NY 11221","17 Suydam St Unit MfBrooklyn, NY 11221","New York","Kings County","17 Suydam St, Brooklyn, NY 11221, USA",40.6959511,-73.9321432,545.151515151515
"Condo for sale",3250000,2,2,1509,"Manhattan, NY 10012","210 Lafayette St Ph 6GManhattan, NY 10012","New York County","New York","210 Lafayette St APT 6D, New York, NY 10012, USA",40.7217442,-73.998107,2153.74420145792
"Co-op for sale",750000,1,1,750,"New York, NY 10024","170 W 81st St Apt 5BNew York, NY 10024","New York County","New York","170 W 81st St #5b, New York, NY 10024, USA",40.7840294,-73.9767127,1000
"Townhouse for sale",1495000,5,3,2184.207862,"Brooklyn, NY 11221","1212A Greene Ave Unit TownhouseBrooklyn, NY 11221","New York","Kings County","1212A Greene Ave, Brooklyn, NY 11221, USA",40.6954487,-73.9217306,684.45866623293
"Condo for sale",658000,1,1,2184.207862,"Flushing, NY 11355","44-15 College Point Blvd Unit 3AFlushing, NY 11355","Queens County","Queens","44-15 College Point Blvd #3a, Flushing, NY 11355, USA",40.7533335,-73.8324518,301.253379519243
"Co-op for sale",395000,2,1,2184.207862,"Forest Hills, NY 11375","102-30 66th Rd Unit 20BForest Hills, NY 11375","Queens County","Queens","102-30 66th Rd #20b, Forest Hills, NY 11375, USA",40.7284716,-73.8505211,180.843594088299
"Townhouse for sale",1999000,4,2,2487,"Brooklyn, NY 11218","597 E 8th StBrooklyn, NY 11218","New York","Kings County","597 E 8th St, Brooklyn, NY 11218, USA",40.6353046,-73.9698484,803.77965420185
"Co-op for sale",3950000,3,2,2184.207862,"Manhattan, NY 10024","180 Riverside Dr Apt 6FManhattan, NY 10024","New York County","New York","180 Riverside Dr #6b, New York, NY 10024, USA",40.7920875,-73.9773027,1808.43594088299
"Condo for sale",4395000,5,5,3498,"New York, NY 10022","401 E 60th St Apt 4BNew York, NY 10022","New York County","New York","401 E 60th St #4b, New York, NY 10022, USA",40.7603031,-73.9610497,1256.43224699828
"Contingent",368888,2,1,540,"Staten Island, NY 10306","233 Freeborn StStaten Island, NY 10306","New York","Richmond County","233 Freeborn St, Staten Island, NY 10306, USA",40.5740408,-74.0931899,683.125925925926
"Co-op for sale",285000,1,1,2184.207862,"Bronx, NY 10471","5800 Arlington Ave Apt 20DBronx, NY 10471","Bronx County","The Bronx","5800 Arlington Ave Apt 20n, Bronx, NY 10471, USA",40.9073699,-73.9065578,130.482086873836
"Multi-family home for sale",1290000,6,5,2340,"Rockaway Park, NY 11694","126 Beach 98th StRockaway Park, NY 11694","New York","Queens County","1-26 Beach 98th St, Rockaway Park, NY 11694, USA",40.5832258,-73.8184131,551.282051282051
"House for sale",11250000,5,6,4357,"New York, NY 10028","995 Fifth Ave Unit 5SNew York, NY 10028","New York County","New York","995 5th Ave #5s, New York, NY 10028, USA",40.778004,-73.962547,2582.05187055313
"Co-op for sale",458000,2,2,2184.207862,"Flushing, NY 11355","142-15 Franklin Ave Unit 5LFlushing, NY 11355","Queens County","Queens","142-15 Franklin Ave #5b, Flushing, NY 11355, USA",40.7566557,-73.8232967,209.687002765674
"Co-op for sale",438000,2,1,2184.207862,"Elmhurst, NY 11373","83-30 Vietor Ave Unit 721Elmhurst, NY 11373","Queens County","Queens","8330 Vietor Ave Apartment 721, Flushing, NY 11373, USA",40.743059,-73.880983,200.530365090317
"House for sale",949900,3,2,1940,"Brooklyn, NY 11223","130 Avenue SBrooklyn, NY 11223","New York","Kings County","130 Ave. S, Brooklyn, NY 11223, USA",40.6006625,-73.9808106,489.639175257732
"House for sale",599000,3,2,1232,"Staten Island, NY 10303","19 Heusden StStaten Island, NY 10303","New York","Richmond County","19 Heusden St, Staten Island, NY 10303, USA",40.6338588,-74.1528287,486.201298701299
"Condo for sale",7500000,4,4,2811,"New York, NY 10007","30 Park Pl Apt 59ANew York, NY 10007","New York County","New York","30 Park Pl #59D, New York, NY 10007, USA",40.7127825,-74.0090376,2668.08964781217
"Co-op for sale",289000,1,1,2184.207862,"Astoria, NY 11105","21-37 33rd St Unit 1EAstoria, NY 11105","Queens County","Queens","21-37 33rd St #1e, Astoria, NY 11105, USA",40.776279,-73.9082925,132.313414408908
"House for sale",635000,3,1,500,"New York, NY 10003","63 E 9th St Apt 5ENew York, NY 10003","New York County","New York","63 E 9th St #5e, New York, NY 10003, USA",40.7314129,-73.9921518,1270
"House for sale",1680000,5,2,1584,"Brooklyn, NY 11210","1045 E 29th StBrooklyn, NY 11210","New York","Kings County","1045 E 29th St, Brooklyn, NY 11210, USA",40.6255895,-73.9474055,1060.60606060606
"Multi-family home for sale",1075000,5,2,2184.207862,"Woodhaven, NY 11421","80-14 90th RdWoodhaven, NY 11421","New York","Queens County","80-14 90th Rd, Jamaica, NY 11421, USA",40.6872827,-73.8604091,492.169275050435
"Condo for sale",580000,2,1,667,"Brooklyn, NY 11232","224 22nd St Apt 4DBrooklyn, NY 11232","Kings County","Brooklyn","224 22nd St #4d, Brooklyn, NY 11232, USA",40.6609319,-73.9945957,869.565217391304
"Pending",838000,4,4,2780,"Staten Island, NY 10307","114 Tyrrell StStaten Island, NY 10307","New York","Richmond County","114 Tyrrell St, Staten Island, NY 10307, USA",40.5124611,-74.2488941,301.438848920863
"Condo for sale",8575000,2,2,1830,"New York, NY 10019","25 Columbus Cir # 57BNew York, NY 10019","New York County","New York","25 Columbus Cir #57, New York, NY 10019, USA",40.7680474,-73.9835169,4685.79234972678
"Co-op for sale",2500000,3,4,2184.207862,"Manhattan, NY 10022","333 E 57th St Apt 12AManhattan, NY 10022","New York County","New York","333 E 57th St # 12A, New York, NY 10022, USA",40.75896,-73.9637319,1144.57970941962
"Condo for sale",2e+05,3,2.37386085796844,2184.207862,"Brooklyn, NY 11215","333 14th St Unit PSPOT1Brooklyn, NY 11215","New York","Kings County","333 14th St, Brooklyn, NY 11215, USA",40.6648195,-73.9857058,91.5663767535692
"Co-op for sale",2595000,3,4,2184.207862,"New York, NY 10010","39 Gramercy Park N Apt 3CNew York, NY 10010","New York County","New York","39 Gramercy Park N #3c, New York, NY 10010, USA",40.737769,-73.9843803,1188.07373837756
"House for sale",619000,2,2,804,"Staten Island, NY 10303","15 Eunice PlStaten Island, NY 10303","New York","Richmond County","15 Eunice Pl, Staten Island, NY 10303, USA",40.6250376,-74.1522209,769.900497512438
"Condo for sale",1200000,3,1,500,"New York, NY 10014","299 W 12th St Apt 3BNew York, NY 10014","New York County","New York","299 W 12th St #3b, New York, NY 10014, USA",40.7377431,-74.0052925,2400
"Co-op for sale",8250000,2,3,3000,"New York, NY 10019","128 Central Park S Unit 10ANew York, NY 10019","New York County","New York","128 Central Park S #10a, New York, NY 10019, USA",40.7660187,-73.9775473,2750
"House for sale",1150000,3,2,1600,"Brooklyn, NY 11235","2801 Brown StBrooklyn, NY 11235","New York","Kings County","2801 Brown St, Brooklyn, NY 11235, USA",40.5851948,-73.9368737,718.75
"Condo for sale",2488000,2,2,1483,"New York, NY 10038","150 Nassau St Apt 2DNew York, NY 10038","New York County","New York","150 Nassau St #2d, New York, NY 10038, USA",40.7114624,-74.0059409,1677.68037761295
"Co-op for sale",625000,1,1,2184.207862,"New York, NY 10128","64 E 94th St Apt 1GNew York, NY 10128","New York County","New York","64 E 94th St #1g, New York, NY 10128, USA",40.7854218,-73.9544887,286.144927354904
"Multi-family home for sale",1510000,5,3,2184.207862,"Brooklyn, NY 11232","151 31st StBrooklyn, NY 11232","New York","Kings County","151 31st St, Brooklyn, NY 11232, USA",40.6576519,-74.0019986,691.326144489448
"Co-op for sale",4500000,2,2,2184.207862,"New York, NY 10065","870 Fifth Ave Apt 4DNew York, NY 10065","New York County","New York","870 5th Ave #4d, New York, NY 10065, USA",40.7699404,-73.9686033,2060.24347695531
"Condo for sale",935000,1,1,713,"Brooklyn, NY 11201","110 Livingston St Apt 11JBrooklyn, NY 11201","Kings County","Brooklyn","110 Livingston St #11j, Brooklyn, NY 11201, USA",40.6909831,-73.9899258,1311.36044880785
"Multi-family home for sale",604200,5,3,2000,"Brooklyn, NY 11208","1114 Blake AveBrooklyn, NY 11208","New York","Kings County","1114 Blake Ave, Brooklyn, NY 11208, USA",40.6703548,-73.8767077,302.1
"Co-op for sale",375000,1,1,2184.207862,"Rockaway Park, NY 11694","144 Beach 121st St Apt 1ARockaway Park, NY 11694","Queens County","Queens","144 Beach 121st St #1a, Rockaway Park, NY 11694, USA",40.5770108,-73.8403983,171.686956412942
"Co-op for sale",339000,1,1,2184.207862,"Astoria, NY 11105","2158 35th St Apt 1CAstoria, NY 11105","Queens County","Queens","21-58 35th St #1c, Astoria, NY 11105, USA",40.7755886,-73.9082717,155.2050085973
"House for sale",1149000,3,1,2184.207862,"Forest Hills, NY 11375","102-04 63 RdForest Hills, NY 11375","New York","Queens County","102-04 63rd Rd, Queens, NY 11375, USA",40.7328877,-73.853874,526.048834449255
"Condo for sale",5200000,3,4,3400,"New York, NY 10024","29 W 85th St Apt 3New York, NY 10024","New York County","New York","29 W 85th St APT 3, New York, NY 10024, USA",40.7852077,-73.9706676,1529.41176470588
"Multi-family home for sale",950000,3,2.37386085796844,2500,"New York, NY 10033","382 Audubon AveNew York, NY 10033","New York","New York County","382 Audubon Ave, New York, NY 10033, USA",40.8507355,-73.9311387,380
"Co-op for sale",329000,2,1,950,"Brooklyn, NY 11223","2400 E 3rd St Apt 715Brooklyn, NY 11223","Kings County","Brooklyn","2400 E 3rd St Apt 715, Brooklyn, NY 11223, USA",40.5911414,-73.9676771,346.315789473684
"Co-op for sale",279000,2,1,2184.207862,"Queens Village, NY 11427","226-09 88 Ave Unit UpperQueens Village, NY 11427","New York","Queens County","226- 9 88th Ave, Queens, NY 11427, USA",40.7308084,-73.7400835,127.735095571229
"Co-op for sale",2495000,3,3,2500,"New York, NY 10028","530 E 86th St # 7ANew York, NY 10028","New York County","New York","530 East 86th St #7a, New York, NY 10028, USA",40.7751383,-73.9457867,998
"Co-op for sale",595000,2,2,1075,"Jackson Heights, NY 11372","37-30 83rd St Unit 3JJackson Heights, NY 11372","Queens County","Queens","37-30 83rd St #3c, Flushing, NY 11372, USA",40.7487647,-73.8834851,553.488372093023
"Multi-family home for sale",850000,3,2,1696,"Staten Island, NY 10305","213 Liberty AveStaten Island, NY 10305","New York","Richmond County","213 Liberty Ave, Staten Island, NY 10305, USA",40.5870716,-74.0944361,501.179245283019
"House for sale",849990,5,3,2184.207862,"Jamaica, NY 11436","114-34 Inwood StJamaica, NY 11436","New York","Queens County","114-34 Inwood St, Jamaica, NY 11436, USA",40.6841541,-73.7978894,389.152522883832
"Townhouse for sale",799000,3,2,1184,"College Point, NY 11356","13-04A 126th StCollege Point, NY 11356","New York","Queens County","13-04 126th St, Flushing, NY 11356, USA",40.7865794,-73.8422755,674.831081081081
"Co-op for sale",550000,1,1,2184.207862,"New York, NY 10021","225 E 74th St Apt 5MNew York, NY 10021","New York County","New York","225 E 74th St #5m, New York, NY 10021, USA",40.7706605,-73.9580748,251.807536072315
"Co-op for sale",639000,3,1,1100,"Woodside, NY 11377","5142 30th Ave Apt 4JWoodside, NY 11377","Queens County","Queens","51-42 30th Ave. #4c, Woodside, NY 11377, USA",40.7586944,-73.9049161,580.909090909091
"House for sale",2199999,4,2,2848,"Staten Island, NY 10306","3569 Richmond RdStaten Island, NY 10306","New York","Richmond County","3569 Richmond Rd, Staten Island, NY 10306, USA",40.5727658,-74.1401218,772.471558988764
"Multi-family home for sale",950000,9,7,3316,"Bronx, NY 10457","2108 Bathgate AveBronx, NY 10457","New York","Bronx County","2108 Bathgate Ave, Bronx, NY 10457, USA",40.8512643,-73.8944397,286.48974668275
"Co-op for sale",1099500,2,1,2184.207862,"Manhattan, NY 10014","129 Barrow St Apt 2AManhattan, NY 10014","New York County","New York","129 Barrow St #2a, New York, NY 10014, USA",40.731826,-74.0091497,503.386156202747
"Co-op for sale",2495000,2,2,2184.207862,"Manhattan, NY 10003","45 Fifth Ave Unit 2ABManhattan, NY 10003","New York County","New York","45 5th Ave #2a, New York, NY 10003, USA",40.734217,-73.9946151,1142.29055000078
"House for sale",1500000,3,1,2184.207862,"Maspeth, NY 11378","59-42/44 69 StMaspeth, NY 11378","New York","Queens County","59-42 69th St, Flushing, NY 11378, USA",40.7220377,-73.8936918,686.747825651769
"Condo for sale",720000,2,1,970,"Woodside, NY 11377","61-09 39 Ave Unit M6Woodside, NY 11377","Queens County","Queens","61-09 39th Ave m6, Woodside, NY 11377, USA",40.7472374,-73.9021112,742.268041237113
"Condo for sale",4780000,2,2,1882,"New York, NY 10018","16 W 40th St Apt 25BNew York, NY 10018","New York County","New York","16 W 40th St #25b, New York, NY 10018, USA",40.752444,-73.982986,2539.85122210414
"Condo for sale",760000,1,1,700,"New York, NY 10065","404 E 66th St Apt 4NNew York, NY 10065","New York County","New York","404 E 66th St #4n, New York, NY 10065, USA",40.7636004,-73.9583523,1085.71428571429
"Condo for sale",2350000,2,2,1628,"Manhattan, NY 10022","207 E 57th St Apt 16BManhattan, NY 10022","New York County","New York","207 E 57th St #16b, New York, NY 10022, USA",40.7602847,-73.9668148,1443.48894348894
"Co-op for sale",339999,1,1,825,"Elmhurst, NY 11373","78-06 46th Ave Unit 4GElmhurst, NY 11373","Queens County","Queens","78-06 46th Ave #4b, Elmhurst, NY 11373, USA",40.7402133,-73.8868828,412.12
"Co-op for sale",220000,1,1,900,"Bronx, NY 10458","3000 Valentine Ave Apt 5FBronx, NY 10458","Bronx County","The Bronx","3000 Valentine Ave #5f, Bronx, NY 10458, USA",40.8724137,-73.8852231,244.444444444444
"Condo for sale",499000,1,1,750,"Woodside, NY 11377","63-14 Queens Blvd Unit 5JWoodside, NY 11377","Queens County","Queens","63-14 Queens Blvd #5c, Woodside, NY 11377, USA",40.7409264,-73.9020731,665.333333333333
"Co-op for sale",445000,3,1,550,"New York, NY 10075","230 E 79th St Apt 19CNew York, NY 10075","New York County","New York","230 E 79th St #19c, New York, NY 10075, USA",40.7735465,-73.9561566,809.090909090909
"Co-op for sale",299000,1,1,700,"East Elmhurst, NY 11369","32-20 91st St Unit 310East Elmhurst, NY 11369","Queens County","Queens","3220 91st St Apt 310, East Elmhurst, NY 11369, USA",40.7585599,-73.87738,427.142857142857
"Condo for sale",4075000,3,3,2150,"New York, NY 10069","240 Riverside Blvd Apt 19BNew York, NY 10069","New York County","New York","240 Riverside Blvd #19b, New York, NY 10023, USA",40.7804721,-73.9871434,1895.3488372093
"Condo for sale",580000,2,2,950,"Flushing, NY 11355","130-14 60th Ave Unit 2CFlushing, NY 11355","Queens County","Queens","130-14 60th Ave #2c, Flushing, NY 11355, USA",40.7440024,-73.8353772,610.526315789474
"Co-op for sale",299900,1,1,2184.207862,"Bronx, NY 10463","3017 Riverdale Ave Apt 2JBronx, NY 10463","Bronx County","The Bronx","3017 Riverdale Ave #2j, Bronx, NY 10463, USA",40.880985,-73.9102329,137.303781941977
"Condo for sale",995000,2,2,1015,"New York, NY 10026","2110 Frederick Douglass Blvd Apt 8DNew York, NY 10026","New York County","New York","2110 Frederick Douglass Blvd #8d, New York, NY 10026, USA",40.8030984,-73.9559736,980.295566502463
"Pending",825000,6,2,2444,"Staten Island, NY 10306","80 Kelvin AveStaten Island, NY 10306","New York","Richmond County","80 Kelvin Ave, Staten Island, NY 10306, USA",40.5546232,-74.1349952,337.561374795417
"Condo for sale",1525000,2,2,1329,"Queens, NY 11101","5-30 47th Ave Unit 1BQueens, NY 11101","Queens County","Queens","5-30 47th Ave #1b, Long Island City, NY 11101, USA",40.745483,-73.954465,1147.47930775019
"Co-op for sale",222888,2,1,2184.207862,"Flushing, NY 11367","144-60 Gravett Rd Unit 3CFlushing, NY 11367","Queens County","Queens","144-60 Gravett Rd #3c, Flushing, NY 11367, USA",40.7352139,-73.8226982,102.045232909248
"Co-op for sale",1995000,3,3,1800,"Manhattan, NY 10022","418 E 59th St Apt 31BManhattan, NY 10022","New York County","New York","418 E 59th St #31b, New York, NY 10022, USA",40.7590132,-73.9612618,1108.33333333333
"Co-op for sale",217000,1,1,700,"Kew Gardens, NY 11415","123-25 82 Ave Unit 5RKew Gardens, NY 11415","Queens County","Queens","12325 82nd Ave #5r, Kew Gardens, NY 11415, USA",40.7126884,-73.8282495,310
"Condo for sale",468000,1,1,500,"Rego Park, NY 11374","65-38 Austin St Unit 2HRego Park, NY 11374","Queens County","Queens","65-38 Austin St #2b, Rego Park, NY 11374, USA",40.725653,-73.8596142,936
"Multi-family home for sale",1739888,8,3,3375,"Brooklyn, NY 11204","1938 Bay Ridge AveBrooklyn, NY 11204","New York","Kings County","1938 Bay Ridge Ave, Brooklyn, NY 11204, USA",40.6148276,-73.9896373,515.52237037037
"House for sale",650000,5,2,1951,"Bronx, NY 10466","687 E 232nd StBronx, NY 10466","New York","Bronx County","687 E 232nd St, Bronx, NY 10466, USA",40.8931042,-73.8582396,333.162480779088
"House for sale",1690000,10,4,2958,"Brooklyn, NY 11235","1809 Voorhies AveBrooklyn, NY 11235","New York","Kings County","1809 Voorhies Ave, Brooklyn, NY 11235, USA",40.5862321,-73.9509299,571.331981068289
"Multi-family home for sale",2100000,3,8,7984,"Brooklyn, NY 11216","248 New York Ave Apt 8Brooklyn, NY 11216","Kings County","Brooklyn","248 New York Ave Apartment 8, Brooklyn, NY 11216, USA",40.671868,-73.947826,263.026052104208
"Co-op for sale",7450000,3,2,5500,"New York, NY 10010","38 W 26th St Ph 12New York, NY 10010","New York County","New York","38 W 26th St Apt 12a, New York, NY 10010, USA",40.7439988,-73.9898542,1354.54545454545
"Co-op for sale",295000,1,1,2184.207862,"Rego Park, NY 11374","97-40 62nd Dr Unit 8FRego Park, NY 11374","New York","Queens County","97-40 62nd Dr, Rego Park, NY 11374, USA",40.7325379,-73.8601516,135.060405711515
"Co-op for sale",450000,1,1,1115,"Forest Hills, NY 11375","111-20 73rd Ave Unit 6HForest Hills, NY 11375","Queens County","Queens","11120 73rd Ave #6h, Forest Hills, NY 11375, USA",40.7193296,-73.8380044,403.587443946188
"Co-op for sale",995000,1,1,2184.207862,"New York, NY 10024","230 Central Park W Apt 3KNew York, NY 10024","New York County","New York","230 Central Park W #3k, New York, NY 10024, USA",40.7836703,-73.9709274,455.542724349007
"House for sale",629000,3,2,1216,"Staten Island, NY 10306","132 Dalton AveStaten Island, NY 10306","New York","Richmond County","132 Dalton Ave, Staten Island, NY 10306, USA",40.571871,-74.1276199,517.269736842105
"Co-op for sale",235000,1,1,660,"Bronx, NY 10463","3125 Tibbett Ave Apt 8CBronx, NY 10463","Bronx County","The Bronx","3125 Tibbett Ave #8c, Bronx, NY 10463, USA",40.881546,-73.908104,356.060606060606
"House for sale",485000,3,1,525,"New York, NY 10010","242 E 25th St Apt 3DNew York, NY 10010","New York County","New York","242 E 25th St #3d, New York, NY 10010, USA",40.7392184,-73.9805521,923.809523809524
"Condo for sale",1588000,2,2,1108,"Manhattan, NY 10023","30 W 61st St Apt 16DManhattan, NY 10023","New York County","New York","30 W 61st St #16d, New York, NY 10023, USA",40.7701201,-73.9833141,1433.21299638989
"House for sale",2695000,2,2,1750,"New York, NY 10011","12 W 18th St Apt 4ENew York, NY 10011","New York County","New York","12 W 18th St #4e, New York, NY 10011, USA",40.7388719,-73.9929549,1540
"Condo for sale",585000,2,2,988,"Bronx, NY 10463","3625 Oxford Ave Apt 2BBronx, NY 10463","Bronx County","The Bronx","3625 Oxford Ave #2b, Bronx, NY 10463, USA",40.8870567,-73.908722,592.105263157895
"Multi-family home for sale",1598000,8,5,2184.207862,"Corona, NY 11368","59-20 Xenia StCorona, NY 11368","New York","Queens County","59-20 Xenia St, Flushing, NY 11368, USA",40.7375448,-73.8549421,731.615350261018
"Condo for sale",848880,1,1,713,"Manhattan, NY 10016","11 E 36th St Ste 404Manhattan, NY 10016","New York County","New York","11 E 36th St STE 404, New York, NY 10016, USA",40.7496366,-73.9825832,1190.57503506311
"Co-op for sale",268000,1,1,750,"Flushing, NY 11367","13839 Jewel Ave Apt 3AFlushing, NY 11367","Queens County","Queens","13839 Jewel Ave #3a, Flushing, NY 11367, USA",40.7295527,-73.8272075,357.333333333333
"Condo for sale",3700000,3,3,1756,"New York, NY 10029","1280 Fifth Ave Apt 17BNew York, NY 10029","New York County","New York","1280 5th Ave #17b, New York, NY 10029, USA",40.7961886,-73.949116,2107.06150341686
"Condo for sale",1125000,1,1,743,"New York, NY 10025","218 W 103rd St Unit 4FNew York, NY 10025","New York","New York County","4 W 103rd St, New York, NY 10025, USA",40.7961762,-73.962094,1514.13189771198
"Pending",329000,2,2,1200,"Brooklyn, NY 11229","1750 E 14th St Apt 6BBrooklyn, NY 11229","Kings County","Brooklyn","1750 E 14th St #6b, Brooklyn, NY 11229, USA",40.6068155,-73.9592184,274.166666666667
"House for sale",799000,3,2,2184.207862,"East Elmhurst, NY 11369","25-21 Humphrey StEast Elmhurst, NY 11369","New York","Queens County","2521 Humphreys St, Flushing, NY 11369, USA",40.7645407,-73.8683353,365.807675130509
"House for sale",1380000,4,2,2520,"Brooklyn, NY 11209","8903 Ridge BlvdBrooklyn, NY 11209","New York","Kings County","8903 Ridge Blvd, Brooklyn, NY 11209, USA",40.6217919,-74.0343844,547.619047619048
"Co-op for sale",990000,2,2,2184.207862,"New York, NY 10017","325 E 41st St Apt 601New York, NY 10017","New York County","New York","325 E 41st St Apt 601, New York, NY 10017, USA",40.7490288,-73.9719957,453.253564930168
"Multi-family home for sale",2499000,18,12,2520,"College Point, NY 11356","116-10 14th RdCollege Point, NY 11356","New York","Queens County","116-10 14th Rd, Flushing, NY 11356, USA",40.7845143,-73.8508657,991.666666666667
"Condo for sale",2395000,4,3,2155,"Brooklyn, NY 11217","42 Saint Marks Pl Apt 1Brooklyn, NY 11217","Kings County","Brooklyn","42 St Marks Pl APT 1, Brooklyn, NY 11217, USA",40.6820512,-73.9811684,1111.36890951276
"Co-op for sale",6e+05,2,2,2184.207862,"Bronx, NY 10463","3333 Henry Hudson Pkwy Apt 20NBronx, NY 10463","Bronx County","The Bronx","3333 Henry Hudson Pkwy #20, Bronx, NY 10463, USA",40.8855625,-73.9143965,274.699130260708
"Co-op for sale",745000,3,2,2184.207862,"Bronx, NY 10463","2500 Johnson Ave Apt 14HBronx, NY 10463","Bronx County","The Bronx","2500 Johnson Ave #14h, Bronx, NY 10463, USA",40.876794,-73.9177034,341.084753407045
"Condo for sale",8525000,4,4,2863,"New York, NY 10028","126 E 86th St # 16ANew York, NY 10028","New York County","New York","126 East 86th St #16a, New York, NY 10028, USA",40.7794854,-73.9561419,2977.64582605658
"Multi-family home for sale",1229000,6,5,2816,"Staten Island, NY 10307","7550 Amboy RdStaten Island, NY 10307","New York","Richmond County","7550 Amboy Rd, Staten Island, NY 10307, USA",40.5086315,-74.2470232,436.434659090909
"Co-op for sale",799000,1,1,950,"New York, NY 10016","201 E 28th St Unit 7KNew York, NY 10016","New York County","New York","201 E 28th St #7k, New York, NY 10016, USA",40.7419819,-73.980516,841.052631578947
"Contingent",625000,4,2,1650,"Staten Island, NY 10310","26 Roe StStaten Island, NY 10310","New York","Richmond County","26 Roe St, Staten Island, NY 10310, USA",40.6333731,-74.122092,378.787878787879
"Townhouse for sale",1225000,4,4,1821,"Brooklyn, NY 11221","1103 Bushwick AveBrooklyn, NY 11221","New York","Kings County","1103 Bushwick Ave, Brooklyn, NY 11221, USA",40.6901415,-73.9187569,672.707303679297
"Co-op for sale",299000,1,1,2184.207862,"Rego Park, NY 11374","63-89 Saunders St Unit 6KRego Park, NY 11374","Queens","Flushing","BA3, 63-89 Saunders St #6c, Flushing, NY 11374, USA",40.7291666,-73.8619839,136.891733246586
"Condo for sale",240000,1,1,800,"Staten Island, NY 10301","1100 Clove Rd Apt 2KStaten Island, NY 10301","Richmond County","Staten Island","1100 Clove Rd #2c, Staten Island, NY 10301, USA",40.6189484,-74.1071576,300
"Co-op for sale",165000,1,1,750,"Bronx, NY 10471","5615 Netherland Ave Apt 4EBronx, NY 10471","Bronx County","The Bronx","5615 Netherland Ave #4e, Bronx, NY 10471, USA",40.904655,-73.9066105,220
"Multi-family home for sale",1285000,4,2,2184.207862,"Flushing, NY 11367","147-57 76th RdFlushing, NY 11367","New York","Queens County","147-57 76th Rd, Flushing, NY 11367, USA",40.7234054,-73.8154612,588.313970641682
"Co-op for sale",765000,1,2,1000,"New York, NY 10019","17 W 54th St Apt 10FNew York, NY 10019","New York County","New York","17 W 54th St #10f, New York, NY 10019, USA",40.7617971,-73.9766275,765
"Condo for sale",309000,2,1,862,"Bronx, NY 10462","1505 Archer Rd Apt 2DBronx, NY 10462","Bronx County","The Bronx","1505 Archer Rd #2d, Bronx, NY 10462, USA",40.8385018,-73.86211,358.4686774942
"Multi-family home for sale",1250000,6,3,3496,"Brooklyn, NY 11236","739 E 89th StBrooklyn, NY 11236","New York","Kings County","739 E 89th St, Brooklyn, NY 11236, USA",40.6405629,-73.9073462,357.551487414188
"Townhouse for sale",2099000,5,4,3200,"Brooklyn, NY 11230","16 DE Koven CtBrooklyn, NY 11230","New York","Kings County","16 Dekoven Ct, Brooklyn, NY 11230, USA",40.6328573,-73.9632363,655.9375
"Co-op for sale",560000,1,1,2184.207862,"Manhattan, NY 10017","320 E 42nd St Apt 3012Manhattan, NY 10017","New York County","New York","320 E 42nd St Apt 3012, New York, NY 10017, USA",40.7494678,-73.9717468,256.385854909994
"Condo for sale",3795000,3,3,1981,"New York, NY 10065","200 E 62nd St Apt 19ANew York, NY 10065","New York County","New York","200 E 62nd St #19a, New York, NY 10065, USA",40.7630942,-73.9649721,1915.69914184755
"Co-op for sale",269500,2,1,2184.207862,"Bronx, NY 10462","2080-2090 Barnes Ave Unit 5BBronx, NY 10462","Bronx County","The Bronx","2080 Barnes Ave #2090, Bronx, NY 10462, USA",40.8531021,-73.8636237,123.385692675435
"Co-op for sale",3275000,3,3,2184.207862,"Manhattan, NY 10028","8 E 83rd St Units 11 & 12DManhattan, NY 10028","New York County","New York","8 East 83rd St Tenants Corporation, 8 E 83rd St, New York, NY 10028, USA",40.779101,-73.961095,1499.3994193397
"Co-op for sale",3795000,3,3,2184.207862,"New York, NY 10021","31 E 72nd St Apt 3BNew York, NY 10021","New York County","New York","31 E 72nd St #3b, New York, NY 10021, USA",40.7719215,-73.9650839,1737.47199889898
"Co-op for sale",4150000,5,4,2184.207862,"New York, NY 10023","170 W 76th St # 302/402New York, NY 10023","New York","New York County","170 W 76th St, New York, NY 10023, USA",40.7807845,-73.979261,1900.00231763656
"Co-op for sale",285000,1,1,2184.207862,"Rego Park, NY 11374","98-120 Queens Blvd Unit 2HRego Park, NY 11374","Queens County","Queens","120 Queens Blvd #98, Rego Park, NY 11374, USA",40.726843,-73.85458,130.482086873836
"House for sale",1249949,4,4,2720,"Staten Island, NY 10307","25 Sanford StStaten Island, NY 10307","New York","Richmond County","25 Sanford St, Staten Island, NY 10307, USA",40.5107574,-74.239192,459.540073529412
"Contingent",649999,5,3,2052,"Staten Island, NY 10304","80 Brewster StStaten Island, NY 10304","New York","Richmond County","80 Brewster St, Staten Island, NY 10304, USA",40.6317585,-74.0785358,316.763645224172
"Condo for sale",780000,3,1,2184.207862,"Brooklyn, NY 11238","550 Vanderbilt Ave Apt 511Brooklyn, NY 11238","Kings County","Brooklyn","550 Vanderbilt Ave Apartment 511, Brooklyn, NY 11238, USA",40.6807067,-73.96822,357.10886933892
"Condo for sale",1075000,2,2,1144,"Brooklyn, NY 11221","1222 Putnam Ave # 4ABrooklyn, NY 11221","Kings County","Brooklyn","1222 Putnam Ave #4a, Brooklyn, NY 11221, USA",40.6912454,-73.9154184,939.685314685315
"Co-op for sale",345000,2,1,2184.207862,"Rego Park, NY 11374","6610 Thornton Pl Apt 3BRego Park, NY 11374","Queens County","Queens","6610 Thornton Pl #3c, Flushing, NY 11374, USA",40.7233159,-73.858254,157.951999899907
"Co-op for sale",365000,2,1,2184.207862,"Queens Village, NY 11427","225-08 Hillside Ave Unit DuplexQueens Village, NY 11427","New York","Queens County","225-8 Hillside Ave., Queens Village, NY 11427, USA",40.7316971,-73.7409842,167.108637575264
"Condo for sale",750000,1,1,592,"Brooklyn, NY 11211","250 Manhattan Ave Unit 3RBrooklyn, NY 11211","Kings County","Brooklyn","250 Manhattan Ave #3r, Brooklyn, NY 11211, USA",40.7120018,-73.9453832,1266.89189189189
"Condo for sale",1850000,2,2,1322,"New York, NY 10004","40 Broad St Ph 3FNew York, NY 10004","New York County","New York","40 Broad St Fl 3, New York, NY 10004, USA",40.7060214,-74.0117866,1399.39485627837
"House for sale",1288000,3,2.37386085796844,1692,"Brooklyn, NY 11214","7715 20th AveBrooklyn, NY 11214","New York","Kings County","7715 20th Ave, Brooklyn, NY 11214, USA",40.6091787,-73.993115,761.229314420804
"Condo for sale",5250000,3,3,2950,"New York, NY 10022","60 E 55th St Ph 3New York, NY 10022","New York County","New York","60 E 55th St #3, New York, NY 10022, USA",40.760525,-73.972787,1779.66101694915
"Multi-family home for sale",769000,4,3,2184.207862,"Brooklyn, NY 11236","1038 E 100th StBrooklyn, NY 11236","New York","Kings County","1038 East 100th Street, Brooklyn, NY 11236, USA",40.6426509,-73.8958975,352.072718617474
"Pending",925000,3,2,2184.207862,"Middle Village, NY 11379","61-19 75th PlMiddle Village, NY 11379","New York","Queens County","61-19 75th Pl, Flushing, NY 11379, USA",40.7223571,-73.8834031,423.494492485258
"Co-op for sale",5e+05,1,1,2184.207862,"New York, NY 10019","346 W 56th St Apt 1ANew York, NY 10019","New York County","New York","346 W 56th St #1a, New York, NY 10019, USA",40.7667403,-73.9855052,228.915941883923
"Pending",625000,1,1,2184.207862,"New York, NY 10014","281 W 11th St Apt 4ANew York, NY 10014","New York County","New York","281 W 11th St #4a, New York, NY 10014, USA",40.7362044,-74.0047875,286.144927354904
"Multi-family home for sale",1375000,8,3,3039,"Bronx, NY 10454","726 E 134th StBronx, NY 10454","New York","Bronx County","726 E 134th St, Bronx, NY 10454, USA",40.8019854,-73.9144974,452.451464297466
"Co-op for sale",270000,2,1,700,"Astoria, NY 11101","21-05 33 St Unit 5FAstoria, NY 11101","Queens County","Queens","21-05 33rd St #5f, Astoria, NY 11105, USA",40.7769221,-73.9073482,385.714285714286
"Multi-family home for sale",1273000,3,3,2184.207862,"Woodside, NY 11377","34-53 60th StWoodside, NY 11377","New York","Queens County","34-53 60th St, Flushing, NY 11377, USA",40.7503477,-73.9019836,582.819988036468
"Co-op for sale",1.5e+07,6,8,2184.207862,"New York, NY 10075","895 Park Ave # 6 & 7ANew York, NY 10075","New York County","New York","895 Park Ave #7, New York, NY 10075, USA",40.7753111,-73.9603272,6867.47825651769
"Contingent",499000,1,1,2184.207862,"New York, NY 10016","120 E 36th St Apt 10CNew York, NY 10016","New York County","New York","120 E 36th St #10c, New York, NY 10016, USA",40.7477728,-73.9794793,228.458110000155
"Co-op for sale",3585000,3,3,2237,"New York, NY 10023","344 W 72nd St Apt 609New York, NY 10023","New York County","New York","344 W 72nd St #609, New York, NY 10023, USA",40.7803967,-73.9864464,1602.59275815825
"House for sale",749999,9,3,2184.207862,"Bronx, NY 10458","2414 Tiebout AveBronx, NY 10458","New York","Bronx County","2414 Tiebout Ave, Bronx, NY 10458, USA",40.8595463,-73.8956582,343.373454994001
"House for sale",499000,3,2,1024,"Staten Island, NY 10306","140 Kiswick StStaten Island, NY 10306","New York","Richmond County","140 Kiswick St, Staten Island, NY 10306, USA",40.5757598,-74.0943577,487.3046875
"Condo for sale",595000,1,1,556,"Brooklyn, NY 11207","68 Eldert St # 4CBrooklyn, NY 11207","Kings County","Brooklyn","68 Eldert St #4c, Brooklyn, NY 11207, USA",40.6869771,-73.9126141,1070.14388489209
"Multi-family home for sale",5e+06,3,3,1845,"New York, NY 10012","215 Sullivan St Apt 5ENew York, NY 10012","New York County","New York","215 Sullivan St #5e, New York, NY 10012, USA",40.7293399,-73.9998507,2710.027100271
"Townhouse for sale",1495000,6,2,2184.207862,"Astoria, NY 11103","28-16 37th StAstoria, NY 11103","New York","Queens County","28-16 37th St, Long Island City, NY 11103, USA",40.7658641,-73.9158892,684.45866623293
"Condo for sale",2995000,2,2,1784,"New York, NY 10022","721 Fifth Ave Unit 52KNew York, NY 10022","New York County","New York","721 5th Ave Suite 52D, New York, NY 10022, USA",40.762394,-73.9739039,1678.81165919283
"Co-op for sale",469900,3,2,1200,"Bronx, NY 10463","2711 Henry Hudson Pkwy Apt 3CBronx, NY 10463","Bronx County","The Bronx","2711 Henry Hudson Pkwy #3c, Bronx, NY 10463, USA",40.8819273,-73.9172822,391.583333333333
"Co-op for sale",1995000,2,2,2184.207862,"New York, NY 10028","8 E 83rd St # 8GNew York, NY 10028","New York County","New York","8 E 83rd St # 8b, New York, NY 10028, USA",40.7793278,-73.9615999,913.374608116853
"Co-op for sale",159999,1,1,650,"Bronx, NY 10452","1372 Shakespeare Ave Apt 4CBronx, NY 10452","Bronx County","The Bronx","1372 Shakespeare Ave #4c, Bronx, NY 10452, USA",40.8412247,-73.9216103,246.152307692308
"House for sale",758000,4,2,1216,"Brooklyn, NY 11210","960 E 40th StBrooklyn, NY 11210","New York","Kings County","960 E 40th St, Brooklyn, NY 11210, USA",40.6318515,-73.9382094,623.355263157895
"House for sale",599999,2,2,1048,"Bronx, NY 10469","2566 Eastchester RdBronx, NY 10469","New York","Bronx County","2566 Eastchester Rd, Bronx, NY 10469, USA",40.8648218,-73.8430463,572.518129770992
"Co-op for sale",749000,1,1,2184.207862,"New York, NY 10128","170 E 92nd St # 4CDNew York, NY 10128","New York County","New York","170 E 92nd St #4c, New York, NY 10128, USA",40.782693,-73.9517106,342.916080942117
"Multi-family home for sale",2100000,8,4,3750,"Brooklyn, NY 11221","958 Madison StBrooklyn, NY 11221","New York","Kings County","958 Madison St, Brooklyn, NY 11221, USA",40.6885485,-73.9192355,560
"House for sale",620000,3,2,1280,"Jamaica, NY 11436","145-47 115th AveJamaica, NY 11436","New York","Queens County","145-47 115th Ave, Jamaica, NY 11436, USA",40.6837376,-73.7967497,484.375
"House for sale",849000,3,2,1890,"Bronx, NY 10472","2021 Watson AveBronx, NY 10472","New York","Bronx County","2021 Watson Ave, Bronx, NY 10472, USA",40.8292519,-73.855841,449.206349206349
"Co-op for sale",3250000,3,3,2610,"New York, NY 10065","563 Park Ave Apt 10ENew York, NY 10065","New York County","New York","563 Park Ave #10e, New York, NY 10065, USA",40.7647756,-73.9679827,1245.21072796935
"Co-op for sale",338000,2,1,2184.207862,"Flushing, NY 11367","150-20 72 Rd Unit 6AFlushing, NY 11367","Queens County","Queens","150-20 72nd Rd #6a, Flushing, NY 11367, USA",40.7272797,-73.8163427,154.747176713532
"Multi-family home for sale",3400000,3,8,2184.207862,"Brooklyn, NY 11238","567 St Johns PlBrooklyn, NY 11238","New York","Kings County","567 St Johns Pl, Brooklyn, NY 11238, USA",40.6729971,-73.9592414,1556.62840481068
"Co-op for sale",1575000,2,2,1157,"New York, NY 10023","165 W End Ave Apt 7KNew York, NY 10023","New York County","New York","165 West End Ave #7k, New York, NY 10023, USA",40.777244,-73.9868738,1361.27917026793
"Co-op for sale",259000,1,1,570,"Brooklyn, NY 11209","160 72nd St Apt 791Brooklyn, NY 11209","Kings County","Brooklyn","160 72nd St Apt 791, Brooklyn, NY 11209, USA",40.6343667,-74.0311335,454.385964912281
"House for sale",2300000,6,4,3850,"Brooklyn, NY 11221","762 Greene AveBrooklyn, NY 11221","New York","Kings County","762 Greene Ave, Brooklyn, NY 11221, USA",40.6897465,-73.9379631,597.402597402597
"Co-op for sale",975000,2,1,2184.207862,"New York, NY 10025","300 Riverside Dr Apt 8HNew York, NY 10025","New York County","New York","300 Riverside Dr #8h, New York, NY 10025, USA",40.7997797,-73.9713866,446.38608667365
"Multi-family home for sale",879000,4,3,2184.207862,"Jamaica, NY 11421","88-01 77th StJamaica, NY 11421","New York","Queens County","88-01 77th St, Jamaica, NY 11421, USA",40.6894907,-73.8640398,402.434225831937
"Co-op for sale",950000,2,1,775,"New York, NY 10001","36 W 35th St Ph FNew York, NY 10001","New York","New York County","36 W 35th St, New York, NY 10001, USA",40.7497074,-73.9859244,1225.8064516129
"Condo for sale",749999,3,3,1602,"Brooklyn, NY 11234","1906 Bergen Ave Unit 9ABrooklyn, NY 11234","Kings County","Brooklyn","1906 Bergen Ave #9a, Brooklyn, NY 11234, USA",40.625366,-73.908929,468.164169787765
"Co-op for sale",639000,3,1,1050,"Jackson Heights, NY 11372","37-33 84 St Unit 31Jackson Heights, NY 11372","Queens County","Queens","3733 84th St Apt 31, Jackson Heights, NY 11372, USA",40.749516,-73.8822296,608.571428571429
"Condo for sale",2300000,3,3,1700,"New York, NY 10016","330 E 38th St Apt 12NNew York, NY 10016","New York County","New York","330 E 38th St #12n, New York, NY 10016, USA",40.7462651,-73.972462,1352.94117647059
"Co-op for sale",289000,1,1,2184.207862,"Rego Park, NY 11374","97-40 62nd Dr Unit 11CRego Park, NY 11374","Queens County","Queens","97-40 62nd Dr #11c, Rego Park, NY 11374, USA",40.7325379,-73.8601516,132.313414408908
"Multi-family home for sale",1698888,10,6,3025,"Flushing, NY 11355","149-63 Ash AveFlushing, NY 11355","New York","Queens County","14963 Ash Ave, Flushing, NY 11355, USA",40.7602485,-73.8124754,561.615867768595
"Multi-family home for sale",1180000,4,3,1528,"Brooklyn, NY 11204","6504 17th AveBrooklyn, NY 11204","New York","Kings County","6504 17th Ave, Brooklyn, NY 11204, USA",40.6204591,-73.9928625,772.251308900524
"Condo for sale",6750000,2,2,2320,"New York, NY 10001","15 Hudson Yards Apt 66BNew York, NY 10001","New York County","New York","15 Hudson Yards #66, New York, NY 10001, USA",40.7537586,-74.003221,2909.48275862069
"Townhouse for sale",499000,3,2,1890,"Staten Island, NY 10310","328 Taylor StStaten Island, NY 10310","New York","Richmond County","328 Taylor St, Staten Island, NY 10310, USA",40.630181,-74.1228208,264.021164021164
"Condo for sale",799000,1,1,2184.207862,"Manhattan, NY 10016","300 E 40th St Apt 30NManhattan, NY 10016","New York County","New York","300 E 40th St Apt 30n, New York, NY 10016, USA",40.7484135,-73.9731998,365.807675130509
"Co-op for sale",6e+05,1,1,750,"New York, NY 10025","210 W 103rd St Apt 5FNew York, NY 10025","New York County","New York","210 W 103rd St #5f, New York, NY 10025, USA",40.7986646,-73.9678976,800
"Multi-family home for sale",699000,4,2,2184.207862,"Jamaica, NY 11436","117-68 140th StJamaica, NY 11436","New York","Queens County","117-68 140th St, Jamaica, NY 11436, USA",40.6762104,-73.8013544,320.024486753724
"House for sale",1578000,5,3,2184.207862,"Fresh Meadows, NY 11366","76-24 176th StFresh Meadows, NY 11366","New York","Queens County","76-24 176th St, Flushing, NY 11366, USA",40.7262631,-73.7937601,722.458712585661
"House for sale",849000,4,3,2184.207862,"Floral Park, NY 11001","257-21 87th AveFloral Park, NY 11001","New York","Queens County","257-21 87th Ave, Queens, NY 11001, USA",40.7314866,-73.7083076,388.699269318901
"Condo for sale",4275000,2,2,2184.207862,"Manhattan, NY 10019","110 Central Park S Apt 5AManhattan, NY 10019","New York County","New York","110 Central Park S #5a, New York, NY 10019, USA",40.765738,-73.9770652,1957.23130310754
"Co-op for sale",1550000,1,1,2184.207862,"New York, NY 10011","2 Fifth Ave Apt 3FNew York, NY 10011","New York County","New York","2 5th Ave #3f, New York, NY 10011, USA",40.7324629,-73.9972883,709.639419840162
"House for sale",489000,7,3,2500,"Bronx, NY 10470","4429 Matilda AveBronx, NY 10470","New York","Bronx County","4429 Matilda Ave, Bronx, NY 10470, USA",40.9000223,-73.8557587,195.6
"Co-op for sale",6700000,3,3,2184.207862,"Manhattan, NY 10024","300 Central Park W Apt 16BManhattan, NY 10024","New York County","New York","300 Central Park W #16b, New York, NY 10024, USA",40.7882884,-73.9674607,3067.47362124457
"Co-op for sale",319000,1,1,750,"Brooklyn, NY 11224","2928 W 5th St Apt 11SBrooklyn, NY 11224","Kings County","Brooklyn","2928 W 5th St #11d, Brooklyn, NY 11224, USA",40.5781785,-73.9733314,425.333333333333
"Townhouse for sale",10750000,10,10,6532,"New York, NY 10011","49 W 16th St Unit TownhouseNew York, NY 10011","New York","New York County","49 W 16th St, New York, NY 10011, USA",40.7385972,-73.9951773,1645.74402939375
"Co-op for sale",520000,1,1,730,"New York, NY 10021","444 E 75th St Apt 7HNew York, NY 10021","New York County","New York","444 E 75th St #7h, New York, NY 10021, USA",40.7685551,-73.9522955,712.328767123288
"Co-op for sale",715000,1,1,2184.207862,"Manhattan, NY 10011","54 W 16th St Apt 9GManhattan, NY 10011","New York County","New York","54 W 16th St #9g, New York, NY 10011, USA",40.7384289,-73.9956975,327.34979689401
"Co-op for sale",689000,1,1,1000,"New York, NY 10022","415 E 52nd St Apt 9ABNew York, NY 10022","New York County","New York","415 E 52nd St #9a, New York, NY 10022, USA",40.7548672,-73.964448,689
"Condo for sale",5750000,3,3,3700,"New York, NY 10002","259 Bowery Units 3 & 4New York, NY 10002","United States","New York","E Houston St, New York, NY 10002, USA",40.7231518,-73.9927218,1554.05405405405
"Co-op for sale",885000,1,1,2184.207862,"New York, NY 10022","225 E 57th St Apt 11MNew York, NY 10022","New York County","New York","225 E 57th St #11m, New York, NY 10022, USA",40.7600656,-73.9664566,405.181217134544
"House for sale",899000,4,2,1400,"Corona, NY 11368","35-13 103rd StCorona, NY 11368","Queens County","Queens","51-13 103rd St #35, Flushing, NY 11368, USA",40.7421716,-73.8582741,642.142857142857
"Co-op for sale",1250000,2,3,2184.207862,"New York, NY 10010","207 E 21st St Unit 4CDENew York, NY 10010","New York County","New York","207 E 21st St #4c, New York, NY 10010, USA",40.7374872,-73.9833473,572.289854709808
"Condo for sale",580000,1,2.37386085796844,2184.207862,"Queens, NY 11356","109-9 15th AveQueens, NY 11356","New York","Queens County","109-9 15th Ave, College Point, NY 11356, USA",40.7841619,-73.8570221,265.542492585351
"Co-op for sale",1825000,3,2,1500,"New York, NY 10023","315 W End Ave Apt 2BNew York, NY 10023","New York County","New York","315 West End Ave #2b, New York, NY 10023, USA",40.781741,-73.9834162,1216.66666666667
"Pending",249000,1,1,700,"Douglaston, NY 11362","57-07 246th Cres Unit 2Douglaston, NY 11362","Queens County","Queens","57-7 246th Crescent #2, Douglaston, NY 11362, USA",40.7576008,-73.7355418,355.714285714286
"House for sale",1175000,7,2.37386085796844,2184.207862,"Brooklyn, NY 11234","7322 Avenue MBrooklyn, NY 11234","New York","Kings County","7322 Avenue M, Brooklyn, NY 11234, USA",40.6260389,-73.9106991,537.952463427219
"Co-op for sale",232000,1,1,750,"East Elmhurst, NY 11369","32-22 89th St Unit 106EEast Elmhurst, NY 11369","Queens County","Queens","3222 89th St # 106, East Elmhurst, NY 11369, USA",40.7583699,-73.87924,309.333333333333
"Condo for sale",1100000,2,1,988,"Manhattan, NY 10025","318 W 100th St Apt 8BManhattan, NY 10025","New York County","New York","318 W 100th St #8b, New York, NY 10025, USA",40.7981209,-73.9726033,1113.36032388664
"Multi-family home for sale",1695000,6,4,2184.207862,"Astoria, NY 11105","21-08 21 RdAstoria, NY 11105","New York","Queens County","21-08 21st Rd, Astoria, NY 11105, USA",40.7811121,-73.9154299,776.025042986499
"Co-op for sale",3e+05,2,1,2184.207862,"Bronx, NY 10451","800 Grand Concourse Apt 3RSBronx, NY 10451","Bronx County","The Bronx","800 Grand Concourse #3r, Bronx, NY 10451, USA",40.8248699,-73.9229829,137.349565130354
"Condo for sale",4999000,2,2,1666,"New York, NY 10007","111 Murray St Apt 41BNew York, NY 10007","New York County","New York","111 Murray St #41b, New York, NY 10007, USA",40.715351,-74.0128441,3000.60024009604
"Multi-family home for sale",1690000,7,7,4600,"Corona, NY 11368","56-11 Van Cleef StCorona, NY 11368","New York","Queens County","56-11 Van Cleef St, Flushing, NY 11368, USA",40.7407623,-73.8521478,367.391304347826
"Multi-family home for sale",849999,4,2,2217,"Brooklyn, NY 11203","846 E 46th StBrooklyn, NY 11203","New York","Kings County","846 E 46th St, Brooklyn, NY 11203, USA",40.6405612,-73.9333874,383.400541271989
"Condo for sale",1695000,3,2,1827,"Brooklyn, NY 11238","475 Sterling Pl Apt 1BBrooklyn, NY 11238","Kings County","Brooklyn","475 Sterling Pl #1b, Brooklyn, NY 11238, USA",40.6745841,-73.9623868,927.750410509031
"Multi-family home for sale",3900000,4,4,2184.207862,"Brooklyn, NY 11238","366 Clermont AveBrooklyn, NY 11238","New York","Kings County","366 Clermont Ave, Brooklyn, NY 11238, USA",40.6869395,-73.9698033,1785.5443466946
"Multi-family home for sale",669000,2,1,2675,"Staten Island, NY 10302","166 Jewett AveStaten Island, NY 10302","New York","Richmond County","166 Jewett Ave, Staten Island, NY 10302, USA",40.6330311,-74.1301207,250.093457943925
"Multi-family home for sale",1900000,14,6,2184.207862,"Brooklyn, NY 11233","1792 Saint Johns PlBrooklyn, NY 11233","New York","Kings County","1792 St Johns Pl, Brooklyn, NY 11233, USA",40.6696983,-73.9181397,869.880579158908
"Co-op for sale",350000,3,1,2184.207862,"New York, NY 10022","319 E 50th St Apt 8FNew York, NY 10022","New York County","New York","319 E 50th St #8f, New York, NY 10022, USA",40.7546656,-73.9675207,160.241159318746
"Co-op for sale",875000,1,1,2184.207862,"Manhattan, NY 10012","77 Bleecker St Apt 505Manhattan, NY 10012","New York County","New York","77 Bleecker St Apt 505, New York, NY 10012, USA",40.7267155,-73.9958775,400.602898296865
"Co-op for sale",489000,3,1,2184.207862,"New York, NY 10128","9 E 96th St Unit 7CNew York, NY 10128","New York County","New York","9 E 96th St #7c, New York, NY 10128, USA",40.7877526,-73.9547413,223.879791162477
"Condo for sale",2800000,3,2,1687,"Manhattan, NY 10027","543 W 122nd St Apt 27AManhattan, NY 10027","New York County","New York","543 W 122nd St #27a, New York, NY 10027, USA",40.8115505,-73.959759,1659.7510373444
"Pending",949000,2,1,2184.207862,"Manhattan, NY 10027","440 Riverside Dr Apt 105Manhattan, NY 10027","New York County","New York","440 Riverside Dr Apt 105, New York, NY 10027, USA",40.8089034,-73.965519,434.482457695686
"Land for sale",675000,3,2.37386085796844,2184.207862,"Brooklyn, NY 11235","2932 Brighton 5th StBrooklyn, NY 11235","New York","Kings County","2932 Brighton 5th St, Brooklyn, NY 11235, USA",40.580329,-73.963661,309.036521543296
"Condo for sale",459000,1,1,548,"Brooklyn, NY 11235","3031 Brighton 5th St Unit 3CBrooklyn, NY 11235","Kings County","Brooklyn","3031 Brighton 5th St #3c, Brooklyn, NY 11235, USA",40.5786264,-73.9626111,837.591240875912
"Co-op for sale",899000,2,1,2184.207862,"New York, NY 10016","200 E 27th St Unit 8 /KNew York, NY 10016","New York County","New York","200 E 27th St Apt 8e, New York, NY 10016, USA",40.7412239,-73.9813712,411.590863507294
"Townhouse for sale",13650000,6,2,6800,"New York, NY 10021","180 E 73rd StNew York, NY 10021","New York","New York County","180 E 73rd St, New York, NY 10021, USA",40.7704277,-73.9609013,2007.35294117647
"Co-op for sale",2.1e+07,5,2.37386085796844,2184.207862,"New York, NY 10021","730 Park Ave # 9ANew York, NY 10021","New York County","New York","730 Park Ave #9a, New York, NY 10021, USA",40.7704869,-73.9648893,9614.46955912477
"Condo for sale",15900000,4,4,3698,"Manhattan, NY 10019","1 Central Park S Unit 1901Manhattan, NY 10019","New York County","New York","1 Central Park S #1901, New York, NY 10019, USA",40.7646573,-73.9744439,4299.62141698215
"Condo for sale",4995000,3,4,1960,"New York, NY 10019","100 Central Park S Unit 3ADNew York, NY 10019","New York County","New York","100 Central Park S #3a, New York, NY 10019, USA",40.7655919,-73.9766034,2548.4693877551
"Condo for sale",2250000,3,1,1710,"Manhattan, NY 10013","181 Hudson St Ste 2AManhattan, NY 10013","New York County","New York","181 Hudson St #2a, New York, NY 10013, USA",40.7228727,-74.0083077,1315.78947368421
"Condo for sale",989000,3,1,930,"Brooklyn, NY 11222","282A Nassau Ave Apt 3ABrooklyn, NY 11222","Kings County","Brooklyn","282A Nassau Ave #3a, Brooklyn, NY 11222, USA",40.7259961,-73.9393987,1063.44086021505
"Co-op for sale",309999,1,1,650,"Woodside, NY 11377","30-31 Hobart St Unit 3OWoodside, NY 11377","Queens County","Queens","30-31 Hobart St #3, Woodside, NY 11377, USA",40.7589055,-73.9064463,476.921538461538
"Condo for sale",4880000,3,3,2130,"Manhattan, NY 10018","400 Fifth Ave Unit 57EManhattan, NY 10018","New York County","New York","400 5th Ave APT 57E, New York, NY 10018, USA",40.7500989,-73.9838104,2291.07981220657
"Condo for sale",6e+05,1,1,830,"Flushing, NY 11355","132-35 Sanford Ave Unit LdFlushing, NY 11355","New York","Queens County","132- 35 Sanford Ave, Flushing, NY 11355, USA",40.7553537,-73.8319271,722.89156626506
"Condo for sale",5400000,3,4,2515,"New York, NY 10022","300 E 55th St Ph BNew York, NY 10022","New York","New York County","300 E 55th St, New York, NY 10022, USA",40.7577445,-73.9660563,2147.11729622266
"Co-op for sale",265000,1,1,2184.207862,"Bronx, NY 10471","5700 Arlington Ave Apt 21EBronx, NY 10471","Bronx County","The Bronx","5700 Arlington Ave #21e, Bronx, NY 10471, USA",40.9069228,-73.9062512,121.325449198479
"Co-op for sale",240000,1,1,750,"Forest Hills, NY 11375","102-17 64th Rd Unit 4FForest Hills, NY 11375","Queens County","Queens","102-17 64th Rd #4f, Forest Hills, NY 11375, USA",40.7314663,-73.8527035,320
"Townhouse for sale",1790000,4,5,2736,"Queens, NY 11101","12-07 40th Ave Unit MultiQueens, NY 11101","New York","Queens County","12-07 40th Ave, Long Island City, NY 11101, USA",40.7560084,-73.9423437,654.239766081871
"Co-op for sale",225000,1,1,622,"Brooklyn, NY 11223","387 Avenue S Apt 1FBrooklyn, NY 11223","Kings County","Brooklyn","387 Ave. S #1f, Brooklyn, NY 11223, USA",40.6022749,-73.9711068,361.736334405145
"Multi-family home for sale",1299000,6,2.37386085796844,3733,"Staten Island, NY 10310","433 Clove RdStaten Island, NY 10310","New York","Richmond County","433 Clove Rd, Staten Island, NY 10310, USA",40.6298438,-74.1233871,347.977497990892
"Condo for sale",1625000,1,2,995,"Manhattan, NY 10024","393 W End Ave Apt 8FManhattan, NY 10024","New York County","New York","393 West End Ave #8f, New York, NY 10024, USA",40.7842031,-73.9816026,1633.16582914573
"Co-op for sale",420000,3,1,2184.207862,"New York, NY 10016","225 E 36th St Apt 2HNew York, NY 10016","New York County","New York","225 E 36th St #2h, New York, NY 10016, USA",40.7466605,-73.9758035,192.289391182495
"Condo for sale",385000,2,1,910,"Staten Island, NY 10306","100 Colfax Ave Apt 3VStaten Island, NY 10306","Richmond County","Staten Island","100 Colfax Ave APT 3H, Staten Island, NY 10306, USA",40.5795495,-74.1077209,423.076923076923
"Multi-family home for sale",2720000,8,4,2184.207862,"Ridgewood, NY 11385","936 Seneca AveRidgewood, NY 11385","New York","Queens County","936 Seneca Ave, Flushing, NY 11385, USA",40.6999123,-73.9032008,1245.30272384854
"House for sale",1396000,4,4,2444,"Staten Island, NY 10306","49 Weed AveStaten Island, NY 10306","New York","Richmond County","49 Weed Ave, Staten Island, NY 10306, USA",40.5664524,-74.1051158,571.194762684124
"Multi-family home for sale",1195000,3,3,2400,"Brooklyn, NY 11234","5313 Avenue HBrooklyn, NY 11234","New York","Kings County","5313 Avenue H, Brooklyn, NY 11234, USA",40.6332797,-73.9249485,497.916666666667
"Co-op for sale",620000,3,1,2184.207862,"New York, NY 10023","80 Central Park W Apt 4GNew York, NY 10023","New York County","New York","80 Central Park W #4g, New York, NY 10023, USA",40.7740567,-73.9780672,283.855767936065
"Co-op for sale",3e+05,3,1,2184.207862,"New York, NY 10075","205 E 77th St Apt 11HNew York, NY 10075","New York County","New York","205 E 77th St #11h, New York, NY 10075, USA",40.7728867,-73.9575288,137.349565130354
"Co-op for sale",539000,1,1,2184.207862,"New York, NY 10022","420 E 55th St Apt 6LNew York, NY 10022","New York County","New York","420 E 55th St #6l, New York, NY 10022, USA",40.7562471,-73.9625705,246.771385350869
"Co-op for sale",599000,1,2,1025,"Manhattan, NY 10028","510 E 86th St Unit OffManhattan, NY 10028","New York","New York County","510 East 86th St, New York, NY 10028, USA",40.7754939,-73.9466592,584.390243902439
"Condo for sale",5200000,2,3,1394,"Manhattan, NY 10022","2 E 55th St Unit 1118Manhattan, NY 10022","New York","Manhattan","Regis Residence, 2 E 55th St #1118, New York, NY 10022, USA",40.761255,-73.9744834,3730.27259684362
"Co-op for sale",650000,1,1,2184.207862,"Manhattan, NY 10033","140 Cabrini Blvd Apt 82Manhattan, NY 10033","New York County","New York","140 Cabrini Blvd Apt 82, New York, NY 10033, USA",40.8532882,-73.939814,297.5907244491
"Co-op for sale",5600000,5,4,3200,"New York, NY 10028","983 Park Ave # 6CNew York, NY 10028","New York County","New York","983 Park Ave #6c, New York, NY 10028, USA",40.7781265,-73.9579786,1750
"Pending",7e+05,1,1,500,"New York, NY 10003","23 Waverly Pl # TNew York, NY 10003","New York","New York County","23 Waverly Pl, New York, NY 10003, USA",40.7304336,-73.9946441,1400
"Contingent",469000,3,2,1352,"Staten Island, NY 10303","28 Monsey PlStaten Island, NY 10303","New York","Richmond County","28 Monsey Pl, Staten Island, NY 10303, USA",40.6241938,-74.1500827,346.89349112426
"Co-op for sale",1950000,2,2,2184.207862,"New York, NY 10003","1 Fifth Ave Unit 2JNew York, NY 10003","New York County","New York","2 5th Ave # 1, New York, NY 10011, USA",40.7319226,-73.9968197,892.7721733473
"Co-op for sale",729888,2,2,1600,"Beechhurst, NY 11357","166-25 Powells Cove Blvd Unit 4CBeechhurst, NY 11357","Queens County","Queens","166-25 Powells Cove Blvd #4c, Whitestone, NY 11357, USA",40.7944231,-73.796598,456.18
"Multi-family home for sale",2225000,7,5,2184.207862,"Brooklyn, NY 11237","158 Stockholm StBrooklyn, NY 11237","New York","Kings County","158 Stockholm St, Brooklyn, NY 11237, USA",40.6992565,-73.9227784,1018.67594138346
"Multi-family home for sale",890000,6,5,2184.207862,"Bronx, NY 10468","2401 Walton AveBronx, NY 10468","New York","Bronx County","2401 Walton Ave, Bronx, NY 10468, USA",40.8610016,-73.9014141,407.470376553383
"House for sale",949000,4,2,2172,"Brooklyn, NY 11234","2430 E 71st StBrooklyn, NY 11234","New York","Kings County","2430 E 71st St, Brooklyn, NY 11234, USA",40.6142439,-73.9015473,436.924493554328
"House for sale",650000,3,2,1500,"Staten Island, NY 10306","54 Farrell CtStaten Island, NY 10306","New York","Richmond County","54 Farrell Ct, Staten Island, NY 10306, USA",40.5659163,-74.1274652,433.333333333333
"Townhouse for sale",16500000,5,6,5129,"New York, NY 10065","132 E 62nd StNew York, NY 10065","New York","New York County","132 E 62nd St, New York, NY 10065, USA",40.7641404,-73.9673899,3217.00136478846
"House for sale",579999,3,2,1152,"Staten Island, NY 10304","18 Vanderbilt AveStaten Island, NY 10304","New York","Richmond County","18 Vanderbilt Ave, Staten Island, NY 10304, USA",40.6219834,-74.073006,503.471354166667
"Land for sale",1499000,3,2.37386085796844,2184.207862,"Brooklyn, NY 11234","449 Mayfair Dr S Lot 9Brooklyn, NY 11234","Kings County","Brooklyn","449 Mayfair Dr S #9, Brooklyn, NY 11234, USA",40.6074231,-73.9078973,686.289993768002
"Co-op for sale",535000,3,2,1350,"Flushing, NY 11354","142-05 Roosevelt Ave Unit 225Flushing, NY 11354","Queens County","Queens","14205 Roosevelt Ave Apt 225, Flushing, NY 11354, USA",40.7607942,-73.8258766,396.296296296296
"Co-op for sale",1250000,2,2,1500,"Manhattan, NY 10065","125 E 63rd St Apt 4BManhattan, NY 10065","New York County","New York","125 E 63rd St #4b, New York, NY 10065, USA",40.7651694,-73.9667031,833.333333333333
"Multi-family home for sale",1388000,4,2,2520,"Brooklyn, NY 11229","1801 Ave WBrooklyn, NY 11229","New York","Kings County","1801 Avenue L, Brooklyn, NY 11230, USA",40.620978,-73.957202,550.793650793651
"Co-op for sale",845000,1,1,2184.207862,"New York, NY 10019","17 W 54th St Apt 3CNew York, NY 10019","New York County","New York","17 W 54th St #3c, New York, NY 10019, USA",40.7617971,-73.9766275,386.86794178383
"Condo for sale",550000,1,1,712,"Woodside, NY 11377","61-05 39th Ave Unit G3Woodside, NY 11377","Queens County","Queens","6105 39th Ave Apt G3, Flushing, NY 11377, USA",40.7472923,-73.902194,772.47191011236
"Multi-family home for sale",2599000,3,6,4662,"Brooklyn, NY 11221","102 Patchen AveBrooklyn, NY 11221","New York","Kings County","102 Patchen Ave, Brooklyn, NY 11221, USA",40.6883929,-73.9273243,557.486057486057
"Co-op for sale",498000,2,2,2184.207862,"Bayside, NY 11360","17-85 215 St Unit 6HBayside, NY 11360","Queens County","Queens","17-85 215th St #6k, Flushing, NY 11360, USA",40.7843012,-73.7761962,228.000278116387
"House for sale",840000,3,2,1675,"Bronx, NY 10469","1459 Waring AveBronx, NY 10469","New York","Bronx County","1459 Waring Ave, Bronx, NY 10469, USA",40.8611137,-73.8439969,501.492537313433
"Co-op for sale",2800000,2,2,2184.207862,"New York, NY 10021","23 E 74th St Apt 14FNew York, NY 10021","New York County","New York","23 E 74th St #14f, New York, NY 10021, USA",40.7734427,-73.9647171,1281.92927454997
"Co-op for sale",699000,1,1,2184.207862,"New York, NY 10023","235 W 70th St Apt 3ENew York, NY 10023","New York County","New York","235 W 70th St #3e, New York, NY 10023, USA",40.7780341,-73.9838802,320.024486753724
"Pending",225000,3,1,2184.207862,"Brooklyn, NY 11201","100 Remsen St Apt 1EBrooklyn, NY 11201","Kings County","Brooklyn","100 Remsen St #1e, Brooklyn, NY 11201, USA",40.6939582,-73.9943695,103.012173847765
"Co-op for sale",4995000,3,4,2184.207862,"New York, NY 10021","3 E 71st St Units 7 & 8CNew York, NY 10021","New York","New York County","3 E 71st St, New York, NY 10021, USA",40.771712,-73.9666841,2286.87025942039
"Condo for sale",2800000,3,3,3341,"Brooklyn, NY 11249","429 Kent Ave Unit L65Brooklyn, NY 11249","Kings County","Brooklyn","429 Kent Ave #65, Brooklyn, NY 11249, USA",40.7096014,-73.9682173,838.072433403173
"Townhouse for sale",4100000,5,3,2184.207862,"Manhattan, NY 10128","1390 Lexington AveManhattan, NY 10128","New York","New York County","1390 Lexington Ave, New York, NY 10128, USA",40.783095,-73.95318,1877.11072344817
"Condo for sale",725000,2,2,800,"Elmhurst, NY 11373","91-23 Corona Ave Unit 4FElmhurst, NY 11373","Queens County","Queens","91-23 Corona Ave. #4f, Flushing, NY 11373, USA",40.7427705,-73.8727516,906.25
"Co-op for sale",349999,2,1,873,"Brooklyn, NY 11235","3235 Emmons Ave Apt 721Brooklyn, NY 11235","Kings County","Brooklyn","3235 Emmons Ave Apt 721, Brooklyn, NY 11235, USA",40.5844399,-73.9316116,400.915234822451
"Co-op for sale",280000,2,1,1050,"Bronx, NY 10458","3000 Valentine Ave Apt 3BBronx, NY 10458","Bronx County","The Bronx","3000 Valentine Ave #3b, Bronx, NY 10458, USA",40.8724137,-73.8852231,266.666666666667
"Multi-family home for sale",689000,4,2,2184.207862,"Bronx, NY 10466","Paulding Ave and E 228th StBronx, NY 10466","United States","New York","E 228th St & Paulding Ave, Bronx, NY 10466, USA",40.8871714,-73.8506752,315.446167916046
"Condo for sale",595000,2,2,739,"Flushing, NY 11365","71-66 Parsons Blvd Unit 7FFlushing, NY 11365","Queens County","Queens","71-66 Parsons Blvd #7f, Flushing, NY 11365, USA",40.72843,-73.81141,805.142083897158
"Multi-family home for sale",3200000,6,2.37386085796844,4360,"Manhattan, NY 10031","413 W 145th St Unit 2FAMILYManhattan, NY 10031","New York","New York County","413 W 145th St, New York, NY 10031, USA",40.824532,-73.9455086,733.94495412844
"Townhouse for sale",15990000,8,8,6000,"Manhattan, NY 10075","175-177 E 78th StManhattan, NY 10075","New York County","New York","175 E 78th St #177, New York, NY 10075, USA",40.7740611,-73.9582952,2665
"Condo for sale",2350000,2,2,1428,"New York, NY 10016","88 Lexington Ave Apt 1602New York, NY 10016","New York County","New York","88 Lexington Ave Apt 1602, New York, NY 10016, USA",40.7417244,-73.9835246,1645.65826330532
"Co-op for sale",369000,1,1,2184.207862,"Bayside, NY 11360","18-05 215th St Unit 16CBayside, NY 11360","Queens County","Queens","18-05 215th St #16c, Bayside, NY 11360, USA",40.784673,-73.775263,168.939965110335
"Condo for sale",705000,1,1,631,"Queens, NY 11102","30-05 Vernon Blvd Unit 3EQueens, NY 11102","Queens County","Queens","30-05 Vernon Blvd #3e, Long Island City, NY 11102, USA",40.771526,-73.933747,1117.27416798732
"Townhouse for sale",599999,3,2,1800,"Staten Island, NY 10305","23 Tony CtStaten Island, NY 10305","New York","Richmond County","23 Tony Ct, Staten Island, NY 10305, USA",40.5916853,-74.0778219,333.332777777778
"Co-op for sale",488888,2,2,2184.207862,"Flushing, NY 11355","42-65 Kissena Blvd Unit 131Flushing, NY 11355","Queens County","Queens","4265 Kissena Blvd Apt 131, Flushing, NY 11355, USA",40.7560103,-73.8249483,223.828513991495
"Co-op for sale",6e+05,2,2,2184.207862,"Manhattan, NY 10035","1825 Madison Ave Apt 5FManhattan, NY 10035","New York County","New York","1825 Madison Ave #5b, New York, NY 10035, USA",40.8014385,-73.9434676,274.699130260708
"Condo for sale",1300000,2,2,1125,"Brooklyn, NY 11205","163 Taaffe Pl Apt 4Brooklyn, NY 11205","New York","Kings County","163 Taaffe Pl, Brooklyn, NY 11205, USA",40.6936119,-73.9599302,1155.55555555556
"Pending",925000,4,4,1672,"Staten Island, NY 10312","481 Genesee AveStaten Island, NY 10312","New York","Richmond County","481 Genesee Ave, Staten Island, NY 10312, USA",40.5522652,-74.1732406,553.22966507177
"Condo for sale",1675000,2,2,1294,"New York, NY 10065","340 E 64th St Apt 8RNew York, NY 10065","New York County","New York","340 E 64th St #8r, New York, NY 10065, USA",40.7631464,-73.9610896,1294.43585780525
"House for sale",499998,3,3,2184.207862,"Bronx, NY 10473","1102 Harding ParkBronx, NY 10473","New York","Bronx County","1102 Harding Park, Bronx, NY 10473, USA",40.8102178,-73.858745,228.915026220156
"Condo for sale",1395000,2,2,1065,"Queens, NY 11101","5-49 Borden Ave Unit 8GQueens, NY 11101","Queens County","Queens","5-49 Borden Ave #8a, Long Island City, NY 11101, USA",40.7417206,-73.9554071,1309.85915492958
"Co-op for sale",1450000,1,2,1100,"New York, NY 10010","4 Lexington Ave Apt 8BNew York, NY 10010","New York County","New York","4 Lexington Ave #8b, New York, NY 10010, USA",40.7388141,-73.9855043,1318.18181818182
"Multi-family home for sale",1488000,5,3,1920,"Woodside, NY 11377","48-44 65th PlWoodside, NY 11377","New York","Queens County","48-44 65th Pl, Flushing, NY 11377, USA",40.737193,-73.900139,775
"Co-op for sale",439000,3,1,2184.207862,"Manhattan, NY 10017","2 Tudor City Pl Apt 10MSManhattan, NY 10017","New York County","New York","2 Tudor City Pl #10m, New York, NY 10017, USA",40.7482797,-73.9715473,200.988196974085
"House for sale",674999,3,2,1310,"Staten Island, NY 10314","120 College AveStaten Island, NY 10314","New York","Richmond County","120 College Ave, Staten Island, NY 10314, USA",40.6213314,-74.1248873,515.26641221374
"Co-op for sale",3950000,3,2,2184.207862,"New York, NY 10012","684 Broadway Apt 10ENew York, NY 10012","New York County","New York","684 Broadway #10e, New York, NY 10012, USA",40.7278206,-73.9943458,1808.43594088299
"Co-op for sale",329000,1,1,681,"Floral Park, NY 11005","27110 Grand Central Pkwy Apt 6JFloral Park, NY 11005","Queens County","Queens","27110 Grand Central Pkwy #6j, Queens Village, NY 11005, USA",40.7564761,-73.7212008,483.113069016153
"House for sale",685000,3,2,1100,"Staten Island, NY 10312","5197 Amboy RdStaten Island, NY 10312","New York","Richmond County","5197 Amboy Rd, Staten Island, NY 10312, USA",40.5351707,-74.1837439,622.727272727273
"House for sale",589000,3,2,1785,"Bronx, NY 10473","1524 Harding ParkBronx, NY 10473","New York","Bronx County","1524 Harding Park, Bronx, NY 10473, USA",40.8086679,-73.857282,329.971988795518
"Co-op for sale",599000,3,1,2184.207862,"New York, NY 10024","15 W 84th St Apt 1JNew York, NY 10024","New York County","New York","15 W 84th St #1j, New York, NY 10024, USA",40.7845842,-73.9713866,274.24129837694
"Multi-family home for sale",1325000,4,2,2184.207862,"Middle Village, NY 11379","68-15 Eliot AveMiddle Village, NY 11379","New York","Queens County","68-15 Eliot Ave, Flushing, NY 11379, USA",40.7194145,-73.8918553,606.627245992396
"Condo for sale",2495000,1,2,1218,"New York, NY 10014","421 Hudson St Apt 807New York, NY 10014","New York County","New York","421 Hudson St APT 807, New York, NY 10014, USA",40.7298815,-74.0073131,2048.44006568145
"House for sale",1299999,6,2.37386085796844,2068,"Brooklyn, NY 11203","32 E 55th StBrooklyn, NY 11203","New York","Kings County","32 E 55th St, Brooklyn, NY 11203, USA",40.6575904,-73.9264561,628.626208897486
"Multi-family home for sale",1050000,6,4,2134,"Brooklyn, NY 11234","1470 Royce StBrooklyn, NY 11234","New York","Kings County","1470 Royce St, Brooklyn, NY 11234, USA",40.6231593,-73.9073789,492.03373945642
"House for sale",799000,3,1,2184.207862,"Brooklyn, NY 11203","1278 Schenectady AveBrooklyn, NY 11203","New York","Kings County","1278 Schenectady Ave, Brooklyn, NY 11203, USA",40.6414423,-73.9325148,365.807675130509
"Pending",399000,1,2,1341,"Floral Park, NY 11005","26910 Grand Central Pkwy Apt 2VFloral Park, NY 11005","Queens County","Queens","26910 Grand Central Pkwy #2b, Queens, NY 11005, USA",40.7577991,-73.7159564,297.539149888143
"Condo for sale",399000,1,1,771,"Flushing, NY 11367","152-72 Melbourne Ave Unit LeFlushing, NY 11367","New York","Queens County","152-72 Melbourne Ave, Flushing, NY 11367, USA",40.7335145,-73.8153016,517.509727626459
"Condo for sale",1095000,2,2,1200,"New York, NY 10005","50 Pine St Apt 12SNew York, NY 10005","New York County","New York","50 Pine St #12d, New York, NY 10005, USA",40.7069308,-74.0085978,912.5
"Condo for sale",14950000,4,4,4017,"New York, NY 10128","180 E 88th St Apt 46New York, NY 10128","New York County","New York","180 E 88th St Apt 46, New York, NY 10128, USA",40.780024,-73.9535283,3721.68284789644
"Condo for sale",1195000,1,1,600,"New York, NY 10011","222 W 14th St Apt 10ANew York, NY 10011","New York County","New York","222 W 14th St #10a, New York, NY 10011, USA",40.7389431,-74.0012691,1991.66666666667
"Co-op for sale",3e+05,3,1,2184.207862,"Jackson Heights, NY 11372","90-11 35 Ave Unit 4LJackson Heights, NY 11372","Queens County","Queens","90-11 35th Ave #4l, Flushing, NY 11372, USA",40.7528037,-73.876822,137.349565130354
"Co-op for sale",565000,1,1,2184.207862,"New York, NY 10022","433 E 56th St Apt 8ENew York, NY 10022","New York County","New York","433 E 56th St #8e, New York, NY 10022, USA",40.7572719,-73.9620424,258.675014328833
"Condo for sale",649000,3,2.37386085796844,2184.207862,"New York, NY 10022","220 E 60th St Ph GNew York, NY 10022","New York","New York County","220 E 60th St, New York, NY 10022, USA",40.761661,-73.9653315,297.132892565332
"Condo for sale",815000,3,2,1039,"Brooklyn, NY 11204","168 Avenue P Apt 8ABrooklyn, NY 11204","Kings County","Brooklyn","168 Avenue P #8a, Brooklyn, NY 11223, USA",40.6075821,-73.981924,784.408084696824
"Multi-family home for sale",1250000,5,5,2184.207862,"Ridgewood, NY 11385","60-66 Catalpa AveRidgewood, NY 11385","New York","Queens County","60-66 Catalpa Ave, Flushing, NY 11385, USA",40.7034595,-73.8968832,572.289854709808
"Condo for sale",3900000,2,2,1700,"New York, NY 10022","641 Fifth Ave Unit 30FNew York, NY 10022","New York County","New York","641 5th Ave #30H, New York, NY 10022, USA",40.7592091,-73.9760875,2294.11764705882
"Condo for sale",795000,2,1,759,"New York, NY 10075","215 E 80th St Apt 4FNew York, NY 10075","New York County","New York","215 E 80th St #4f, New York, NY 10075, USA",40.7747919,-73.9558198,1047.43083003953
"House for sale",970000,4,2,2185,"South Ozone Park, NY 11420","116-20 132nd StSouth Ozone Park, NY 11420","New York","Queens County","11620 132nd St, Jamaica, NY 11420, USA",40.6776259,-73.808058,443.935926773455
"Co-op for sale",478000,1,1,750,"Brooklyn, NY 11209","145 72nd St Apt A11Brooklyn, NY 11209","Kings County","Brooklyn","145 72nd St Apt A11, Brooklyn, NY 11209, USA",40.6347771,-74.0316533,637.333333333333
"Multi-family home for sale",999000,8,3,3786,"Bronx, NY 10456","1118 Jackson AveBronx, NY 10456","New York","Bronx County","1118 Jackson Ave, Bronx, NY 10456, USA",40.8273908,-73.9031371,263.866877971474
"House for sale",2499000,2,2,1471,"New York, NY 10021","234 E 70th St Apt 4New York, NY 10021","New York County","New York","234 E 70th St APT 4, New York, NY 10021, USA",40.76749,-73.9599095,1698.84432358939
"Contingent",669000,3,2,2115,"Staten Island, NY 10312","323 Getz AveStaten Island, NY 10312","New York","Richmond County","323 Getz Ave, Staten Island, NY 10312, USA",40.551553,-74.1646289,316.312056737589
"Co-op for sale",6900000,3,4,2184.207862,"New York, NY 10028","983 Park Ave # 5BNew York, NY 10028","New York County","New York","983 Park Ave #5b, New York, NY 10028, USA",40.7781265,-73.9579786,3159.03999799814
"House for sale",499000,2,1,992,"Bronx, NY 10466","4219 DE Reimer Ave Unit ABronx, NY 10466","New York","Bronx County","4219 De Reimer Ave, Bronx, NY 10466, USA",40.8960621,-73.8441692,503.024193548387
"Pending",1250000,2,2,2184.207862,"New York, NY 10011","13 W 13th St Apt 1ASNew York, NY 10011","New York County","New York","13 W 13th St #1a, New York, NY 10011, USA",40.7360052,-73.9950777,572.289854709808
"House for sale",1e+06,8,3,2184.207862,"Bronx, NY 10467","3560 Carlisle Pl Unit 2Bronx, NY 10467","New York","Bronx County","3560 Carlisle Pl, Bronx, NY 10467, USA",40.8781863,-73.8629257,457.831883767846
"Condo for sale",534900,1,1,654,"Brooklyn, NY 11235","2517 Voorhies Ave Unit 1HBrooklyn, NY 11235","Kings County","Brooklyn","2517 Voorhies Ave #1h, Brooklyn, NY 11235, USA",40.5869857,-73.9434887,817.889908256881
"Multi-family home for sale",1175000,6,3,2184.207862,"Brooklyn, NY 11236","1147 E 89th StBrooklyn, NY 11236","New York","Kings County","1147 E 89th St, Brooklyn, NY 11236, USA",40.6356515,-73.9018458,537.952463427219
"Multi-family home for sale",865000,5,3,1720,"Brooklyn, NY 11236","595 E 84th StBrooklyn, NY 11236","New York","Kings County","595 E 84th St, Brooklyn, NY 11236, USA",40.6408696,-73.9139282,502.906976744186
"Condo for sale",1249000,4,2,1605,"Queens, NY 11354","148-09 Northern Blvd Apt 4AQueens, NY 11354","New York","Queens County","148-09 Northern Blvd, Flushing, NY 11354, USA",40.7654814,-73.8178731,778.193146417446
"Pending",1500000,3,2,2184.207862,"Brooklyn, NY 11201","95 Pierrepont St # 1CDBrooklyn, NY 11201","Kings County","Brooklyn","95 Pierrepont St #1c, Brooklyn, NY 11201, USA",40.6955436,-73.9936975,686.747825651769
"Townhouse for sale",10750000,8,9,7327,"New York, NY 10065","141-143 E 63rd StNew York, NY 10065","New York","New York County","141 E 63rd St, New York, NY 10065, USA",40.764757,-73.965815,1467.17619762522
"Co-op for sale",495000,2,2,800,"Elmhurst, NY 11373","92-30 56 Ave Unit 1NElmhurst, NY 11373","Queens County","Queens","9230 56th Ave Apt 1b, Elmhurst, NY 11373, USA",40.7365199,-73.87008,618.75
"Co-op for sale",249000,3,1,2184.207862,"Elmhurst, NY 11373","74-02 43rd Ave Unit 6MElmhurst, NY 11373","Queens County","Queens","74-02 43rd Ave #6b, Elmhurst, NY 11373, USA",40.7420053,-73.8901926,114.000139058194
"Co-op for sale",319000,1,1,2184.207862,"Rego Park, NY 11374","98-120 Queens Blvd Unit 3FRego Park, NY 11374","Queens County","Queens","120 Queens Blvd #98, Rego Park, NY 11374, USA",40.726843,-73.85458,146.048370921943
"Co-op for sale",338000,1,1,800,"Rego Park, NY 11374","99-52 66 Rd Unit 11URego Park, NY 11374","Queens County","Queens","99-52 66th Rd #11b, Rego Park, NY 11374, USA",40.7282606,-73.852283,422.5
"Co-op for sale",1095000,3,2,2184.207862,"Manhattan, NY 10038","80 Gold St Apt 3BManhattan, NY 10038","New York County","New York","80 Gold St #3b, New York, NY 10038, USA",40.7093215,-74.003525,501.325912725792
"Condo for sale",625000,1,1,2184.207862,"Astoria, NY 11106","14-40 31 Ave Unit 2RAstoria, NY 11106","Queens County","Queens","14-40 31st Ave #2r, Astoria, NY 11106, USA",40.767458,-73.9308615,286.144927354904
"Condo for sale",1650000,2,2,1168,"Brooklyn, NY 11217","162 S Portland Ave Unit 2Brooklyn, NY 11217","Kings County","Brooklyn","162 S Portland Ave Unit 2, Brooklyn, NY 11217, USA",40.684488,-73.974384,1412.67123287671
"Condo for sale",1575000,1,2,1494,"Brooklyn, NY 11201","30 Main St Apt 4DBrooklyn, NY 11201","Kings County","Brooklyn","30 Main St #4d, Brooklyn, NY 11201, USA",40.702988,-73.9907803,1054.21686746988
"Condo for sale",459000,3,1,489,"Flushing, NY 11355","138-35 Elder Ave Unit 4DAFlushing, NY 11355","Queens County","Queens","138-35 Elder Ave #4a, Queens, NY 11355, USA",40.7528527,-73.8236711,938.650306748466
"Co-op for sale",6300000,2,2,2184.207862,"New York, NY 10065","825 Fifth Ave Apt 12CNew York, NY 10065","New York County","New York","825 5th Ave #12c, New York, NY 10065, USA",40.7670351,-73.970568,2884.34086773743
"Co-op for sale",375000,2,1,2184.207862,"Bronx, NY 10471","5900 Arlington Ave Apt 10HBronx, NY 10471","Bronx County","The Bronx","5900 Arlington Ave #10h, Bronx, NY 10471, USA",40.909252,-73.905421,171.686956412942
"Co-op for sale",749000,2,1,2184.207862,"Manhattan, NY 10017","314 E 41st St Apt 702BManhattan, NY 10017","New York County","New York","314 E 41st St Apt 702b, New York, NY 10017, USA",40.7488879,-73.9723947,342.916080942117
"Co-op for sale",410000,2,1,2184.207862,"Kew Gardens, NY 11415","84-51 Beverly Rd Unit 5SKew Gardens, NY 11415","Queens County","Queens","8451 Beverly Rd Apt 5f, Kew Gardens, NY 11415, USA",40.7076599,-73.83116,187.711072344817
"Co-op for sale",8100000,5,4,4000,"Manhattan, NY 10028","1010 5th Ave Unit 6AManhattan, NY 10028","New York County","New York","1010 5th Ave # 6a, New York, NY 10028, USA",40.7788691,-73.9621437,2025
"Multi-family home for sale",2200000,6,4,3240,"Brooklyn, NY 11237","422 Jefferson StBrooklyn, NY 11237","United States","New York","422 Jefferson St, Brooklyn, NY 11237, USA",40.7070524,-73.9232543,679.012345679012
"Co-op for sale",399000,1,1,681,"Brooklyn, NY 11209","138 71st St Apt A14Brooklyn, NY 11209","Kings County","Brooklyn","138 71st St Apt A14, Brooklyn, NY 11209, USA",40.6351164,-74.0311609,585.903083700441
"Pending",549000,6,4,2184.207862,"Elmhurst, NY 11373","40-45 95 StElmhurst, NY 11373","New York","Queens County","40-45 95th St, Elmhurst, NY 11373, USA",40.7478254,-73.8704979,251.349704188548
"Co-op for sale",625000,2,1,1025,"Jackson Heights, NY 11372","73-12 35 Ave Unit C25Jackson Heights, NY 11372","Queens County","Queens","73-12 35th Ave c 25, Jackson Heights, NY 11372, USA",40.7501671,-73.8924608,609.756097560976
"Pending",7e+05,2,2,1110,"Brooklyn, NY 11229","1769 E 13th St Apt 6BBrooklyn, NY 11229","Kings County","Brooklyn","1769 E 13th St #6b, Brooklyn, NY 11229, USA",40.6062808,-73.9595399,630.630630630631
"Contingent",495000,1,1,2184.207862,"New York, NY 10021","173 E 74th St Apt 3BNew York, NY 10021","New York County","New York","173 E 74th St #3b, New York, NY 10021, USA",40.7714539,-73.960022,226.626782465084
"Multi-family home for sale",1399995,6,5,2184.207862,"Brooklyn, NY 11233","29 Thomas S Boyland StBrooklyn, NY 11233","New York","Kings County","29 Thomas S Boyland St, Brooklyn, NY 11233, USA",40.6842265,-73.9145419,640.962348115566
"Co-op for sale",375000,1,1,920,"Brooklyn, NY 11209","9707 4th Ave Apt 3DBrooklyn, NY 11209","Kings County","Brooklyn","9707 4th Ave #3d, Brooklyn, NY 11209, USA",40.614285,-74.0315729,407.608695652174
"Co-op for sale",270000,1,1,2184.207862,"Jackson Heights, NY 11372","37-50 87th St Unit 4AJackson Heights, NY 11372","Queens County","Queens","37-50 87th St #4a, Jackson Heights, NY 11372, USA",40.7483992,-73.8795703,123.614608617318
"Condo for sale",389990,2,1,886,"Staten Island, NY 10306","100 Colfax Ave Apt 7UStaten Island, NY 10306","Richmond County","Staten Island","100 Colfax Ave #7u, Staten Island, NY 10306, USA",40.5795138,-74.1075247,440.169300225734
"Multi-family home for sale",1700000,3,2.37386085796844,2484,"Bronx, NY 10457","1991 Crotona AveBronx, NY 10457","New York","Bronx County","1991 Crotona Ave, Bronx, NY 10457, USA",40.8467545,-73.8903153,684.380032206119
"House for sale",7e+05,4,2,1890,"Bronx, NY 10466","919 E 224th StBronx, NY 10466","New York","Bronx County","919 E 224th St, Bronx, NY 10466, USA",40.885187,-73.854142,370.37037037037
"Co-op for sale",2695000,4,2,2184.207862,"New York, NY 10025","251 W 95th St Apt 5WNew York, NY 10025","New York County","New York","251 W 95th St #5b, New York, NY 10025, USA",40.7942368,-73.9726525,1233.85692675435
"Townhouse for sale",499000,3,2,1332,"Staten Island, NY 10314","633 Goethals Rd NStaten Island, NY 10314","New York","Richmond County","633 Goethals Rd N, Staten Island, NY 10314, USA",40.6167336,-74.1578631,374.624624624625
"Condo for sale",375000,3,1,500,"Bayside, NY 11360","2 Bay Club Dr Apt 14RBayside, NY 11360","Queens County","Queens","2 Bay Club Dr #14r, Bayside, NY 11360, USA",40.7781488,-73.782075,750
"Condo for sale",8950000,3,4,2367,"Manhattan, NY 10011","212 W 18th St Apt 17AManhattan, NY 10011","New York County","New York","212 W 18th St #17a, New York, NY 10011, USA",40.7412267,-73.9987741,3781.15758343895
"Co-op for sale",559000,2,1,2184.207862,"Manhattan, NY 10040","4523 Broadway Apt 7CManhattan, NY 10040","New York County","New York","4523 Broadway Apt 7b, New York, NY 10040, USA",40.8589654,-73.9316673,255.928023026226
"Condo for sale",3995000,3,3,1856,"New York, NY 10019","230 W 56th St Apt 65BNew York, NY 10019","New York","Manhattan","Random House Tower, 230 W 56th St APT 65B, New York, NY 10019, USA",40.7652485,-73.9824857,2152.47844827586
"Co-op for sale",695000,2,2,1800,"New York, NY 10022","303 E 57th St Apt 29ENew York, NY 10022","New York County","New York","303 E 57th St #29e, New York, NY 10022, USA",40.7595774,-73.964779,386.111111111111
"Multi-family home for sale",715000,4,2,2052,"Bronx, NY 10466","3935 Monticello AveBronx, NY 10466","New York","Bronx County","3935 Monticello Ave, Bronx, NY 10466, USA",40.8898133,-73.8379299,348.440545808967
"House for sale",929888,3,2,1070,"Floral Park, NY 11001","86-22 259th StFloral Park, NY 11001","New York","Queens County","86-22 259th St, Queens, NY 11001, USA",40.732592,-73.7077664,869.054205607477
"House for sale",948000,3,2,1368,"East Elmhurst, NY 11369","30-41 86th StEast Elmhurst, NY 11369","New York","Queens County","30-41 86th St, Flushing, NY 11369, USA",40.7604064,-73.882048,692.982456140351
"House for sale",999000,4,2,2184.207862,"Flushing, NY 11367","144-13 75th AveFlushing, NY 11367","New York","Queens County","144-13 75th Ave, Flushing, NY 11367, USA",40.7243644,-73.8198856,457.374051884078
"Multi-family home for sale",2499000,12,6,2184.207862,"Brooklyn, NY 11218","755 Coney Island AveBrooklyn, NY 11218","United States","New York","755 Coney Island Ave, Brooklyn, NY 11218, USA",40.6389895,-73.968352,1144.12187753585
"Multi-family home for sale",1025000,7,2,2400,"Bronx, NY 10461","1091 Pierce AveBronx, NY 10461","New York","Bronx County","1091 Pierce Ave, Bronx, NY 10461, USA",40.8464945,-73.850834,427.083333333333
"Co-op for sale",167999,1,1,2184.207862,"Bronx, NY 10461","3121 Middletown Rd Apt 6BBronx, NY 10461","Bronx County","The Bronx","3121 Middletown Rd #6b, Bronx, NY 10461, USA",40.8455961,-73.8264218,76.9152986411144
"Condo for sale",1345000,1,2,1010,"New York, NY 10128","170 E End Ave Apt 3KNew York, NY 10128","New York County","New York","170 East End Ave #3k, New York, NY 10128, USA",40.776099,-73.944343,1331.68316831683
"House for sale",634999,4,2,1732,"Bronx, NY 10470","4609 Richardson AveBronx, NY 10470","New York","Bronx County","4609 Richardson Ave, Bronx, NY 10470, USA",40.9028286,-73.8524821,366.627598152425
"Co-op for sale",1675000,2,2,1150,"New York, NY 10011","315 W 23rd St Apt 9DNew York, NY 10011","New York County","New York","315 W 23rd St #9d, New York, NY 10011, USA",40.7458303,-73.9991418,1456.52173913043
"Co-op for sale",410000,1,1,2184.207862,"Manhattan, NY 10025","255 W 108th St Apt 2EManhattan, NY 10025","New York County","New York","255 W 108th St #2a, New York, NY 10025, USA",40.8028416,-73.9670229,187.711072344817
"Condo for sale",3550000,4,4,2120,"Manhattan, NY 10027","543 W 122nd St Apt 21AManhattan, NY 10027","New York County","New York","543 W 122nd St #21a, New York, NY 10027, USA",40.8115505,-73.959759,1674.52830188679
"Co-op for sale",9e+05,1,1,2184.207862,"New York, NY 10028","401 E 86th St Apt 10ENew York, NY 10028","New York County","New York","401 East 86th St #10e, New York, NY 10028, USA",40.7768972,-73.9487946,412.048695391062
"Condo for sale",5500000,4,4,2670,"Manhattan, NY 10012","306 Mott St Apt 9Manhattan, NY 10012","New York County","New York","306 Mott St #9, New York, NY 10012, USA",40.7250022,-73.9938611,2059.92509363296
"Multi-family home for sale",6e+05,6,2,1634,"Bronx, NY 10460","1622 Adams StBronx, NY 10460","New York","Bronx County","1622 Adams St, Bronx, NY 10460, USA",40.8403637,-73.870081,367.197062423501
"Multi-family home for sale",2599000,8,2.37386085796844,3120,"Brooklyn, NY 11214","158 Bay 29th StBrooklyn, NY 11214","New York","Kings County","158 Bay 29th St, Brooklyn, NY 11214, USA",40.5992002,-73.9979142,833.012820512821
"Co-op for sale",288000,1,1,2184.207862,"Forest Hills, NY 11375","69-11 Yellowstone Blvd Unit A36Forest Hills, NY 11375","Queens County","Queens","6911 Yellowstone Blvd Apt A36, Forest Hills, NY 11375, USA",40.7245599,-73.84686,131.85558252514
"Condo for sale",2750000,2,2,1856,"New York, NY 10075","323 E 79th St Apt 3New York, NY 10075","New York County","New York","323 E 79th St #3, New York, NY 10075, USA",40.7730877,-73.9538262,1481.68103448276
"Co-op for sale",750000,2,1,920,"Manhattan, NY 10010","330 Third Ave Unit 9GManhattan, NY 10010","New York County","New York","330 3rd Ave Apt 9b, New York, NY 10010, USA",40.7398059,-73.982438,815.217391304348
"Co-op for sale",2150000,3,2,1800,"Manhattan, NY 10028","960 Park Ave Unit 1BManhattan, NY 10028","New York County","New York","960 Park Ave #1b, New York, NY 10028, USA",40.7779497,-73.959448,1194.44444444444
"Condo for sale",3995000,1,2,1560,"New York, NY 10010","23 E 22nd St # 11BNew York, NY 10010","New York County","New York","23 E 22nd St #11b, New York, NY 10010, USA",40.7403023,-73.9881731,2560.89743589744
"House for sale",1398000,4,2.37386085796844,2184.207862,"Flushing, NY 11358","28-26 160th StFlushing, NY 11358","New York","Queens County","28-26 160th St, Flushing, NY 11358, USA",40.771268,-73.8046173,640.048973507449
"Condo for sale",849000,2,2,937,"Brooklyn, NY 11230","733 Ocean Pkwy # 7CBrooklyn, NY 11230","Kings County","Brooklyn","733 Ocean Pkwy #7c, Brooklyn, NY 11230, USA",40.6305676,-73.9713098,906.083244397012
"Condo for sale",995000,1,1,971,"Brooklyn, NY 11238","856 Washington Ave Apt 6CBrooklyn, NY 11238","Kings County","Brooklyn","856 Washington Ave #6c, Brooklyn, NY 11238, USA",40.6725244,-73.9631215,1024.71678681771
"Co-op for sale",899000,2,1,940,"Manhattan, NY 10021","401 E 74th St Apt 12MManhattan, NY 10021","New York County","New York","401 E 74th St Apartment 12p, New York, NY 10021, USA",40.7691866,-73.9544795,956.382978723404
"Co-op for sale",519000,2,1,1100,"Brooklyn, NY 11235","2 W End Ave Unit L4Brooklyn, NY 11235","Kings County","Brooklyn","2 West End Ave Apt 4l, Brooklyn, NY 11235, USA",40.5813269,-73.9541649,471.818181818182
"Co-op for sale",659000,1,1,860,"New York, NY 10022","118 E 60th St Apt 11ENew York, NY 10022","New York County","New York","118 E 60th St #11e, New York, NY 10022, USA",40.7630774,-73.9685002,766.279069767442
"Condo for sale",1.5e+07,2,2,2625,"New York, NY 10022","432 Park Ave Apt 84ANew York, NY 10022","New York County","New York","432 Park Ave APT 84B, New York, NY 10022, USA",40.7615061,-73.9717996,5714.28571428571
"Multi-family home for sale",1080000,5,2,2570,"Bronx, NY 10465","1110 Clarence AveBronx, NY 10465","New York","Bronx County","1110 Clarence Ave, Bronx, NY 10465, USA",40.8360249,-73.8189088,420.233463035019
"Contingent",599000,1,1,578,"New York, NY 10004","20 West St Apt 15FNew York, NY 10004","New York County","New York","20 West St #15f, New York, NY 10004, USA",40.706541,-74.0158244,1036.3321799308
"Condo for sale",1195000,1,2,1330,"Brooklyn, NY 11211","214 N 11th St Apt 1BBrooklyn, NY 11211","Kings County","Brooklyn","214 N 11th St #1b, Brooklyn, NY 11211, USA",40.7187183,-73.9533885,898.496240601504
"Co-op for sale",1059000,2,2,2184.207862,"Manhattan, NY 10024","334 W 87th St Apt 7BManhattan, NY 10024","New York County","New York","334 W 87th St Apartment 7a, New York, NY 10024, USA",40.79001,-73.979014,484.843964910149
"Multi-family home for sale",1200000,9,2.37386085796844,2184.207862,"Bedford Stuyvesant, NY 11216","12 Hancock StBedford Stuyvesant, NY 11216","New York","Kings County","12 Hancock St, Brooklyn, NY 11216, USA",40.681739,-73.9553364,549.398260521416
"Condo for sale",490000,1,1,730,"Brooklyn, NY 11224","501 Surf Ave Apt 2NBrooklyn, NY 11224","Brooklyn","Coney Island","Brightwater Towers East, 501 Surf Ave #2n, Brooklyn, NY 11224, USA",40.5755355,-73.9735905,671.232876712329
"Co-op for sale",580000,1,1,712,"Manhattan, NY 10021","245 E 72nd St Apt 4EManhattan, NY 10021","New York County","New York","245 E 72nd St #4a, New York, NY 10021, USA",40.7692372,-73.9589033,814.606741573034
"Townhouse for sale",465000,3,2,1365,"Staten Island, NY 10303","40 Post LnStaten Island, NY 10303","New York","Richmond County","40 Post Ln, Staten Island, NY 10303, USA",40.638522,-74.1646289,340.659340659341
"Condo for sale",499500,3,1,2184.207862,"New York, NY 10022","401 E 60th St Apt 5PNew York, NY 10022","New York County","New York","401 E 60th St #5b, New York, NY 10022, USA",40.7603031,-73.9610497,228.687025942039
"Land for sale",225000,3,2.37386085796844,2184.207862,"Staten Island, NY 10312","229 Mosely AveStaten Island, NY 10312","New York","Richmond County","229 Mosely Ave, Staten Island, NY 10312, USA",40.541076,-74.1706195,103.012173847765
"Condo for sale",7995000,4,4,2697,"Manhattan, NY 10007","111 Murray St Apt 30WManhattan, NY 10007","New York County","New York","111 Murray St #30, New York, NY 10007, USA",40.715351,-74.0128441,2964.40489432703
"Co-op for sale",378023,3,1,2184.207862,"New York, NY 10010","301 E 22nd St Apt 2GNew York, NY 10010","New York County","New York","301 E 22nd St #2g, New York, NY 10010, USA",40.7371253,-73.9806613,173.070982197573
"Co-op for sale",309000,2,1,2184.207862,"Bronx, NY 10471","3935 Blackstone Ave Apt 3FBronx, NY 10471","Bronx County","The Bronx","3935 Blackstone Ave #3f, Bronx, NY 10471, USA",40.890384,-73.9117878,141.470052084264
"Co-op for sale",295500,1,1,2184.207862,"New York, NY 10463","3015 Riverdale Ave Apt 2ANew York, NY 10463","Bronx County","The Bronx","3015 Riverdale Ave #2a, Bronx, NY 10463, USA",40.8809305,-73.9107494,135.289321653399
"House for sale",2.1e+07,3,2.37386085796844,2184.207862,"New York, NY 10013","93 Grand StNew York, NY 10013","New York","New York County","93 Grand St, New York, NY 10013, USA",40.7213862,-74.0021063,9614.46955912477
"House for sale",749000,3,2,1080,"Staten Island, NY 10303","73 Westbrook AveStaten Island, NY 10303","New York","Richmond County","73 Westbrook Ave, Staten Island, NY 10303, USA",40.6266424,-74.1510397,693.518518518518
"Condop for sale",1125000,3,1,2184.207862,"New York, NY 10003","7 Second Ave Unit 3CNew York, NY 10003","New York County","New York","7 2nd Ave #3c, New York, NY 10003, USA",40.7240197,-73.9912901,515.060869238827
"Co-op for sale",795000,3,1,2184.207862,"Manhattan, NY 10014","720 Greenwich St Apt 9GManhattan, NY 10014","New York County","New York","720 Greenwich St #9g, New York, NY 10014, USA",40.7345988,-74.007273,363.976347595438
"Co-op for sale",872500,1,1,2184.207862,"New York, NY 10003","32 Gramercy Park S Apt 8BNew York, NY 10003","New York County","New York","32 Gramercy Pk S #8b, New York, NY 10003, USA",40.7369827,-73.984881,399.458318587446
"Condo for sale",654250,2,1,702,"Elmhurst, NY 11373","91-23 Corona Ave Unit 7AElmhurst, NY 11373","Queens County","Queens","91-23 Corona Ave. #7a, Flushing, NY 11373, USA",40.7427705,-73.8727516,931.980056980057
"House for sale",749000,3,2.37386085796844,2002,"Brooklyn, NY 11208","631 Essex StBrooklyn, NY 11208","New York","Kings County","631 Essex St, Brooklyn, NY 11208, USA",40.6681727,-73.8800267,374.125874125874
"Multi-family home for sale",699000,5,2.37386085796844,2090,"Bronx, NY 10467","723 E 211th StBronx, NY 10467","New York","Bronx County","723 E 211th St, Bronx, NY 10467, USA",40.8777409,-73.8647117,334.44976076555
"Condo for sale",1350000,1,2,822,"New York, NY 10282","2 River Ter Apt 3FNew York, NY 10282","New York County","New York","2 River Terrace #3f, New York, NY 10282, USA",40.7152964,-74.0160671,1642.33576642336
"Co-op for sale",460000,2,1,2184.207862,"Forest Hills, NY 11375","7502 Austin St Apt 3AForest Hills, NY 11375","Queens County","Queens","75-02 Austin St #3a, Forest Hills, NY 11375, USA",40.71712,-73.838966,210.602666533209
"Townhouse for sale",10500000,7,10,7040,"Manhattan, NY 10024","115-117 W 87th St Unit TownhouseManhattan, NY 10024","New York","New York County","115 W 87th St, New York, NY 10024, USA",40.7875734,-73.9721327,1491.47727272727
"House for sale",829999,3,2.37386085796844,1380,"Staten Island, NY 10308","284 Corbin AveStaten Island, NY 10308","New York","Richmond County","284 Corbin Ave, Staten Island, NY 10308, USA",40.5637062,-74.149755,601.448550724638
"Co-op for sale",1950000,2,2,1350,"Manhattan, NY 10023","246 W End Ave Apt 6AManhattan, NY 10023","New York County","New York","246 West End Ave Apt 6e, New York, NY 10023, USA",40.7790487,-73.984824,1444.44444444444
"Co-op for sale",740000,2,2,800,"New York, NY 10024","609 Columbus Ave Apt 14CNew York, NY 10024","New York County","New York","609 Columbus Ave #14c, New York, NY 10024, USA",40.7887084,-73.9700091,925
"Condo for sale",518000,1,1,2184.207862,"Flushing, NY 11367","152-18 Union Tpke Ph BFlushing, NY 11367","New York","Queens County","152-18 Union Tpke, Flushing, NY 11367, USA",40.7188694,-73.8111217,237.156915791744
"Co-op for sale",5e+05,1,1,2184.207862,"New York, NY 10002","100 Suffolk St Unit 1DDNew York, NY 10002","United States","New York","Suffolk St, New York, NY 10002, USA",40.717924,-73.9866468,228.915941883923
"Pending",1175000,3,1,1500,"New York, NY 10023","145 Central Park W Apt 1BNew York, NY 10023","New York County","New York","145 Central Park W #1b, New York, NY 10023, USA",40.7778949,-73.9750972,783.333333333333
"Co-op for sale",275000,2,1,815,"Bronx, NY 10451","800 Grand Concourse Apt GmsBronx, NY 10451","New York","Bronx County","800 Grand Concourse, Bronx, NY 10451, USA",40.8248699,-73.9229829,337.423312883436
"Co-op for sale",550000,3,1,2184.207862,"Manhattan, NY 10010","201 E 21st St Apt 2HManhattan, NY 10010","New York County","New York","201 E 21st St #2b, New York, NY 10010, USA",40.7375456,-73.9836965,251.807536072315
"Multi-family home for sale",2500000,3,2.37386085796844,4100,"New York, NY 10027","18 W 127th StNew York, NY 10027","New York","New York County","18 W 127th St, New York, NY 10027, USA",40.8079404,-73.942354,609.756097560976
"Multi-family home for sale",2e+06,8,2.37386085796844,2184.207862,"Brooklyn, NY 11204","2324 60th StBrooklyn, NY 11204","New York","Kings County","2324 60th St, Brooklyn, NY 11204, USA",40.6147578,-73.9757141,915.663767535693
"House for sale",975000,3,2,1400,"Brooklyn, NY 11235","2115 Kenmore CtBrooklyn, NY 11235","New York","Kings County","2115 Kenmore Ct, Brooklyn, NY 11235, USA",40.5856655,-73.9472452,696.428571428571
"Co-op for sale",279000,1,1,800,"Forest Hills, NY 11375","76-66 Austin St Unit 2OForest Hills, NY 11375","Queens County","Queens","7666 Austin St Apt 2m, Forest Hills, NY 11375, USA",40.7151999,-73.83611,348.75
"Pending",1058000,3,2,2184.207862,"Forest Hills, NY 11375","105-26 65th RdForest Hills, NY 11375","New York","Queens County","105-26 65th Rd, Flushing, NY 11375, USA",40.7303746,-73.8497286,484.386133026381
"Co-op for sale",3450000,3,4,1965,"New York, NY 10023","329 W 71st St Apt 4New York, NY 10023","New York County","New York","329 W 71st St Apt 4, New York, NY 10023, USA",40.7794765,-73.9854258,1755.72519083969
"Condo for sale",550000,2,2,721,"Elmhurst, NY 11373","60-70 Woodhaven Blvd Unit 3CElmhurst, NY 11373","Queens County","Queens","60-70 Woodhaven Blvd #3c, Elmhurst, NY 11373, USA",40.7301358,-73.871999,762.829403606103
"Multi-family home for sale",1499000,5,2,1520,"Flushing, NY 11358","42-22 191 StFlushing, NY 11358","New York","Queens County","42-22 191st St, Flushing, NY 11358, USA",40.7587767,-73.7908877,986.184210526316
"Multi-family home for sale",1299999,4,2,2184.207862,"Long Island City, NY 11106","33-54 10th StLong Island City, NY 11106","New York","Queens County","33-54 10th St, Astoria, NY 11106, USA",40.7660607,-73.9381315,595.180991066316
"Co-op for sale",219000,1,1,2184.207862,"Little Neck, NY 11362","54-44 Litttle Neck Pkwy Unit 3PLittle Neck, NY 11362","Queens County","Queens","54-44 Little Neck Pkwy #3, Little Neck, NY 11362, USA",40.7657774,-73.7254213,100.265182545158
"Condo for sale",2600000,3,2,1729,"New York, NY 10003","242 E 15th St Apt 1New York, NY 10003","New York County","New York","242 E 15th St APT 1, New York, NY 10003, USA",40.733031,-73.9850368,1503.75939849624
"House for sale",825900,3,2,1923,"Staten Island, NY 10314","50 Sleepy Hollow RdStaten Island, NY 10314","New York","Richmond County","50 Sleepy Hollow Rd, Staten Island, NY 10314, USA",40.594143,-74.1658674,429.485179407176
"Co-op for sale",370000,1,1,680,"Brooklyn, NY 11213","850 Saint Marks Ave Apt 2JBrooklyn, NY 11213","Kings County","Brooklyn","850 St Marks Ave #2j, Brooklyn, NY 11213, USA",40.6747162,-73.944828,544.117647058824
"House for sale",569000,2,1,840,"Brooklyn, NY 11208","765 Shepherd AveBrooklyn, NY 11208","New York","Kings County","765 Shepherd Ave, Brooklyn, NY 11208, USA",40.6656889,-73.8773179,677.380952380952
"Multi-family home for sale",890000,4,3,2184.207862,"Brooklyn, NY 11208","21 Adler PlBrooklyn, NY 11208","New York","Kings County","21 Adler Pl, Brooklyn, NY 11208, USA",40.6850983,-73.8717463,407.470376553383
"Pending",555000,3,2.37386085796844,2184.207862,"Staten Island, NY 10309","780 Stafford AveStaten Island, NY 10309","New York","Richmond County","780 Stafford Ave, Staten Island, NY 10309, USA",40.5403437,-74.2041065,254.096695491155
"Multi-family home for sale",799000,3,2,2184.207862,"Brooklyn, NY 11236","8324 Glenwood RdBrooklyn, NY 11236","New York","Kings County","8324 Glenwood Rd, Brooklyn, NY 11236, USA",40.638624,-73.911936,365.807675130509
"Multi-family home for sale",2300000,3,3,2355,"Brooklyn, NY 11214","2502 84th StBrooklyn, NY 11214","United States","New York","2502 84th St, Brooklyn, NY 11214, USA",40.5988298,-73.9859643,976.645435244161
"House for sale",799000,3,2,1989,"Brooklyn, NY 11212","217 Remsen AveBrooklyn, NY 11212","New York","Kings County","217 Remsen Ave, Brooklyn, NY 11212, USA",40.6592604,-73.9267735,401.709401709402
"Condo for sale",2500000,2,2,1111,"Brooklyn, NY 11249","49 N 8th St Apt 6EBrooklyn, NY 11249","Kings County","Brooklyn","49 N 8th St #6e, Brooklyn, NY 11249, USA",40.7208528,-73.9609091,2250.22502250225
"Multi-family home for sale",799000,6,2.37386085796844,2000,"Bronx, NY 10470","4568 Carpenter AveBronx, NY 10470","New York","Bronx County","4568 Carpenter Ave, Bronx, NY 10470, USA",40.9027802,-73.8540588,399.5
"Condo for sale",349000,2,1,2184.207862,"Ozone Park, NY 11416","97-52 75th St Unit B42Ozone Park, NY 11416","New York","Queens County","97-52 75th St, Ozone Park, NY 11416, USA",40.6797517,-73.8624978,159.783327434978
"Pending",1299999,6,5,3608,"Queens, NY 11694","557 Beach 129th StQueens, NY 11694","New York","Queens County","557 Beach 129th St, Rockaway Park, NY 11694, USA",40.5812073,-73.8512446,360.310144124169
"Multi-family home for sale",1380000,12,3,2681,"Jamaica, NY 11432","164-08 85th AveJamaica, NY 11432","New York","Queens County","164-08 85th Ave, Jamaica, NY 11432, USA",40.712448,-73.800851,514.73330846699
"Co-op for sale",4750000,3,2.37386085796844,2969,"New York, NY 10128","1175 Park Ave Unit 1CNew York, NY 10128","New York County","New York","1175 Park Ave #1c, New York, NY 10128, USA",40.7843921,-73.9538405,1599.8652745032
"Co-op for sale",285000,1,1,2184.207862,"Woodside, NY 11377","51-42 30 Ave Unit 2Woodside, NY 11377","Queens County","Queens","51-42 30th Ave. #2, Woodside, NY 11377, USA",40.7586944,-73.9049161,130.482086873836
"Condo for sale",789000,3,2.37386085796844,800,"New York, NY 10013","109 Lafayette St Rm 502New York, NY 10013","New York County","New York","109 Lafayette St RM 502, New York, NY 10013, USA",40.7179262,-74.0005942,986.25
"Co-op for sale",370000,3,1,2184.207862,"New York, NY 10022","342 E 53rd St Apt 6CNew York, NY 10022","New York County","New York","342 E 53rd St #6c, New York, NY 10022, USA",40.7558223,-73.9655138,169.397796994103
"Multi-family home for sale",1700000,3,7,7854,"Brooklyn, NY 11232","448 40th StBrooklyn, NY 11232","New York","Kings County","448 40th St, Brooklyn, NY 11232, USA",40.6512221,-74.0057802,216.450216450216
"Co-op for sale",1950000,2,4,2184.207862,"New York, NY 10021","700 Park Ave Unit 20ANew York, NY 10021","New York County","New York","700 Park Ave #20a, New York, NY 10021, USA",40.7694785,-73.9653889,892.7721733473
"Condo for sale",945000,2,2,903,"Manhattan, NY 10030","2351 Adam Clayton Powell Jr Blvd Apt 614Manhattan, NY 10030","New York County","New York","2351 Adam Clayton Powell Jr Blvd Apartment 614, New York, NY 10030, USA",40.816711,-73.94205,1046.51162790698
"Multi-family home for sale",2999999,15,9,3600,"Brooklyn, NY 11224","2825-2827 W 15th StBrooklyn, NY 11224","New York","Kings County","2825 W 15th St, Brooklyn, NY 11224, USA",40.5784496,-73.9827389,833.333055555556
"Co-op for sale",599000,1,1,2184.207862,"Manhattan, NY 10075","222 E 80th St Apt 3AManhattan, NY 10075","New York County","New York","222 E 80th St #3a, New York, NY 10075, USA",40.77435,-73.955879,274.24129837694
"Co-op for sale",245000,1,1,2184.207862,"Rego Park, NY 11374","97-40 62 Dr Unit LgRego Park, NY 11374","New York","Queens County","97-40 62nd Dr, Rego Park, NY 11374, USA",40.7325379,-73.8601516,112.168811523122
"Co-op for sale",1275000,1,1,2184.207862,"New York, NY 10011","427 W 21st St Unit GardenNew York, NY 10011","New York","New York County","427 W 21st St, New York, NY 10011, USA",40.7458817,-74.0033976,583.735651804004
"Condo for sale",598125,2,1,655,"Elmhurst, NY 11373","91-23 Corona Ave Unit 4GElmhurst, NY 11373","Queens County","Queens","91-23 Corona Ave. #4b, Flushing, NY 11373, USA",40.7427705,-73.8727516,913.167938931298
"Co-op for sale",349000,1,1,750,"Brooklyn, NY 11224","460 Neptune Ave Apt 14OBrooklyn, NY 11224","Kings County","Brooklyn","460 Neptune Ave #14a, Brooklyn, NY 11224, USA",40.579147,-73.9709488,465.333333333333
